productId,name,cleanName,imageUrl,categoryId,groupId,url,modifiedOn,imageCount,extCardText,extUPC,lowPrice,midPrice,highPrice,marketPrice,directLowPrice,subTypeName,extRarity,extNumber,extCardType,extHP,extStage,extAttack1,extWeakness,extResistance,extRetreatCost,extAttack2
551930,Pokemon TCG: Battle Academy 2024,Pokemon TCG Battle Academy 2024,https://tcgplayer-cdn.tcgplayer.com/product/551930_200w.jpg,3,23520,https://cpt.tcgcsv.com/DNq6,2024-06-21T04:03:19.65,1,"Join the Pokémon Trainers at the Battle Academy!
Prepare for a Pokémon battle with the read-to-play Pokémon Trading Card Game Battle Academy! The Battle Academy includes everything two players need to play, with guides to the decks so your first game is easy to follow.
<br>Battle Academy box comes with a two-player game board, three 60-card decks featuring Pikachu ex, Armarouge ex and Darkrai ex, tutorial guides, and gameplay accessories.
<br><br>
The Pokémon TCG Battle Academy includes:
<br>• 3 complete Pokémon TCG decks (60 cards each)
<br>• Each deck includes a powerful special Pokémon: Pikachu ex, Armarouge ex and Darkrai ex
<br>• 2 tutorial guides to play right away
<br>• 1 two-player game board
<br>• 3 deck boxes to keep the cards organized
<br>• 1 rulebook
<br>• 1 large metallic coin
<br>• 1 set of damage counters
<br>• A code card for the Pokémon Trading Card Game Online",0820650856952,40.0,59.98,84.99,35.25,,Normal,,,,,,,,,,
556442,Code Card - Battle Academy 2024,Code Card Battle Academy 2024,https://tcgplayer-cdn.tcgplayer.com/product/556442_200w.jpg,3,23520,https://cpt.tcgcsv.com/SBs6,2024-06-21T18:32:59.843,1,"This listing is <strong>not</strong> a physical item. Please keep in mind that this <strong>Code Card</strong> listing represents a digital copy of the stated item for the Pokémon TCG Online <strong>and/or</strong> the Pokémon TCG Live games. You may receive the physical <strong>Code Card</strong>. Upon purchase, please work with your specific Seller by sending them a message using the <strong>Contact Seller</strong> button on the order details in your <a href=https://store.tcgplayer.com/myaccount/orderhistory>Order History</a> to opt in to having your <strong>Code Card</strong> code delivered digitally due to the nature of the product.",,0.12,0.16,0.19,0.18,,Normal,Code Card,,,,,,,,,
556443,Pikachu ex (Pikachu 60),Pikachu ex Pikachu 60,https://tcgplayer-cdn.tcgplayer.com/product/556443_200w.jpg,3,23520,https://cpt.tcgcsv.com/TBs6,2024-06-21T18:42:52.09,1,,,8.15,10.98,18.0,9.05,,Holofoil,Holo Rare,106,Lightning,200,Basic,[LLC] Thunderbolt (120),Fx2,None,1,
556444,Darkrai ex (Darkrai),Darkrai ex Darkrai,https://tcgplayer-cdn.tcgplayer.com/product/556444_200w.jpg,3,23520,https://cpt.tcgcsv.com/VBs6,2024-06-21T18:49:13.217,1,,,5.84,7.32,15.0,6.54,,Holofoil,Holo Rare,110,Darkness,210,Basic,[DC] Wind of Darkness (40),Gx2,None,2,[DDC] Night Impact (110)
556445,Armarouge ex (Armarouge 60),Armarouge ex Armarouge 60,https://tcgplayer-cdn.tcgplayer.com/product/556445_200w.jpg,3,23520,https://cpt.tcgcsv.com/WBs6,2024-06-21T18:50:52.177,1,,,1.28,2.74,5.0,2.6,,Holofoil,Holo Rare,105,Fire,260,Stage 1,"[RRC] Armor Cannon (200)
<br>Discard a R Energy from this Pokemon",Wx2,None,2,
556815,Bisharp - Darkrai Deck,Bisharp Darkrai Deck,https://tcgplayer-cdn.tcgplayer.com/product/556815_200w.jpg,3,23520,https://cpt.tcgcsv.com/kLs6,2024-06-24T17:45:47.517,1,,,0.15,0.25,1.49,0.17,,Normal,Promo,112,Darkness,100,Stage 1,[D] Cut (30),Gx2,None,1,
556818,Boss's Orders - Darkrai Deck,Bosss Orders Darkrai Deck,https://tcgplayer-cdn.tcgplayer.com/product/556818_200w.jpg,3,23520,https://cpt.tcgcsv.com/nLs6,2024-06-24T17:48:32.987,1,Switch 1 of your opponent's Benched Pokémon with their Active Pokémon.<br><br> You may play only 1 Supporter card during your turn.,,0.7,1.57,2.57,1.55,,Normal,Rare,172/193,Trainer - Supporter,,,,,,,
556821,Cyclizar - Darkrai Deck,Cyclizar Darkrai Deck,https://tcgplayer-cdn.tcgplayer.com/product/556821_200w.jpg,3,23520,https://cpt.tcgcsv.com/rLs6,2024-06-24T17:51:30.747,1,,,0.09,0.16,1.99,0.16,,Normal,Rare,164/193,Colorless,110,Basic,"[1] Touring
<br>
Draw 2 cards.",Fx2,None,,[3] Speed Attack (100)
556825,Basic Darkness Energy - Darkrai Deck,Basic Darkness Energy Darkrai Deck,https://tcgplayer-cdn.tcgplayer.com/product/556825_200w.jpg,3,23520,https://cpt.tcgcsv.com/wLs6,2024-06-24T19:57:09.8,1,,,0.07,0.14,0.3,0.13,,Normal,Common,007,Basic Darkness Energy,,,,,,,
556829,Great Ball - Darkrai Deck,Great Ball Darkrai Deck,https://tcgplayer-cdn.tcgplayer.com/product/556829_200w.jpg,3,23520,https://cpt.tcgcsv.com/CLs6,2024-06-24T17:57:41.16,1,"Look at the top 7 cards of your deck. You may reveal a Pokemon you find there and put it into your hand. Shuffle the other cards back into your deck.
<br><br>
You may play as many Item cards as you like during your turn.",,0.05,0.15,0.99,0.12,,Normal,Common,183/193,Trainer - Item,,,,,,,
556832,Jacq - Darkrai Deck,Jacq Darkrai Deck,https://tcgplayer-cdn.tcgplayer.com/product/556832_200w.jpg,3,23520,https://cpt.tcgcsv.com/GLs6,2024-06-24T17:59:25.6,1,"Search your deck for up to 2 Evolution Pokémon, reveal them, and put them into your hand. Then, shuffle your deck.
<br><br>
You may play only 1 Supporter card during your turn.",,0.45,0.63,4.74,0.63,,Normal,Uncommon,175/198,Trainer - Supporter,,,,,,,
556835,Kingambit - Darkrai Deck,Kingambit Darkrai Deck,https://tcgplayer-cdn.tcgplayer.com/product/556835_200w.jpg,3,23520,https://cpt.tcgcsv.com/KLs6,2024-06-24T18:05:29.45,1,,,0.26,0.5,1.5,0.5,,Normal,Promo,113,Darkness,170,Stage 2,[D] Elbow Strike (40),Gx2,None,2,[1D] Slicing Blade (100)
556845,Nemona - Darkrai Deck,Nemona Darkrai Deck,https://tcgplayer-cdn.tcgplayer.com/product/556845_200w.jpg,3,23520,https://cpt.tcgcsv.com/WLs6,2024-06-24T18:18:53.99,1,"Draw 3 cards.
<br><br>You may play only 1 Supporter card during your turn.",,0.05,0.15,0.99,0.12,,Normal,Common,180/198,Trainer - Supporter,,,,,,,
556849,Nest Ball - Darkrai Deck,Nest Ball Darkrai Deck,https://tcgplayer-cdn.tcgplayer.com/product/556849_200w.jpg,3,23520,https://cpt.tcgcsv.com/_Ls6,2024-06-24T18:22:07.077,1,"Search your deck for a Basic Pokémon and put it onto your Bench. Then, shuffle your deck.
<br><br>You may play any number of Item cards during your turn.",,0.24,0.54,1.6,0.56,,Normal,Uncommon,181/198,Trainer - Item,,,,,,,
556854,Pawniard - Darkrai Deck,Pawniard Darkrai Deck,https://tcgplayer-cdn.tcgplayer.com/product/556854_200w.jpg,3,23520,https://cpt.tcgcsv.com/6Ms6,2024-06-24T18:24:13.867,1,,,0.18,0.25,1.99,0.2,,Normal,Promo,111,Darkness,70,Basic,[D] Pierce (10),Gx2,None,1,
556861,Picnicker - Darkrai Deck,Picnicker Darkrai Deck,https://tcgplayer-cdn.tcgplayer.com/product/556861_200w.jpg,3,23520,https://cpt.tcgcsv.com/fMs6,2025-06-16T17:22:44.953,1,"Flip a coin. If heads, draw 4 cards. If tails, draw 2 cards.
<br><br>You may play only 1 Supporter card during your turn.",,0.09,0.3,2.49,0.27,,Normal,Promo,114,Trainer - Supporter,,,,,,,
556871,Potion - Darkrai Deck,Potion Darkrai Deck,https://tcgplayer-cdn.tcgplayer.com/product/556871_200w.jpg,3,23520,https://cpt.tcgcsv.com/rMs6,2024-06-24T18:32:12.593,1,"Heal 30 damage from 1 of your Pokémon.
<br><br>You may play any number of Item cards during your turn.",,0.05,0.21,2.64,0.21,,Normal,Common,188/198,Trainer - Item,,,,,,,
556879,Ampharos - Pikachu 47,Ampharos Pikachu 47,https://tcgplayer-cdn.tcgplayer.com/product/556879_200w.jpg,3,23520,https://cpt.tcgcsv.com/CMs6,2024-06-24T18:47:50.767,1,,,0.75,1.0,4.99,1.06,,Normal,Promo,109,Lightning,160,Stage 2,[L][C] Electric Ball (110),Fx2,None,2,
556880,Ampharos - Pikachu 28,Ampharos Pikachu 28,https://tcgplayer-cdn.tcgplayer.com/product/556880_200w.jpg,3,23520,https://cpt.tcgcsv.com/DMs6,2024-06-24T18:48:56.527,1,,,2.0,2.19,3.05,2.07,,Normal,Promo,109,Lightning,160,Stage 2,[L][C] Electric Ball (110),Fx2,None,2,
556884,Electric Generator - Pikachu 32,Electric Generator Pikachu 32,https://tcgplayer-cdn.tcgplayer.com/product/556884_200w.jpg,3,23520,https://cpt.tcgcsv.com/JMs6,2024-06-24T18:51:56.823,1,Look at the top 5 cards of your deck and attach up to 2 basic [L] Energy cards you find there to your Benched [L] Pokemon in any way you like. Shuffle the other cards back into your deck.,,0.09,0.22,1.49,0.13,,Normal,Uncommon,170/198,Item,,,,,,,
556885,Salandit - Darkrai Deck,Salandit Darkrai Deck,https://tcgplayer-cdn.tcgplayer.com/product/556885_200w.jpg,3,23520,https://cpt.tcgcsv.com/KMs6,2024-06-24T18:52:21.597,1,,,0.05,0.17,1.99,0.13,,Normal,Common,139/197,Darkness,70,Basic,[D] Suffocating Gas (10),Fx2,None,1,[1D] Scratch (30)
556886,Electrode - Pikachu 56,Electrode Pikachu 56,https://tcgplayer-cdn.tcgplayer.com/product/556886_200w.jpg,3,23520,https://cpt.tcgcsv.com/LMs6,2024-06-24T18:53:55.39,1,,,0.05,0.17,1.99,0.16,,Normal,Uncommon,067/193,Lightning,90,Stage 1,[L] Lightning Ball (60),Fx2,,1,[C][C][C] Rolling Tackle (90)
556887,Electrode - Pikachu 6,Electrode Pikachu 6,https://tcgplayer-cdn.tcgplayer.com/product/556887_200w.jpg,3,23520,https://cpt.tcgcsv.com/MMs6,2024-06-24T18:54:22.103,1,,,0.05,0.19,1.99,0.15,,Normal,Uncommon,067/193,Lightning,90,Stage 1,[L] Lightning Ball (60),Fx2,,1,[C][C][C] Rolling Tackle (90)
556888,Salazzle - Darkrai Deck,Salazzle Darkrai Deck,https://tcgplayer-cdn.tcgplayer.com/product/556888_200w.jpg,3,23520,https://cpt.tcgcsv.com/NMs6,2024-06-24T18:54:26.573,1,,,0.07,0.15,1.99,0.13,,Normal,Uncommon,140/197,Darkness,120,Stage 1,[D] Suffocating Gas (40),Fx2,None,1,[1D] Gentle Slap (70)
556889,Electrode - Pikachu 25,Electrode Pikachu 25,https://tcgplayer-cdn.tcgplayer.com/product/556889_200w.jpg,3,23520,https://cpt.tcgcsv.com/PMs6,2024-06-24T18:54:39.963,1,,,0.05,0.22,18.37,0.16,,Normal,Uncommon,067/193,Lightning,90,Stage 1,[L] Lightning Ball (60),Fx2,,1,[C][C][C] Rolling Tackle (90)
556890,Basic Lightning Energy - Pikachu 3,Basic Lightning Energy Pikachu 3,https://tcgplayer-cdn.tcgplayer.com/product/556890_200w.jpg,3,23520,https://cpt.tcgcsv.com/QMs6,2024-06-24T18:56:42.75,1,,,0.01,0.15,6.55,0.14,,Normal,Common,004,Basic Lightning Energy,,,,,,,
556891,Seviper - Darkrai Deck,Seviper Darkrai Deck,https://tcgplayer-cdn.tcgplayer.com/product/556891_200w.jpg,3,23520,https://cpt.tcgcsv.com/RMs6,2024-06-24T18:58:08.14,1,,,0.08,0.16,1.99,0.14,,Normal,Uncommon,137/193,Darkness,110,Basic,[1] Sharp Fang (40),Fx2,None,1,"[1D] Cross-Cut (50+)
<br>If your opponent's Active Pokémon is an Evolution Pokémon, this attack does 50 more damage."
556892,Basic Lightning Energy - Pikachu 4,Basic Lightning Energy Pikachu 4,https://tcgplayer-cdn.tcgplayer.com/product/556892_200w.jpg,3,23520,https://cpt.tcgcsv.com/SMs6,2024-06-24T18:58:51.167,1,,,0.01,0.15,0.49,0.13,,Normal,Common,004,Basic Lightning Energy,,,,,,,
556893,Switch - Darkrai Deck,Switch Darkrai Deck,https://tcgplayer-cdn.tcgplayer.com/product/556893_200w.jpg,3,23520,https://cpt.tcgcsv.com/TMs6,2024-06-24T18:59:57.687,1,"Switch your Active Pokémon with 1 of your Benched Pokémon.
<br><br>You may play any number of Item cards during your turn.",,0.05,0.15,0.99,0.14,,Normal,Common,194/198,Trainer - Item,,,,,,,
556894,Basic Lightning Energy - Pikachu 8,Basic Lightning Energy Pikachu 8,https://tcgplayer-cdn.tcgplayer.com/product/556894_200w.jpg,3,23520,https://cpt.tcgcsv.com/VMs6,2024-06-24T19:00:58.72,1,,,0.01,0.14,0.49,0.14,,Normal,Common,004,Basic Lightning Energy,,,,,,,
556895,Basic Lightning Energy - Pikachu 9,Basic Lightning Energy Pikachu 9,https://tcgplayer-cdn.tcgplayer.com/product/556895_200w.jpg,3,23520,https://cpt.tcgcsv.com/WMs6,2024-06-24T19:01:23.553,1,,,0.01,0.15,0.49,0.16,,Normal,Common,004,Basic Lightning Energy,,,,,,,
556896,Basic Lightning Energy - Pikachu 10,Basic Lightning Energy Pikachu 10,https://tcgplayer-cdn.tcgplayer.com/product/556896_200w.jpg,3,23520,https://cpt.tcgcsv.com/XMs6,2024-06-24T19:01:53.067,1,,,0.01,0.14,0.49,0.14,,Normal,Common,004,Basic Lightning Energy,,,,,,,
556897,Basic Lightning Energy - Pikachu 11,Basic Lightning Energy Pikachu 11,https://tcgplayer-cdn.tcgplayer.com/product/556897_200w.jpg,3,23520,https://cpt.tcgcsv.com/ZMs6,2024-06-24T19:02:05.24,1,,,0.01,0.15,6.55,0.14,,Normal,Common,004,Basic Lightning Energy,,,,,,,
556898,Basic Lightning Energy - Pikachu 12,Basic Lightning Energy Pikachu 12,https://tcgplayer-cdn.tcgplayer.com/product/556898_200w.jpg,3,23520,https://cpt.tcgcsv.com/-Ms6,2024-06-24T19:02:17.89,1,,,0.01,0.15,0.49,0.13,,Normal,Common,004,Basic Lightning Energy,,,,,,,
556899,Basic Lightning Energy - Pikachu 16,Basic Lightning Energy Pikachu 16,https://tcgplayer-cdn.tcgplayer.com/product/556899_200w.jpg,3,23520,https://cpt.tcgcsv.com/_Ms6,2024-06-24T19:02:29.44,1,,,0.01,0.15,0.49,0.1,,Normal,Common,004,Basic Lightning Energy,,,,,,,
556900,Basic Lightning Energy - Pikachu 20,Basic Lightning Energy Pikachu 20,https://tcgplayer-cdn.tcgplayer.com/product/556900_200w.jpg,3,23520,https://cpt.tcgcsv.com/0Ns6,2024-06-24T19:02:49.053,1,,,0.01,0.15,6.55,0.14,,Normal,Common,004,Basic Lightning Energy,,,,,,,
556901,Basic Lightning Energy - Pikachu 22,Basic Lightning Energy Pikachu 22,https://tcgplayer-cdn.tcgplayer.com/product/556901_200w.jpg,3,23520,https://cpt.tcgcsv.com/2Ns6,2024-06-24T19:03:38.09,1,,,0.01,0.15,0.49,0.08,,Normal,Common,004,Basic Lightning Energy,,,,,,,
556902,Basic Lightning Energy - Pikachu 24,Basic Lightning Energy Pikachu 24,https://tcgplayer-cdn.tcgplayer.com/product/556902_200w.jpg,3,23520,https://cpt.tcgcsv.com/3Ns6,2024-06-24T19:04:07.24,1,,,0.01,0.15,0.49,0.14,,Normal,Common,004,Basic Lightning Energy,,,,,,,
556903,Basic Lightning Energy - Pikachu 27,Basic Lightning Energy Pikachu 27,https://tcgplayer-cdn.tcgplayer.com/product/556903_200w.jpg,3,23520,https://cpt.tcgcsv.com/5Ns6,2024-06-24T19:05:01.57,1,,,0.01,0.15,0.49,0.14,,Normal,Common,004,Basic Lightning Energy,,,,,,,
556904,Basic Lightning Energy - Pikachu 31,Basic Lightning Energy Pikachu 31,https://tcgplayer-cdn.tcgplayer.com/product/556904_200w.jpg,3,23520,https://cpt.tcgcsv.com/6Ns6,2024-06-24T19:05:13.62,1,,,0.01,0.15,6.55,0.1,,Normal,Common,004,Basic Lightning Energy,,,,,,,
556905,Basic Lightning Energy - Pikachu 35,Basic Lightning Energy Pikachu 35,https://tcgplayer-cdn.tcgplayer.com/product/556905_200w.jpg,3,23520,https://cpt.tcgcsv.com/7Ns6,2024-06-24T19:05:27.153,1,,,0.01,0.15,0.49,0.1,,Normal,Common,004,Basic Lightning Energy,,,,,,,
556906,Basic Lightning Energy - Pikachu 39,Basic Lightning Energy Pikachu 39,https://tcgplayer-cdn.tcgplayer.com/product/556906_200w.jpg,3,23520,https://cpt.tcgcsv.com/8Ns6,2024-06-24T19:05:48.16,1,,,0.01,0.15,0.49,0.1,,Normal,Common,004,Basic Lightning Energy,,,,,,,
556907,Basic Lightning Energy - Pikachu 43,Basic Lightning Energy Pikachu 43,https://tcgplayer-cdn.tcgplayer.com/product/556907_200w.jpg,3,23520,https://cpt.tcgcsv.com/9Ns6,2024-06-24T19:06:00.673,1,,,0.01,0.15,0.49,0.14,,Normal,Common,004,Basic Lightning Energy,,,,,,,
556908,Basic Lightning Energy - Pikachu 48,Basic Lightning Energy Pikachu 48,https://tcgplayer-cdn.tcgplayer.com/product/556908_200w.jpg,3,23520,https://cpt.tcgcsv.com/bNs6,2024-06-24T19:06:16.3,1,,,0.01,0.15,6.55,0.16,,Normal,Common,004,Basic Lightning Energy,,,,,,,
556909,Youngster - Darkrai Deck,Youngster Darkrai Deck,https://tcgplayer-cdn.tcgplayer.com/product/556909_200w.jpg,3,23520,https://cpt.tcgcsv.com/cNs6,2024-06-24T19:08:04.4,1,"Shuffle your hand into your deck. Then, draw 5 cards.
<br><br>You may play only 1 Supporter card during your turn.",,0.05,0.15,0.99,0.11,,Normal,Uncommon,198/198,Trainer - Supporter,,,,,,,
556910,Flaaffy - Pikachu 5,Flaaffy Pikachu 5,https://tcgplayer-cdn.tcgplayer.com/product/556910_200w.jpg,3,23520,https://cpt.tcgcsv.com/dNs6,2024-06-24T19:09:06.67,1,,,0.25,0.44,1.25,0.46,,Normal,Promo,108,Lightning,90,Stage 1,[L] Headbutt (20),Fx2,None,2,[L][C] Electro Ball (50)
556911,Flaaffy - Pikachu 37,Flaaffy Pikachu 37,https://tcgplayer-cdn.tcgplayer.com/product/556911_200w.jpg,3,23520,https://cpt.tcgcsv.com/fNs6,2024-06-24T19:09:32.263,1,,,0.25,0.5,1.0,0.4,,Normal,Promo,108,Lightning,90,Stage 1,[L] Headbutt (20),Fx2,None,2,[L][C] Electro Ball (50)
556912,Flaaffy - Pikachu 53,Flaaffy Pikachu 53,https://tcgplayer-cdn.tcgplayer.com/product/556912_200w.jpg,3,23520,https://cpt.tcgcsv.com/gNs6,2024-06-24T19:09:52.377,1,,,0.15,0.32,0.99,0.32,,Normal,Promo,108,Lightning,90,Stage 1,[L] Headbutt (20),Fx2,None,2,[L][C] Electro Ball (50)
556913,Great Ball - Pikachu 29,Great Ball Pikachu 29,https://tcgplayer-cdn.tcgplayer.com/product/556913_200w.jpg,3,23520,https://cpt.tcgcsv.com/hNs6,2024-06-24T19:11:26.11,1,Look at the top 7 cards of your deck. You may reveal a Pokémon you find there and put it into your hand. Shuffle the other cards back into your deck.,,0.05,0.15,0.99,0.11,,Normal,Common,183/193,Item,,,,,,,
556914,Great Ball - Pikachu 38,Great Ball Pikachu 38,https://tcgplayer-cdn.tcgplayer.com/product/556914_200w.jpg,3,23520,https://cpt.tcgcsv.com/jNs6,2024-06-24T19:12:02.4,1,Look at the top 7 cards of your deck. You may reveal a Pokémon you find there and put it into your hand. Shuffle the other cards back into your deck.,,0.05,0.15,0.99,0.13,,Normal,Common,183/193,Item,,,,,,,
556915,Great Ball - Pikachu 49,Great Ball Pikachu 49,https://tcgplayer-cdn.tcgplayer.com/product/556915_200w.jpg,3,23520,https://cpt.tcgcsv.com/kNs6,2024-06-24T19:12:22.23,1,Look at the top 7 cards of your deck. You may reveal a Pokémon you find there and put it into your hand. Shuffle the other cards back into your deck.,,0.05,0.15,0.99,0.13,,Normal,Common,183/193,Item,,,,,,,
556916,Great Ball - Pikachu 57,Great Ball Pikachu 57,https://tcgplayer-cdn.tcgplayer.com/product/556916_200w.jpg,3,23520,https://cpt.tcgcsv.com/lNs6,2024-06-24T19:12:37.887,1,Look at the top 7 cards of your deck. You may reveal a Pokémon you find there and put it into your hand. Shuffle the other cards back into your deck.,,0.05,0.13,0.99,0.12,,Normal,Common,183/193,Item,,,,,,,
556917,Yveltal - Darkrai Deck,Yveltal Darkrai Deck,https://tcgplayer-cdn.tcgplayer.com/product/556917_200w.jpg,3,23520,https://cpt.tcgcsv.com/mNs6,2024-06-24T19:15:45.833,1,,,0.12,0.24,1.99,0.19,,Normal,Rare,118/182,Darkness,130,Basic,"[2] Cross-Cut (30+)
<br>If your opponent's Active Pokémon is an Evolution Pokémon, this attack does 60 more damage.",Lx2,F-30,2,"[1DD] Dark Edge (120)
<br>Discard an Energy from this Pokémon."
556919,Jacq - Pikachu 51,Jacq Pikachu 51,https://tcgplayer-cdn.tcgplayer.com/product/556919_200w.jpg,3,23520,https://cpt.tcgcsv.com/pNs6,2024-06-24T19:42:17.133,1,"Search your deck for up to 2 Evolution Pokemon, reveal them, and put them into your hand. Then, shuffle your deck.",,0.25,0.54,4.74,0.53,,Normal,Uncommon,175/198,Supporter,,,,,,,
556920,Potion - Pikachu 15,Potion Pikachu 15,https://tcgplayer-cdn.tcgplayer.com/product/556920_200w.jpg,3,23520,https://cpt.tcgcsv.com/qNs6,2024-06-24T19:45:41.583,1,"Heal 30 damage from 1 of your Pokémon.
<br><br>You may play any number of Item cards during your turn.",,0.05,0.17,0.99,0.12,,Normal,Common,188/192,Trainer - Item,,,,,,,
556921,Potion - Pikachu 18,Potion Pikachu 18,https://tcgplayer-cdn.tcgplayer.com/product/556921_200w.jpg,3,23520,https://cpt.tcgcsv.com/rNs6,2024-06-24T19:46:12.153,1,"Heal 30 damage from 1 of your Pokémon.
<br><br>You may play any number of Item cards during your turn.",,0.05,0.15,0.99,0.14,,Normal,Common,188/192,Trainer - Item,,,,,,,
556922,Kilowattrel - Pikachu 40,Kilowattrel Pikachu 40,https://tcgplayer-cdn.tcgplayer.com/product/556922_200w.jpg,3,23520,https://cpt.tcgcsv.com/sNs6,2024-06-24T19:46:28.713,1,,,0.05,0.21,0.78,0.15,,Normal,Uncommon,082/193,Lightning,120,Stage 1,[C] Peck (20),Lx2,F-30,,"[C][C][C] Jet Wing (150) During your next turn, this Pokemon can't attack."
556923,Mareep - Pikachu 19,Mareep Pikachu 19,https://tcgplayer-cdn.tcgplayer.com/product/556923_200w.jpg,3,23520,https://cpt.tcgcsv.com/tNs6,2024-06-24T19:48:23.17,1,,,0.15,0.29,1.25,0.27,,Normal,Promo,107,Lightning,60,Basic,[L] Headbutt (10),Fx2,,1,[L][C] Lightning Ball (20)
556924,Mareep - Pikachu 41,Mareep Pikachu 41,https://tcgplayer-cdn.tcgplayer.com/product/556924_200w.jpg,3,23520,https://cpt.tcgcsv.com/vNs6,2024-06-24T19:48:48.63,1,,,0.15,0.29,1.0,0.27,,Normal,Promo,107,Lightning,60,Basic,[L] Headbutt (10),Fx2,,1,[L][C] Lightning Ball (20)
556925,Rotom - Pikachu 14,Rotom Pikachu 14,https://tcgplayer-cdn.tcgplayer.com/product/556925_200w.jpg,3,23520,https://cpt.tcgcsv.com/wNs6,2024-06-24T19:48:59.513,1,,,0.05,0.17,1.99,0.15,,Normal,Common,069/198,Lightning,60,Basic,"[1] Linear Attack
<br>This attack does 20 damage to 1 of your opponent's Pokémon. <em>(Don't apply Weakness and Resistance for Benched Pokémon.)</em>",Fx2,None,1,
556926,Mareep - Pikachu 45,Mareep Pikachu 45,https://tcgplayer-cdn.tcgplayer.com/product/556926_200w.jpg,3,23520,https://cpt.tcgcsv.com/xNs6,2024-06-24T19:49:04.047,1,,,0.15,0.33,1.1,0.3,,Normal,Promo,107,Lightning,60,Basic,[L] Headbutt (10),Fx2,,1,[L][C] Lightning Ball (20)
556927,Mareep - Pikachu 2,Mareep Pikachu 2,https://tcgplayer-cdn.tcgplayer.com/product/556927_200w.jpg,3,23520,https://cpt.tcgcsv.com/zNs6,2024-06-24T19:49:18.91,1,,,0.25,0.35,2.99,0.28,,Normal,Promo,107,Lightning,60,Basic,[L] Headbutt (10),Fx2,,1,[L][C] Lightning Ball (20)
556928,Switch - Pikachu 36,Switch Pikachu 36,https://tcgplayer-cdn.tcgplayer.com/product/556928_200w.jpg,3,23520,https://cpt.tcgcsv.com/BNs6,2024-06-24T19:50:46.95,1,"Switch your Active Pokémon with 1 of your Benched Pokémon.
<br><br>You may play any number of Item cards during your turn.",,0.05,0.16,0.99,0.13,,Normal,Common,194/198,Trainer - Item,,,,,,,
556929,Miraidon - Pikachu 23,Miraidon Pikachu 23,https://tcgplayer-cdn.tcgplayer.com/product/556929_200w.jpg,3,23520,https://cpt.tcgcsv.com/CNs6,2024-06-24T19:51:13.693,1,,,1.0,1.84,4.99,1.77,,Normal,Promo,148,Lightning,120,Basic,[L] Electric Claws (30),Fx2,,1,[L][L] Mach Bolt (60)
556930,Nemona - Pikachu 13,Nemona Pikachu 13,https://tcgplayer-cdn.tcgplayer.com/product/556930_200w.jpg,3,23520,https://cpt.tcgcsv.com/DNs6,2024-06-24T19:52:35.427,1,Draw 3 cards.,,0.05,0.15,0.99,0.13,,Normal,Common,180/198,Supporter,,,,,,,
556931,Switch - Pikachu 52,Switch Pikachu 52,https://tcgplayer-cdn.tcgplayer.com/product/556931_200w.jpg,3,23520,https://cpt.tcgcsv.com/FNs6,2024-06-24T19:52:35.593,1,"Switch your Active Pokémon with 1 of your Benched Pokémon.
<br><br>You may play any number of Item cards during your turn.",,0.05,0.17,0.99,0.12,,Normal,Common,194/198,Trainer - Item,,,,,,,
556932,Nemona - Pikachu 33,Nemona Pikachu 33,https://tcgplayer-cdn.tcgplayer.com/product/556932_200w.jpg,3,23520,https://cpt.tcgcsv.com/GNs6,2024-06-24T19:52:53.713,1,Draw 3 cards.,,0.05,0.17,0.99,0.11,,Normal,Common,180/198,Supporter,,,,,,,
556933,Nemona - Pikachu 42,Nemona Pikachu 42,https://tcgplayer-cdn.tcgplayer.com/product/556933_200w.jpg,3,23520,https://cpt.tcgcsv.com/HNs6,2024-06-24T19:53:12.15,1,Draw 3 cards.,,0.05,0.2,0.99,0.15,,Normal,Common,180/198,Supporter,,,,,,,
556934,Nemona - Pikachu 54,Nemona Pikachu 54,https://tcgplayer-cdn.tcgplayer.com/product/556934_200w.jpg,3,23520,https://cpt.tcgcsv.com/JNs6,2024-06-24T19:53:31.197,1,Draw 3 cards.,,0.05,0.16,0.99,0.13,,Normal,Common,180/198,Supporter,,,,,,,
556935,Picnicker - Pikachu 26,Picnicker Pikachu 26,https://tcgplayer-cdn.tcgplayer.com/product/556935_200w.jpg,3,23520,https://cpt.tcgcsv.com/KNs6,2024-06-24T19:54:39.23,1,"Flip a coin. If heads, draw 4 cards. If tails, draw 2 cards.",,0.1,0.24,2.49,0.23,,Normal,Promo,114,Supporter,,,,,,,
556936,Picnicker - Pikachu 46,Picnicker Pikachu 46,https://tcgplayer-cdn.tcgplayer.com/product/556936_200w.jpg,3,23520,https://cpt.tcgcsv.com/LNs6,2024-06-24T19:55:01.423,1,"Flip a coin. If heads, draw 4 cards. If tails, draw 2 cards.",,0.05,0.24,2.49,0.19,,Normal,Promo,114,Supporter,,,,,,,
556937,Voltorb - Pikachu 1,Voltorb Pikachu 1,https://tcgplayer-cdn.tcgplayer.com/product/556937_200w.jpg,3,23520,https://cpt.tcgcsv.com/MNs6,2024-06-24T19:59:27.32,1,,,0.05,0.19,1.99,0.17,,Normal,Common,066/193,Lightning,70,Basic,[L] Lightning Ball (10),Fx2,None,1,[2] Rollout (20)
556938,Nest Ball - Pikachu 44,Nest Ball Pikachu 44,https://tcgplayer-cdn.tcgplayer.com/product/556938_200w.jpg,3,23520,https://cpt.tcgcsv.com/NNs6,2024-06-24T19:56:08.587,1,"Search your deck for a Basic Pokemon and put it onto your Bench. Then, shuffle your deck.",,0.25,0.55,1.88,0.55,,Normal,Uncommon,181/198,Item,,,,,,,
556939,Voltorb - Pikachu 30,Voltorb Pikachu 30,https://tcgplayer-cdn.tcgplayer.com/product/556939_200w.jpg,3,23520,https://cpt.tcgcsv.com/PNs6,2024-06-24T19:59:31.41,1,,,0.05,0.16,1.99,0.13,,Normal,Common,066/193,Lightning,70,Basic,[L] Lightning Ball (10),Fx2,None,1,[2] Rollout (20)
556940,Voltorb - Pikachu 34,Voltorb Pikachu 34,https://tcgplayer-cdn.tcgplayer.com/product/556940_200w.jpg,3,23520,https://cpt.tcgcsv.com/QNs6,2024-06-24T19:59:36.357,1,,,0.05,0.15,0.35,0.15,,Normal,Common,066/193,Lightning,70,Basic,[L] Lightning Ball (10),Fx2,None,1,[2] Rollout (20)
556941,Voltorb - Pikachu 55,Voltorb Pikachu 55,https://tcgplayer-cdn.tcgplayer.com/product/556941_200w.jpg,3,23520,https://cpt.tcgcsv.com/RNs6,2024-06-24T19:59:45.277,1,,,0.05,0.16,1.99,0.16,,Normal,Common,066/193,Lightning,70,Basic,[L] Lightning Ball (10),Fx2,None,1,[2] Rollout (20)
556942,Wattrel - Pikachu 17,Wattrel Pikachu 17,https://tcgplayer-cdn.tcgplayer.com/product/556942_200w.jpg,3,23520,https://cpt.tcgcsv.com/SNs6,2024-06-24T20:01:26.9,1,,,0.05,0.16,1.99,0.12,,Normal,Common,077/193,Lightning,50,Basic,"[1] Collect
<br>Draw a card.",Lx2,F-30,1,[1L] Glide (20)
556943,Wattrel - Pikachu 58,Wattrel Pikachu 58,https://tcgplayer-cdn.tcgplayer.com/product/556943_200w.jpg,3,23520,https://cpt.tcgcsv.com/TNs6,2024-06-24T20:01:52.413,1,,,0.05,0.16,1.99,0.09,,Normal,Common,077/193,Lightning,50,Basic,"[1] Collect
<br>Draw a card.",Lx2,F-30,1,[1L] Glide (20)
556944,Youngster - Pikachu 21,Youngster Pikachu 21,https://tcgplayer-cdn.tcgplayer.com/product/556944_200w.jpg,3,23520,https://cpt.tcgcsv.com/VNs6,2024-06-24T20:02:55.053,1,"Shuffle your hand into your deck. Then, draw 5 cards.
<br><br>You may play only 1 Supporter card during your turn.",,0.05,0.18,0.99,0.1,,Normal,Uncommon,198/198,Trainer - Supporter,,,,,,,
556946,Youngster - Pikachu 50,Youngster Pikachu 50,https://tcgplayer-cdn.tcgplayer.com/product/556946_200w.jpg,3,23520,https://cpt.tcgcsv.com/XNs6,2024-06-24T20:03:22.343,1,"Shuffle your hand into your deck. Then, draw 5 cards.
<br><br>You may play only 1 Supporter card during your turn.",,0.05,0.18,0.99,0.1,,Normal,Uncommon,198/198,Trainer - Supporter,,,,,,,
556947,Youngster - Pikachu 59,Youngster Pikachu 59,https://tcgplayer-cdn.tcgplayer.com/product/556947_200w.jpg,3,23520,https://cpt.tcgcsv.com/ZNs6,2024-06-24T20:04:15.373,1,"Shuffle your hand into your deck. Then, draw 5 cards.
<br><br>You may play only 1 Supporter card during your turn.",,0.05,0.15,0.77,0.13,,Normal,Uncommon,198/198,Trainer - Supporter,,,,,,,
557004,Charcadet - Armarouge 13,Charcadet Armarouge 13,https://tcgplayer-cdn.tcgplayer.com/product/557004_200w.jpg,3,23520,https://cpt.tcgcsv.com/6Qs6,2024-06-25T17:00:52.877,1,,,0.05,0.24,1.99,0.17,,Normal,Common,039/193,Fire,80,Basic,[C] Live Coal (10),Wx2,None,2,[CCC] Magnum Punch (50)
557005,Charcadet - Armarouge 19,Charcadet Armarouge 19,https://tcgplayer-cdn.tcgplayer.com/product/557005_200w.jpg,3,23520,https://cpt.tcgcsv.com/7Qs6,2024-06-25T17:09:14.817,1,,,0.05,0.25,1.99,0.17,,Normal,Common,039/193,Fire,80,Basic,[C] Live Coal (10),Wx2,None,2,[CCC] Magnum Punch (50)
557006,Charcadet - Armarouge 56,Charcadet Armarouge 56,https://tcgplayer-cdn.tcgplayer.com/product/557006_200w.jpg,3,23520,https://cpt.tcgcsv.com/8Qs6,2024-06-25T17:12:39.597,1,,,0.1,0.24,1.99,0.18,,Normal,Common,039/193,Fire,80,Basic,[C] Live Coal (10),Wx2,None,2,[CCC] Magnum Punch (50)
557007,Crocalor - Armarouge 15,Crocalor Armarouge 15,https://tcgplayer-cdn.tcgplayer.com/product/557007_200w.jpg,3,23520,https://cpt.tcgcsv.com/9Qs6,2024-06-25T17:13:52.793,1,,,0.05,0.17,0.35,0.14,,Normal,Uncommon,036/193,Fire,110,Stage 1,[R] Steady Firebreathing (30),Wx2,None,3,[RR] Hyper Voice (70)
557008,Crocalor - Armarouge 30,Crocalor Armarouge 30,https://tcgplayer-cdn.tcgplayer.com/product/557008_200w.jpg,3,23520,https://cpt.tcgcsv.com/bQs6,2024-06-25T17:14:17.373,1,,,0.05,0.16,1.99,0.14,,Normal,Uncommon,036/193,Fire,110,Stage 1,[R] Steady Firebreathing (30),Wx2,None,3,[RR] Hyper Voice (70)
557009,Crocalor - Armarouge 51,Crocalor Armarouge 51,https://tcgplayer-cdn.tcgplayer.com/product/557009_200w.jpg,3,23520,https://cpt.tcgcsv.com/cQs6,2024-06-25T17:15:00.987,1,,,0.05,0.18,1.99,0.15,,Normal,Uncommon,036/193,Fire,110,Stage 1,[R] Steady Firebreathing (30),Wx2,None,3,[RR] Hyper Voice (70)
557010,Basic Fire Energy - Armarouge 2,Basic Fire Energy Armarouge 2,https://tcgplayer-cdn.tcgplayer.com/product/557010_200w.jpg,3,23520,https://cpt.tcgcsv.com/dQs6,2024-06-25T17:23:36.59,1,,,0.01,0.14,0.3,0.12,,Normal,Unconfirmed,002,Basic Energy,,,,,,,
557011,Basic Fire Energy - Armarouge 3,Basic Fire Energy Armarouge 3,https://tcgplayer-cdn.tcgplayer.com/product/557011_200w.jpg,3,23520,https://cpt.tcgcsv.com/fQs6,2024-06-25T17:23:57.483,1,,,0.01,0.13,0.25,0.13,,Normal,Unconfirmed,002,Basic Energy,,,,,,,
557012,Basic Fire Energy - Armarouge 5,Basic Fire Energy Armarouge 5,https://tcgplayer-cdn.tcgplayer.com/product/557012_200w.jpg,3,23520,https://cpt.tcgcsv.com/gQs6,2024-06-25T17:33:42.19,1,,,0.01,0.1,0.49,0.09,,Normal,Unconfirmed,002,Basic Energy,,,,,,,
557013,Basic Fire Energy - Armarouge 6,Basic Fire Energy Armarouge 6,https://tcgplayer-cdn.tcgplayer.com/product/557013_200w.jpg,3,23520,https://cpt.tcgcsv.com/hQs6,2024-06-25T17:35:53.01,1,,,0.01,0.12,0.25,0.12,,Normal,Unconfirmed,002,Basic Energy,,,,,,,
557014,Basic Fire Energy - Armarouge 8,Basic Fire Energy Armarouge 8,https://tcgplayer-cdn.tcgplayer.com/product/557014_200w.jpg,3,23520,https://cpt.tcgcsv.com/jQs6,2024-06-25T17:36:16.477,1,,,0.01,0.1,0.3,0.1,,Normal,Unconfirmed,002,Basic Energy,,,,,,,
557015,Basic Fire Energy - Armarouge 9,Basic Fire Energy Armarouge 9,https://tcgplayer-cdn.tcgplayer.com/product/557015_200w.jpg,3,23520,https://cpt.tcgcsv.com/kQs6,2024-06-25T17:58:55.233,1,,,0.01,0.15,0.25,0.11,,Normal,Unconfirmed,002,Basic Energy,,,,,,,
557016,Basic Fire Energy - Armarouge 10,Basic Fire Energy Armarouge 10,https://tcgplayer-cdn.tcgplayer.com/product/557016_200w.jpg,3,23520,https://cpt.tcgcsv.com/lQs6,2024-06-25T18:02:59.53,1,,,0.01,0.15,0.49,0.1,,Normal,Unconfirmed,002,Basic Energy,,,,,,,
557017,Basic Fire Energy - Armarouge 11,Basic Fire Energy Armarouge 11,https://tcgplayer-cdn.tcgplayer.com/product/557017_200w.jpg,3,23520,https://cpt.tcgcsv.com/mQs6,2024-06-25T18:03:34.087,1,,,0.01,0.1,0.25,0.1,,Normal,Unconfirmed,002,Basic Energy,,,,,,,
557018,Basic Fire Energy - Armarouge 12,Basic Fire Energy Armarouge 12,https://tcgplayer-cdn.tcgplayer.com/product/557018_200w.jpg,3,23520,https://cpt.tcgcsv.com/nQs6,2024-06-25T18:05:54.023,1,,,0.01,0.14,0.49,0.11,,Normal,Unconfirmed,002,Basic Energy,,,,,,,
557019,Basic Fire Energy - Armarouge 16,Basic Fire Energy Armarouge 16,https://tcgplayer-cdn.tcgplayer.com/product/557019_200w.jpg,3,23520,https://cpt.tcgcsv.com/pQs6,2024-06-25T18:06:15.203,1,,,0.01,0.15,0.3,0.1,,Normal,Unconfirmed,002,Basic Energy,,,,,,,
557020,Basic Fire Energy - Armarouge 20,Basic Fire Energy Armarouge 20,https://tcgplayer-cdn.tcgplayer.com/product/557020_200w.jpg,3,23520,https://cpt.tcgcsv.com/qQs6,2024-06-25T18:06:42.987,1,,,0.01,0.14,0.25,0.13,,Normal,Unconfirmed,002,Basic Energy,,,,,,,
557021,Basic Fire Energy - Armarouge 22,Basic Fire Energy Armarouge 22,https://tcgplayer-cdn.tcgplayer.com/product/557021_200w.jpg,3,23520,https://cpt.tcgcsv.com/rQs6,2024-06-25T18:10:09.243,1,,,0.01,0.15,0.3,0.1,,Normal,Unconfirmed,002,Basic Energy,,,,,,,
557022,Basic Fire Energy - Armarouge 24,Basic Fire Energy Armarouge 24,https://tcgplayer-cdn.tcgplayer.com/product/557022_200w.jpg,3,23520,https://cpt.tcgcsv.com/sQs6,2024-06-25T18:13:18.18,1,,,0.01,0.14,0.3,0.13,,Normal,Unconfirmed,002,Basic Energy,,,,,,,
557023,Basic Fire Energy - Armarouge 26,Basic Fire Energy Armarouge 26,https://tcgplayer-cdn.tcgplayer.com/product/557023_200w.jpg,3,23520,https://cpt.tcgcsv.com/tQs6,2024-06-25T18:19:26.143,1,,,0.01,0.13,1.46,0.11,,Normal,Unconfirmed,002,Basic Energy,,,,,,,
557024,Basic Fire Energy - Armarouge 29,Basic Fire Energy Armarouge 29,https://tcgplayer-cdn.tcgplayer.com/product/557024_200w.jpg,3,23520,https://cpt.tcgcsv.com/vQs6,2024-06-25T18:19:58.943,1,,,0.01,0.14,1.0,0.12,,Normal,Unconfirmed,002,Basic Energy,,,,,,,
557025,Basic Fire Energy - Armarouge 32,Basic Fire Energy Armarouge 32,https://tcgplayer-cdn.tcgplayer.com/product/557025_200w.jpg,3,23520,https://cpt.tcgcsv.com/wQs6,2024-06-25T18:20:23.23,1,,,0.06,0.15,0.3,0.11,,Normal,Unconfirmed,002,Basic Energy,,,,,,,
557026,Basic Fire Energy - Armarouge 35,Basic Fire Energy Armarouge 35,https://tcgplayer-cdn.tcgplayer.com/product/557026_200w.jpg,3,23520,https://cpt.tcgcsv.com/xQs6,2024-06-25T18:21:23.807,1,,,0.01,0.13,0.49,0.11,,Normal,Unconfirmed,002,Basic Energy,,,,,,,
557027,Basic Fire Energy - Armarouge 38,Basic Fire Energy Armarouge 38,https://tcgplayer-cdn.tcgplayer.com/product/557027_200w.jpg,3,23520,https://cpt.tcgcsv.com/zQs6,2024-06-25T18:23:06.643,1,,,0.02,0.15,0.49,0.09,,Normal,Unconfirmed,002,Basic Energy,,,,,,,
557028,Fuecoco - Armarouge 1,Fuecoco Armarouge 1,https://tcgplayer-cdn.tcgplayer.com/product/557028_200w.jpg,3,23520,https://cpt.tcgcsv.com/BQs6,2024-06-25T18:52:27.99,1,,,0.05,0.2,1.43,0.16,,Normal,Common,023/182,Fire,80,Basic,[R] Live Coal (10),Wx2,None,2,[RR] Ram (30)
557029,Fuecoco - Armarouge 14,Fuecoco Armarouge 14,https://tcgplayer-cdn.tcgplayer.com/product/557029_200w.jpg,3,23520,https://cpt.tcgcsv.com/CQs6,2024-06-25T18:52:17.343,1,,,0.05,0.19,0.79,0.15,,Normal,Common,023/182,Fire,80,Basic,[R] Live Coal (10),Wx2,None,2,[RR] Ram (30)
557039,Fuecoco - Armarouge 17,Fuecoco Armarouge 17,https://tcgplayer-cdn.tcgplayer.com/product/557039_200w.jpg,3,23520,https://cpt.tcgcsv.com/PQs6,2024-06-25T18:52:53.803,1,,,0.05,0.19,0.79,0.15,,Normal,Common,023/182,Fire,80,Basic,[R] Live Coal (10),Wx2,None,2,[RR] Ram (30)
557040,Fuecoco - Armarouge 42,Fuecoco Armarouge 42,https://tcgplayer-cdn.tcgplayer.com/product/557040_200w.jpg,3,23520,https://cpt.tcgcsv.com/QQs6,2024-06-25T18:53:16.683,1,,,0.1,0.19,0.79,0.14,,Normal,Common,023/182,Fire,80,Basic,[R] Live Coal (10),Wx2,None,2,[RR] Ram (30)
557041,Great Ball - Armarouge 43,Great Ball Armarouge 43,https://tcgplayer-cdn.tcgplayer.com/product/557041_200w.jpg,3,23520,https://cpt.tcgcsv.com/RQs6,2024-06-25T18:55:42.647,1,"Look at the top 7 cards of your deck. You may reveal a Pokemon you find there and put it into your hand. Shuffle the other cards back into your deck.
<br><br>
You may play as many Item cards as you like during your turn.",,0.08,0.15,0.99,0.13,,Normal,Common,183/193,Item,,,,,,,
557042,Great Ball - Armarouge 33,Great Ball Armarouge 33,https://tcgplayer-cdn.tcgplayer.com/product/557042_200w.jpg,3,23520,https://cpt.tcgcsv.com/SQs6,2024-06-25T18:56:34.393,1,"Look at the top 7 cards of your deck. You may reveal a Pokemon you find there and put it into your hand. Shuffle the other cards back into your deck.
<br><br>
You may play as many Item cards as you like during your turn.",,0.05,0.16,0.99,0.16,,Normal,Common,183/193,Item,,,,,,,
557043,Great Ball - Armarouge 48,Great Ball Armarouge 48,https://tcgplayer-cdn.tcgplayer.com/product/557043_200w.jpg,3,23520,https://cpt.tcgcsv.com/TQs6,2024-06-25T18:56:58.467,1,"Look at the top 7 cards of your deck. You may reveal a Pokemon you find there and put it into your hand. Shuffle the other cards back into your deck.
<br><br>
You may play as many Item cards as you like during your turn.",,0.1,0.13,0.99,0.12,,Normal,Common,183/193,Item,,,,,,,
557044,Great Ball - Armarouge 55,Great Ball Armarouge 55,https://tcgplayer-cdn.tcgplayer.com/product/557044_200w.jpg,3,23520,https://cpt.tcgcsv.com/VQs6,2024-06-25T18:57:27.12,1,"Look at the top 7 cards of your deck. You may reveal a Pokemon you find there and put it into your hand. Shuffle the other cards back into your deck.
<br><br>
You may play as many Item cards as you like during your turn.",,0.05,0.15,0.99,0.11,,Normal,Common,183/193,Item,,,,,,,
557046,Houndoom - Armarouge 23,Houndoom Armarouge 23,https://tcgplayer-cdn.tcgplayer.com/product/557046_200w.jpg,3,23520,https://cpt.tcgcsv.com/XQs6,2024-06-25T18:59:28.32,1,,,0.05,0.19,0.8,0.16,,Normal,Common,034/198,Fire,120,Stage 1,[C] Sharp Fang (30),Wx2,None,2,"[RRC] Fire Blast (150)
<br>Discard a [R] Energy attached to this Pokemon."
557050,Houndoom - Armarouge 27,Houndoom Armarouge 27,https://tcgplayer-cdn.tcgplayer.com/product/557050_200w.jpg,3,23520,https://cpt.tcgcsv.com/0Rs6,2024-06-25T20:07:41.537,1,,,0.05,0.2,0.81,0.16,,Normal,Common,034/198,Fire,120,Stage 1,[C] Sharp Fang (30),Wx2,None,2,"[RRC] Fire Blast (150)
<br>Discard a [R] Energy attached to this Pokemon."
557051,Houndour - Armarouge 7,Houndour Armarouge 7,https://tcgplayer-cdn.tcgplayer.com/product/557051_200w.jpg,3,23520,https://cpt.tcgcsv.com/2Rs6,2024-06-25T20:12:59.45,1,,,0.05,0.17,1.99,0.15,,Normal,Common,033/198,Fire,70,Basic,[C] Bite (10),Wx2,None,1,[RC] Flare (30)
557052,Houndour - Armarouge 21,Houndour Armarouge 21,https://tcgplayer-cdn.tcgplayer.com/product/557052_200w.jpg,3,23520,https://cpt.tcgcsv.com/3Rs6,2024-06-25T20:13:17.733,1,,,0.05,0.2,1.99,0.16,,Normal,Common,033/198,Fire,70,Basic,[C] Bite (10),Wx2,None,1,[RC] Flare (30)
557053,Houndour - Armarouge 39,Houndour Armarouge 39,https://tcgplayer-cdn.tcgplayer.com/product/557053_200w.jpg,3,23520,https://cpt.tcgcsv.com/5Rs6,2024-06-25T20:14:33.4,1,,,0.1,0.2,0.8,0.16,,Normal,Common,033/198,Fire,70,Basic,[C] Bite (10),Wx2,None,1,[RC] Flare (30)
557055,Larvesta - Armarouge 31,Larvesta Armarouge 31,https://tcgplayer-cdn.tcgplayer.com/product/557055_200w.jpg,3,23520,https://cpt.tcgcsv.com/7Rs6,2024-06-25T20:20:25.5,1,,,0.05,0.21,0.81,0.17,,Normal,Common,040/197,Fire,80,Basic,[R] Flare (10),Wx2,None,2,"[RC] Take Down <br>
This Pokemon also does 10 damage to itself."
557056,Larvesta - Armarouge 44,Larvesta Armarouge 44,https://tcgplayer-cdn.tcgplayer.com/product/557056_200w.jpg,3,23520,https://cpt.tcgcsv.com/8Rs6,2024-06-25T20:20:45.887,1,,,0.05,0.22,1.46,0.17,,Normal,Common,040/197,Fire,80,Basic,[R] Flare (10),Wx2,None,2,"[RC] Take Down <br>
This Pokemon also does 10 damage to itself."
557057,Mela - Armarouge 54,Mela Armarouge 54,https://tcgplayer-cdn.tcgplayer.com/product/557057_200w.jpg,3,23520,https://cpt.tcgcsv.com/9Rs6,2024-06-25T20:27:41.797,1,"You can use this card only if any of your Pokémon were Knocked Out during your opponent's last turn.
<br>Attach a Basic [R] Energy card from your discard pile to 1 of your Pokémon. If you do, draw cards until you have 6 cards in your hand.
<br>You may play only 1 Supporter card during your turn.",,0.05,0.15,1.49,0.13,,Normal,Uncommon,167/182,Supporter,,,,,,,
557058,Nemona - Armarouge 28,Nemona Armarouge 28,https://tcgplayer-cdn.tcgplayer.com/product/557058_200w.jpg,3,23520,https://cpt.tcgcsv.com/bRs6,2024-06-25T20:29:10.17,1,"Draw 3 cards.
<br><br>You may play only 1 Supporter card during your turn.",,0.06,0.15,0.99,0.1,,Normal,Common,180/198,Trainer - Supporter,,,,,,,
557059,Nemona - Armarouge 41,Nemona Armarouge 41,https://tcgplayer-cdn.tcgplayer.com/product/557059_200w.jpg,3,23520,https://cpt.tcgcsv.com/cRs6,2024-06-25T20:29:24.837,1,"Draw 3 cards.
<br><br>You may play only 1 Supporter card during your turn.",,0.05,0.14,0.35,0.14,,Normal,Common,180/198,Trainer - Supporter,,,,,,,
557060,Nemona - Armarouge 52,Nemona Armarouge 52,https://tcgplayer-cdn.tcgplayer.com/product/557060_200w.jpg,3,23520,https://cpt.tcgcsv.com/dRs6,2024-06-25T20:29:53.62,1,"Draw 3 cards.
<br><br>You may play only 1 Supporter card during your turn.",,0.05,0.15,0.99,0.08,,Normal,Common,180/198,Trainer - Supporter,,,,,,,
557061,Nemona - Armarouge 57,Nemona Armarouge 57,https://tcgplayer-cdn.tcgplayer.com/product/557061_200w.jpg,3,23520,https://cpt.tcgcsv.com/fRs6,2024-06-25T20:30:11.953,1,"Draw 3 cards.
<br><br>You may play only 1 Supporter card during your turn.",,0.04,0.15,0.78,0.14,,Normal,Common,180/198,Trainer - Supporter,,,,,,,
557062,Nest Ball - Armarouge 45,Nest Ball Armarouge 45,https://tcgplayer-cdn.tcgplayer.com/product/557062_200w.jpg,3,23520,https://cpt.tcgcsv.com/gRs6,2024-06-25T20:33:21.38,1,"Search your deck for a Basic Pokémon and put it onto your Bench. Then, shuffle your deck.
<br>
You may play any number of Item cards during your turn.",,0.35,0.87,3.99,0.88,,Normal,Uncommon,181/198,Item,,,,,,,
557063,Picnicker - Armarouge 34,Picnicker Armarouge 34,https://tcgplayer-cdn.tcgplayer.com/product/557063_200w.jpg,3,23520,https://cpt.tcgcsv.com/hRs6,2024-06-25T20:33:51.873,1,"Flip a coin. If heads, draw 4 cards. If tails, draw 2 cards.",,0.15,0.26,2.49,0.25,,Normal,Promo,114,Supporter,,,,,,,
557064,Picnicker - Armarouge 47,Picnicker Armarouge 47,https://tcgplayer-cdn.tcgplayer.com/product/557064_200w.jpg,3,23520,https://cpt.tcgcsv.com/jRs6,2024-06-25T20:43:29.747,1,"Flip a coin. If heads, draw 4 cards. If tails, draw 2 cards.",,0.11,0.28,2.49,0.27,,Normal,Promo,114,Supporter,,,,,,,
557065,Potion - Armarouge 25,Potion Armarouge 25,https://tcgplayer-cdn.tcgplayer.com/product/557065_200w.jpg,3,23520,https://cpt.tcgcsv.com/kRs6,2024-06-25T20:45:29.273,1,"Heal 30 damage from 1 of your Pokémon.
<br>
You may play any number of Item cards during your turn.",,0.05,0.16,0.99,0.16,,Normal,Common,188/198,Item,,,,,,,
557066,Potion - Armarouge 37,Potion Armarouge 37,https://tcgplayer-cdn.tcgplayer.com/product/557066_200w.jpg,3,23520,https://cpt.tcgcsv.com/lRs6,2024-06-25T20:46:22.353,1,"Heal 30 damage from 1 of your Pokémon.
<br>
You may play any number of Item cards during your turn.",,0.05,0.14,19.98,0.14,,Normal,Common,188/198,Item,,,,,,,
557067,Skeledirge - Armarouge 36,Skeledirge Armarouge 36,https://tcgplayer-cdn.tcgplayer.com/product/557067_200w.jpg,3,23520,https://cpt.tcgcsv.com/mRs6,2024-06-26T17:51:23.963,1,,,0.05,0.25,5.32,0.16,,Normal,Rare,038/198,Fire,180,Stage 2,"[R] Passionate Singing (50)
<br>Attach up to 2 Basic Energy cards from your discard pile to your Pokémon in any way y3.",Wx2,None,3,"[RRC] Blazing Shout (190)
<br>This Pokémon also does 30 damage to itself."
557068,Switch - Armarouge 40,Switch Armarouge 40,https://tcgplayer-cdn.tcgplayer.com/product/557068_200w.jpg,3,23520,https://cpt.tcgcsv.com/nRs6,2024-06-25T20:48:05.807,1,"Switch your Active Pokémon with 1 of your Benched Pokémon.
<br>
You may play as many Item cards as you like during your turn.",,0.04,0.16,0.35,0.16,,Normal,Common,194/198,Item,,,,,,,
557069,Switch - Armarouge 58,Switch Armarouge 58,https://tcgplayer-cdn.tcgplayer.com/product/557069_200w.jpg,3,23520,https://cpt.tcgcsv.com/pRs6,2024-06-25T20:48:36.95,1,"Switch your Active Pokémon with 1 of your Benched Pokémon.
<br>
You may play as many Item cards as you like during your turn.",,0.05,0.15,0.99,0.1,,Normal,Common,194/198,Item,,,,,,,
557070,Torkoal - Armarouge 4,Torkoal Armarouge 4,https://tcgplayer-cdn.tcgplayer.com/product/557070_200w.jpg,3,23520,https://cpt.tcgcsv.com/qRs6,2024-06-25T20:49:22.407,1,,,0.05,0.16,0.79,0.14,,Normal,Uncommon,035/198,Fire,130,Basic,[CC] Stampede (30),Wx2,None,3,"[RCC] Concentrated Fire (80x)
<br>Flip a coin for each [R] Energy attached to this Pokémon. This attack does 80 damage times the number of heads."
557071,Torkoal - Armarouge 53,Torkoal Armarouge 53,https://tcgplayer-cdn.tcgplayer.com/product/557071_200w.jpg,3,23520,https://cpt.tcgcsv.com/rRs6,2024-06-25T20:49:45.053,1,,,0.05,0.19,0.78,0.14,,Normal,Uncommon,035/198,Fire,130,Basic,[CC] Stampede (30),Wx2,None,3,"[RCC] Concentrated Fire (80x)
<br>Flip a coin for each [R] Energy attached to this Pokémon. This attack does 80 damage times the number of heads."
557072,Volcarona - Armarouge 46,Volcarona Armarouge 46,https://tcgplayer-cdn.tcgplayer.com/product/557072_200w.jpg,3,23520,https://cpt.tcgcsv.com/sRs6,2024-06-25T20:50:55.52,1,,,0.1,0.19,1.99,0.15,,Normal,Uncommon,041/197,Fire,140,Stage 1,"[R] Flame Cloak (30) <br>
 Attach a [R] Energy card from your discard pile to this Pokemon.",Wx2,None,2,[RR1] Heat Blast (130)
557073,Youngster - Armarouge 18,Youngster Armarouge 18,https://tcgplayer-cdn.tcgplayer.com/product/557073_200w.jpg,3,23520,https://cpt.tcgcsv.com/tRs6,2024-06-25T20:53:04.45,1,"Shuffle your hand into your deck. Then, draw 5 cards.
<br><br>You may play only 1 Supporter card during your turn.",,0.05,0.16,0.42,0.1,,Normal,Uncommon,198/198,Trainer - Supporter,,,,,,,
557074,Youngster - Armarouge 50,Youngster Armarouge 50,https://tcgplayer-cdn.tcgplayer.com/product/557074_200w.jpg,3,23520,https://cpt.tcgcsv.com/vRs6,2024-06-25T20:55:09.077,1,"Shuffle your hand into your deck. Then, draw 5 cards.
<br><br>You may play only 1 Supporter card during your turn.",,0.05,0.13,0.99,0.1,,Normal,Uncommon,198/198,Trainer - Supporter,,,,,,,
557075,Youngster - Armarouge 59,Youngster Armarouge 59,https://tcgplayer-cdn.tcgplayer.com/product/557075_200w.jpg,3,23520,https://cpt.tcgcsv.com/wRs6,2024-06-25T20:55:24.09,1,"Shuffle your hand into your deck. Then, draw 5 cards.
<br><br>You may play only 1 Supporter card during your turn.",,0.05,0.17,0.99,0.13,,Normal,Uncommon,198/198,Trainer - Supporter,,,,,,,
607999,Basic Lightning Energy - Pikachu 7,Basic Lightning Energy Pikachu 7,https://tcgplayer-cdn.tcgplayer.com/product/607999_200w.jpg,3,23520,https://cpt.tcgcsv.com/_cT6,2024-12-31T17:47:44.553,0,,,0.01,0.15,0.25,0.12,,Normal,Common,004,Basic Lightning Energy,,,,,,,
