productId,name,cleanName,imageUrl,categoryId,groupId,url,modifiedOn,imageCount,extCardText,extUPC,lowPrice,midPrice,highPrice,marketPrice,directLowPrice,subTypeName,extNumber,extRarity,extCardType,extHP,extStage,extAttack1,extWeakness,extResistance,extRetreatCost,extAttack2
242807,Celebrations Collection [Dragapult Prime],Celebrations Collection Dragapult Prime,https://tcgplayer-cdn.tcgplayer.com/product/242807_200w.jpg,3,2867,https://cpt.tcgcsv.com/98Z2,2021-10-08T18:33:48.947,1,"The Pokémon TCG: Celebrations Collection - Dragapult Prime contains:
<br>• One Foil Promo 
<br>• One Foil Oversize Card
<br>• Two Celebrations Four-Card Booster Packs
<br>• One Additional Pokemon TCG Booster Pack
<br>• A Four-Pocket Binder
<br>• One Anniversary–Themed Coin",0820650829383,64.99,70.0,120.0,59.69,,Normal,,,,,,,,,,
242808,Celebrations Collection [Lance's Charizard V],Celebrations Collection Lances Charizard V,https://tcgplayer-cdn.tcgplayer.com/product/242808_200w.jpg,3,2867,https://cpt.tcgcsv.com/b8Z2,2021-10-08T18:43:14.93,1,"The Pokémon TCG: Celebrations Collection - Lance's Charizard V contains:
<br>• One Foil Promo Card
<br>• One Foil Oversize Card
<br>• Four Celebrations Four-Card Booster Pack
<br>• Two Additional Pokemon TCG Booster Packs",820650829390,107.99,149.99,599.99,105.95,,Normal,,,,,,,,,,
242809,Celebrations Collection [Dark Sylveon V],Celebrations Collection Dark Sylveon V,https://tcgplayer-cdn.tcgplayer.com/product/242809_200w.jpg,3,2867,https://cpt.tcgcsv.com/c8Z2,2021-10-26T19:11:56.82,1,"The Pokémon TCG: Celebrations Collection - Dark Sylveon contains:
<br>• One Foil Promo Card
<br>• One Foil Oversize Card
<br>• Four Celebrations Four-Card Booster Pack
<br>• Two Additional Pokemon TCG Booster Packs",820650829390,124.95,149.95,499.99,109.17,,Normal,,,,,,,,,,
242810,Celebrations Deluxe Pin Collection [Zacian LV. X],Celebrations Deluxe Pin Collection Zacian LV X,https://tcgplayer-cdn.tcgplayer.com/product/242810_200w.jpg,3,2867,https://cpt.tcgcsv.com/d8Z2,2021-10-08T18:33:19.713,1,"The Pokémon TCG: Celebrations Deluxe Pin Collection - Zacian LV. X contains:
<br>• One Foil Promo Card
<br>• An Enamel Pin Featuring Flying and Surfing Pikachu
<br>• Four Celebrations Four-Card Booster Pack
<br>• Two Additional Pokemon TCG Booster Packs",0820650829420,99.99,129.99,333.0,98.04,,Normal,,,,,,,,,,
242811,Celebrations Elite Trainer Box,Celebrations Elite Trainer Box,https://tcgplayer-cdn.tcgplayer.com/product/242811_200w.jpg,3,2867,https://cpt.tcgcsv.com/f8Z2,2021-10-08T18:30:36.14,1,"THE POKÉMON TCG: CELEBRATIONS ELITE TRAINER BOX includes:
<br>• 10 Celebrations four-card booster packs
<br>• Five additional Pokemon TCG booster packs
<br>• One Special Foil Card Featuring Greninja Star
<br>• 65 anniversary-themed card sleeves
<br>• 45 Energy cards
<br>• A player's guide 
<br>• A Pokemon TCG Rulebook
<br>• Six damage-counter dice
<br>• One competitive-legal coin-flip die
<br>• Two acrylic condition markers",0820650809439,300.0,449.88,2000.0,322.93,,Normal,,,,,,,,,,
242812,Celebrations Mini Tin Display,Celebrations Mini Tin Display,https://tcgplayer-cdn.tcgplayer.com/product/242812_200w.jpg,3,2867,https://cpt.tcgcsv.com/g8Z2,2025-01-22T12:45:58.17,1,"Featuring 1 of each Celebrations Mini Tins (for a total of 8). Each tin contains with two booster packs, an additional Pokemon TCG pack, a metallic Pokemon coin, and featured Pokemon art card.",0820650819377,488.88,524.98,2499.99,360.92,,Normal,,,,,,,,,,
242813,Celebrations Mini Tin [Kanto],Celebrations Mini Tin Kanto,https://tcgplayer-cdn.tcgplayer.com/product/242813_200w.jpg,3,2867,https://cpt.tcgcsv.com/h8Z2,2021-10-08T18:27:49.333,1,"Each Pokemon Celebrations Mini Tin includes:
<br>• 2 Celebrations four-card booster packs
<br>• One additional Pokemon TCG booster pack
<br>• One anniversary-themed coin
<br>• One Pokemon art card showing the art from the Mini Tin",0820650829376,49.99,74.98,500.0,43.75,,Normal,,,,,,,,,,
242814,Celebrations Mini Tin [Johto],Celebrations Mini Tin Johto,https://tcgplayer-cdn.tcgplayer.com/product/242814_200w.jpg,3,2867,https://cpt.tcgcsv.com/j8Z2,2021-10-08T18:28:22.933,1,"Each Pokemon Celebrations Mini Tin includes:
<br>• 2 Celebrations four-card booster packs
<br>• One additional Pokemon TCG booster pack
<br>• One anniversary-themed coin
<br>• One Pokemon art card showing the art from the Mini Tin",0820650829376,53.5,299.99,500.0,45.05,,Normal,,,,,,,,,,
242815,Celebrations Mini Tin [Hoenn],Celebrations Mini Tin Hoenn,https://tcgplayer-cdn.tcgplayer.com/product/242815_200w.jpg,3,2867,https://cpt.tcgcsv.com/k8Z2,2021-10-08T18:28:29.117,1,"Each Pokemon Celebrations Mini Tin includes:
<br>• 2 Celebrations four-card booster packs
<br>• One additional Pokemon TCG booster pack
<br>• One anniversary-themed coin
<br>• One Pokemon art card showing the art from the Mini Tin",0820650829376,46.5,51.25,500.0,40.18,,Normal,,,,,,,,,,
242816,Celebrations Mini Tin [Sinnoh],Celebrations Mini Tin Sinnoh,https://tcgplayer-cdn.tcgplayer.com/product/242816_200w.jpg,3,2867,https://cpt.tcgcsv.com/l8Z2,2021-10-08T18:27:39.34,1,"Each Pokemon Celebrations Mini Tin includes:
<br>• 2 Celebrations four-card booster packs
<br>• One additional Pokemon TCG booster pack
<br>• One anniversary-themed coin
<br>• One Pokemon art card showing the art from the Mini Tin",0820650829376,46.0,48.25,299.99,45.51,,Normal,,,,,,,,,,
242817,Celebrations Mini Tin [Unova],Celebrations Mini Tin Unova,https://tcgplayer-cdn.tcgplayer.com/product/242817_200w.jpg,3,2867,https://cpt.tcgcsv.com/m8Z2,2021-10-08T18:27:29.403,1,"Each Pokemon Celebrations Mini Tin includes:
<br>• 2 Celebrations four-card booster packs
<br>• One additional Pokemon TCG booster pack
<br>• One anniversary-themed coin
<br>• One Pokemon art card showing the art from the Mini Tin",0820650829376,52.5,176.25,299.99,42.52,,Normal,,,,,,,,,,
242818,Celebrations Mini Tin [Kalos],Celebrations Mini Tin Kalos,https://tcgplayer-cdn.tcgplayer.com/product/242818_200w.jpg,3,2867,https://cpt.tcgcsv.com/n8Z2,2021-10-08T18:27:55.503,1,"Each Pokemon Celebrations Mini Tin includes:
<br>• 2 Celebrations four-card booster packs
<br>• One additional Pokemon TCG booster pack
<br>• One anniversary-themed coin
<br>• One Pokemon art card showing the art from the Mini Tin",0820650829376,52.5,79.97,299.99,39.24,,Normal,,,,,,,,,,
242819,Celebrations Mini Tin [Alola],Celebrations Mini Tin Alola,https://tcgplayer-cdn.tcgplayer.com/product/242819_200w.jpg,3,2867,https://cpt.tcgcsv.com/p8Z2,2021-10-08T18:28:40.517,1,"Each Pokemon Celebrations Mini Tin includes:
<br>• 2 Celebrations four-card booster packs
<br>• One additional Pokemon TCG booster pack
<br>• One anniversary-themed coin
<br>• One Pokemon art card showing the art from the Mini Tin",0820650829376,44.0,63.74,299.99,43.13,,Normal,,,,,,,,,,
242820,Celebrations Mini Tin [Galar],Celebrations Mini Tin Galar,https://tcgplayer-cdn.tcgplayer.com/product/242820_200w.jpg,3,2867,https://cpt.tcgcsv.com/q8Z2,2021-10-08T18:28:35.167,1,"Each Pokemon Celebrations Mini Tin includes:
<br>• 2 Celebrations four-card booster packs
<br>• One additional Pokemon TCG booster pack
<br>• One anniversary-themed coin
<br>• One Pokemon art card showing the art from the Mini Tin",0820650829376,46.0,50.0,65.09,42.08,,Normal,,,,,,,,,,
244726,Celebrations Collection [Pikachu V-UNION],Celebrations Collection Pikachu V UNION,https://tcgplayer-cdn.tcgplayer.com/product/244726_200w.jpg,3,2867,https://cpt.tcgcsv.com/xVZ2,2022-05-12T12:28:10.33,1,"The Pokémon TCG: Celebrations Special Collection—Pikachu V-UNION includes:
<br>•4 foil promo cards that make up a single Pikachu V-UNION
<br>•1 oversize card featuring Pikachu V-UNION
<br>•1 helpful Supporter card featuring Professor Burnet
<br>•4 Pokémon TCG: Celebrations 4-card boosters
<br>•2 additional Pokémon TCG boosters
<br>•A code card for the Pokémon Trading Card Game Online
<br><br>Pikachu is commemorating 25 Years of Pokémon in a big way in this Pokémon Trading Card Game: Celebrations Special Collection. The star of this set is Pikachu V-UNION, a single powerful Pokémon divided into four cards. Of course, Pikachu V-UNION is technically a single Pokémon, but the card artwork, when assembled, actually features 25 Pikachu as drawn by 25 different artists!

<br><br>To assemble Pikachu V-UNION during gameplay, you need to combine its four pieces from your discard pile. Once you've done that, it brings four awesome attacks and impressive HP into battle. To help with this, the Celebrations Special Collection—Pikachu V-UNION also includes a Professor Burnet Supporter card, which allows you to search your deck for up to 2 cards and discard them.

<br><br>In addition to the four cards that comprise Pikachu V-UNION and the Professor Burnet card, this collection also contains an oversize card featuring the complete Pikachu V-UNION artwork, which will make a beautiful display piece. You'll also get four Pokémon TCG: Celebrations 4-card booster packs and two additional Pokémon TCG boosters. A true Pikachu party awaits you with the Pokémon TCG: Celebrations Special Collection—Pikachu V-UNION!",0820650829154,144.99,225.0,999.99,147.06,,Normal,,,,,,,,,,
244727,Celebrations Collector Chest,Celebrations Collector Chest,https://tcgplayer-cdn.tcgplayer.com/product/244727_200w.jpg,3,2867,https://cpt.tcgcsv.com/zVZ2,2025-01-07T17:50:42.747,1,"The Pokémon TCG: Celebrations Collector Chest includes:
<br>• 6 Pokémon TCG: Celebrations 4-card booster packs
<br>• 2 additional Pokémon TCG booster packs <em>(Packs and contents may vary.)</em>
<br>• 3 foil promo cards featuring Mimikyu (Delta Species), Light Toxtricity, and Hydreigon C!
<br>• A cool Pokémon coin
<br>• 4 colorful sticker sheets
<br>• A mini portfolio to store your favorite cards
<br>• A Pokémon notepad
<br>• An information sheet
<br>• A code card for the Pokémon TCG Online",0820650829413,135.0,195.0,1999.99,153.64,,Normal,,,,,,,,,,
245139,Celebrations Premium Figure Collection [Pikachu VMAX],Celebrations Premium Figure Collection Pikachu VMAX,https://tcgplayer-cdn.tcgplayer.com/product/245139_200w.jpg,3,2867,https://cpt.tcgcsv.com/P3-2,2021-10-22T04:03:10.493,1,"Each product of Celebrations Premium Figure Collection contains <br>
<br>One etched foil promo card featuring Pikachu VMAX 
<br>One foil promo card featuring Pikachu V
<br>A supersize figure of Gigantamax Pikachu 
<br>Eight Celebrations four-card booster packs
<br>Three additional Pokémon TCG booster packs",820650829406,265.0,299.97,1000.0,205.99,,Normal,,,,,,,,,,
245140,Celebrations Ultra-Premium Collection,Celebrations Ultra Premium Collection,https://tcgplayer-cdn.tcgplayer.com/product/245140_200w.jpg,3,2867,https://cpt.tcgcsv.com/Q3-2,2021-10-22T04:03:10.493,1,"Each product of Celebrations Premium Figure Collection contains <br>
<br>Two commemorative metal cards featuring Base Set Pikachu and Base
Set Charizard
<br>One special gold version of Pikachu V, one special gold version of Poké Ball, a
Charizard and Pikachu enamel pin 
<br>One anniversary-themed metal coin
<br>17 Celebrations four-card booster packs
<br>Eight additional Pokémon TCG booster packs
<br A player’s guide",0820650829147,965.0,1298.97,154722.59,962.23,,Normal,,,,,,,,,,
247470,Celebrations Special Collection - V Memories,Celebrations Special Collection V Memories,https://tcgplayer-cdn.tcgplayer.com/product/247470_200w.jpg,3,2867,https://cpt.tcgcsv.com/q_-2,2021-10-08T18:41:26.76,1,"The Pokémon TCG: Celebrations Special Collection—V Memories includes:
<br>• A foil promo card featuring Lance's Charizard V
<br>• A foil promo card featuring Dark Sylveon V
<br>• 6 Pokémon TCG: Celebrations 4-card boosters
<br>• 2 additional Pokémon TCG boosters
<br>• A collector's pin featuring Sylveon
<br>• A metallic Pokémon coin featuring Charizard
<br>• A foil oversize card featuring Lance's Charizard V
<br>• An information sheet
<br>• A code card for the Pokémon TCG Online",0820650809156,169.99,199.99,800.0,151.58,,Normal,,,,,,,,,,
248577,Celebrations Booster Pack,Celebrations Booster Pack,https://tcgplayer-cdn.tcgplayer.com/product/248577_200w.jpg,3,2867,https://cpt.tcgcsv.com/zr_2,2021-10-08T04:03:13.047,1,Each Celebrations booster pack contains 4 random cards.,,23.5,29.98,50.0,24.15,,Normal,,,,,,,,,,
250293,Professor's Research (Full Art),Professors Research Full Art,https://tcgplayer-cdn.tcgplayer.com/product/250293_200w.jpg,3,2867,https://cpt.tcgcsv.com/T703,2026-03-06T15:51:16.907,1,Discard your hand and draw 7 cards.,,0.4,1.5,100.0,1.19,2.99,Holofoil,024/025,Ultra Rare,Supporter,,,,,,,
250295,Mew (Secret),Mew Secret,https://tcgplayer-cdn.tcgplayer.com/product/250295_200w.jpg,3,2867,https://cpt.tcgcsv.com/W703,2026-02-06T20:51:53.783,1,"<strong>Ability — Mysterious Tail</strong> Once during your turn, if this Pokemon is in the Active Spot, you may look at the top 6 cards of your deck, reveal an Item card you find there, and put it into your hand. Shuffle the other cards back into your deck.",,55.0,91.95,5000.0,65.54,99.94,Holofoil,025/025,Secret Rare,Psychic,60,Basic,[1P] Psyshot (30),Dx2,F-30,1,
250296,Dialga,Dialga,https://tcgplayer-cdn.tcgplayer.com/product/250296_200w.jpg,3,2867,https://cpt.tcgcsv.com/X703,2026-02-25T16:32:19.193,1,,,0.04,0.25,5.04,0.21,,Holofoil,020/025,Holo Rare,Metal,130,Basic,"[M] <strong>Temporal Backflow</strong>
<br>Put a card from your discard pile into your hand.",Fx2,G-30,,"[3] <strong>Metal Blast</strong> (60+)
<br>This attack does 20 more damage for each {M} Energy attached to this Pokémon."
250297,Cosmoem,Cosmoem,https://tcgplayer-cdn.tcgplayer.com/product/250297_200w.jpg,3,2867,https://cpt.tcgcsv.com/Z703,2025-10-31T18:03:00.327,1,,,0.01,0.28,19.5,0.31,0.18,Holofoil,014/025,Holo Rare,Psychic,90,Stage 1,"[1] Star Protection
<br>Flip a coin. If heads, during your opponent's next turn, prevent all damage done to this Pokémon by attacks.",Dx2,F-30,,
250298,Kyogre,Kyogre,https://tcgplayer-cdn.tcgplayer.com/product/250298_200w.jpg,3,2867,https://cpt.tcgcsv.com/-703,2026-03-06T15:49:34.493,1,,,0.07,0.36,5.08,0.3,0.28,Holofoil,003/025,Holo Rare,Water,130,Basic,"[1WW] Aqua Storm
<br>Discard the top 5 cards of your deck, and then choose 2 of your opponent's Benched Pokémon. This attack does 50 damage for each Energy card you discarded this way to each of those Pokémon. <em>(Don't apply Weakness and Resistance for Benched Pokémon.)</em>",Lx2,None,3,[2WW] Surf (120)
250299,Zamazenta V,Zamazenta V,https://tcgplayer-cdn.tcgplayer.com/product/250299_200w.jpg,3,2867,https://cpt.tcgcsv.com/_703,2025-11-29T06:47:34.367,1,"<strong>Ability — Growl of the Shield</strong>                                             
<br>All of your F Pokémon take 20 less damage from attacks from your opponent’s Pokémon VMAX <em>(after applying Weakness and Resistance)</em>. You can’t apply more than 1 Growl of the Shield Ability at a time.",,0.19,0.99,99.99,0.62,0.62,Holofoil,018/025,Ultra Rare,Fighting,220,Basic,[1FF] <strong>Heavy Impact</strong> (150),Px2,None,,
250300,Ho-Oh,Ho Oh,https://tcgplayer-cdn.tcgplayer.com/product/250300_200w.jpg,3,2867,https://cpt.tcgcsv.com/0803,2025-11-21T03:30:03.983,1,,,0.01,0.3,5.01,0.33,0.25,Holofoil,001/025,Holo Rare,Fire,130,Basic,"[1R] Sacred Fire
<br>This attack does 50 damage to 1 of your opponent's Pokémon. <em>(Don't apply Weakness and Resistance for Benched Pokémon.)</em>",Lx2,F-30,2,"[1RR] Fire Blast (120)
<br>Discard an Energy from this Pokémon."
250301,Reshiram,Reshiram,https://tcgplayer-cdn.tcgplayer.com/product/250301_200w.jpg,3,2867,https://cpt.tcgcsv.com/2803,2025-11-29T03:19:55.19,1,,,0.01,0.33,30.0,0.32,0.23,Holofoil,002/025,Holo Rare,Fire,130,Basic,"[2] Scorching Wind 
<br>This attack does 20 damage to each of your opponent's Benched Pokémon. <em>(Don't apply Weakness and Resistance for Benched Pokémon.)</em>",Wx2,None,3,"[1RR] Black Flame (80+)
<br>If Zekrom is on your Bench, this attack does 80 more damage."
250302,Palkia,Palkia,https://tcgplayer-cdn.tcgplayer.com/product/250302_200w.jpg,3,2867,https://cpt.tcgcsv.com/3803,2025-10-31T18:03:00.53,1,"<strong>Ability — Absolute Space</strong>
<br>As long as this Pokémon is in the Active Spot, your opponent can't play any Stadium cards from their hand.",,0.01,0.25,5.05,0.21,0.2,Holofoil,004/025,Holo Rare,Water,130,Basic,"[2W] Overdrive Smash (80+)
<br>During your next turn, this Pokémon's Overdrive Smash does 80 more damage <em>(before applying Weakness and Resistance)</em>.",Lx2,None,2,
250303,Pikachu,Pikachu,https://tcgplayer-cdn.tcgplayer.com/product/250303_200w.jpg,3,2867,https://cpt.tcgcsv.com/5803,2026-03-06T15:50:25.633,1,,,3.0,7.35,5396.0,6.82,5.98,Holofoil,005/025,Holo Rare,Lightning,60,Basic,[1] Gnaw (10),Fx2,None,1,"[1L] Thunder Jolt (30)
<br>Flip a coin. If tails, this Pokémon also does 10 damage to itself."
250304,Flying Pikachu V,Flying Pikachu V,https://tcgplayer-cdn.tcgplayer.com/product/250304_200w.jpg,3,2867,https://cpt.tcgcsv.com/6803,2026-03-12T17:49:11.697,1,,,1.5,3.42,99.99,3.74,3.74,Holofoil,006/025,Ultra Rare,Lightning,190,Basic,"[L] Thunder Shock (20)
<br>Flip a coin. If heads, your opponent's Active Pokémon is now Paralyzed.",Lx2,F-30,0,"[3] Fly (120)
<br>Flip a coin. If tails, this attack does nothing. If heads, during your opponent's next turn, prevent all damage from and effects of attacks done to this Pokémon."
250305,Flying Pikachu VMAX,Flying Pikachu VMAX,https://tcgplayer-cdn.tcgplayer.com/product/250305_200w.jpg,3,2867,https://cpt.tcgcsv.com/7803,2026-03-12T17:49:15.79,1,,,4.8,7.98,528.0,6.78,6.8,Holofoil,007/025,Ultra Rare,Lightning,310,VMAX,"[2L] Max Balloon (160)
<br>During your opponent's next turn, prevent all damage done to this Pokémon by attacks from Basic Pokémon.",Lx2,F-30,0,
250306,Surfing Pikachu V,Surfing Pikachu V,https://tcgplayer-cdn.tcgplayer.com/product/250306_200w.jpg,3,2867,https://cpt.tcgcsv.com/8803,2026-03-06T15:51:55.403,1,,,2.0,4.58,125.0,4.65,4.65,Holofoil,008/025,Ultra Rare,Lightning,200,Basic,[WWW] Surf (150),Fx2,None,1,
250307,Surfing Pikachu VMAX,Surfing Pikachu VMAX,https://tcgplayer-cdn.tcgplayer.com/product/250307_200w.jpg,3,2867,https://cpt.tcgcsv.com/9803,2026-03-12T17:49:46.847,1,,,4.85,7.99,114.95,6.27,8.82,Holofoil,009/025,Ultra Rare,Lightning,310,VMAX,"[WWW] Max Surfer (160)
<br>This attack also does 30 damage to each of your opponent's Benched Pokémon. <em>(Don't apply Weakness and Resistance for Benched Pokémon.)</em>",Fx2,None,1,
250308,Zekrom,Zekrom,https://tcgplayer-cdn.tcgplayer.com/product/250308_200w.jpg,3,2867,https://cpt.tcgcsv.com/b803,2026-02-25T16:36:23.903,1,,,0.04,0.41,4321.0,0.34,0.21,Holofoil,010/025,Holo Rare,Lightning,130,Basic,"[2] Field Crush (30)
<br>If your opponent has a Stadium in play, discard it.",Fx2,None,3,"[1LL] White Thunder (80+)
<br>If Reshiram is on your Bench, this attack does 80 more damage."
250309,Mew,Mew,https://tcgplayer-cdn.tcgplayer.com/product/250309_200w.jpg,3,2867,https://cpt.tcgcsv.com/c803,2026-03-12T17:49:20.323,1,"<strong>Ability — Mysterious Tail</strong>
<br>Once during your turn, if this Pokémon is in the Active Spot, you may look at the top 6 cards of your deck, reveal an Item card you find there, and put it into your hand. Shuffle the other cards back into your deck.",,1.0,3.98,25.0,3.28,,Holofoil,011/025,Holo Rare,Psychic,60,Basic,[1P] Psyshot (30),Dx2,F-30,1,
250310,Xerneas,Xerneas,https://tcgplayer-cdn.tcgplayer.com/product/250310_200w.jpg,3,2867,https://cpt.tcgcsv.com/d803,2025-10-31T18:03:00.45,1,,,0.04,0.25,5.04,0.21,0.04,Holofoil,012/025,Holo Rare,Psychic,120,Basic,"[2] Breath of Life
<br>Search your deck for up to 3 basic Energy cards of different types and attach them to your Pokemon in any way you like. Then, shuffle your deck.",Mx2,None,2,[2P] Aurora Horns (100)
250311,Cosmog,Cosmog,https://tcgplayer-cdn.tcgplayer.com/product/250311_200w.jpg,3,2867,https://cpt.tcgcsv.com/f803,2025-10-31T18:03:00.123,1,,,0.01,0.29,19.5,0.29,0.05,Holofoil,013/025,Holo Rare,Psychic,60,Basic,"[1] Star Protection
<br>Flip a coin. If heads, during your opponent's next turn, prevent all damage done to this Pokémon by attacks.",Dx2,F-30,1,
250312,Lunala,Lunala,https://tcgplayer-cdn.tcgplayer.com/product/250312_200w.jpg,3,2867,https://cpt.tcgcsv.com/g803,2026-03-02T22:18:24.807,1,,,0.08,0.3,5.09,0.33,0.09,Holofoil,015/025,Holo Rare,Psychic,,,"[2] <strong>Lunar Pain</strong>
<br>Double the number of damage counters on each of your opponent’s Pokémon.",,,,"[2P] <strong>Psychic Shot</strong> (130)
<br>This attack also does 30 damage to 1 of your opponent’s Benched Pokémon. <em>(Don’t apply Weakness and Resistance for Benched Pokémon.)</em>"
250313,Zacian V,Zacian V,https://tcgplayer-cdn.tcgplayer.com/product/250313_200w.jpg,3,2867,https://cpt.tcgcsv.com/h803,2026-02-06T20:52:14.937,1,"<strong>Ability — Roar of the Sword</strong>                                             
<br>Once during your turn, you may search your deck for a P Energy card and attach it to 1 of your Pokémon. Then, shuffle your deck. If you use this Ability, your turn ends.",,0.24,0.97,200.0,0.76,0.62,Holofoil,016/025,Ultra Rare,Psychic,,,"[3] <strong>Storm Slash</strong> (60+)
<br>This attack does 30 more damage for each P Energy attached to this Pokémon.",,,,
250314,Groudon,Groudon,https://tcgplayer-cdn.tcgplayer.com/product/250314_200w.jpg,3,2867,https://cpt.tcgcsv.com/j803,2025-10-31T18:02:59.923,1,,,0.04,0.3,5.04,0.3,0.15,Holofoil,017/025,Holo Rare,Fighting,,,"[1FF] <strong>Magma Volcano</strong> (80x)
<br>Discard the top 5 cards of your deck. This attack does 80 damage for each Energy card you discarded in this way.",,,,[2FF] <strong>Massive Rend</strong> (120)
250315,Yveltal,Yveltal,https://tcgplayer-cdn.tcgplayer.com/product/250315_200w.jpg,3,2867,https://cpt.tcgcsv.com/k803,2025-11-29T03:53:58.233,1,,,0.01,0.25,5.01,0.2,0.05,Holofoil,019/025,Holo Rare,Darkness,,,"[2] <strong>Cry of Destruction</strong>
<br>Discard up to 3 Special Energy from your opponent’s Pokémon.",,,,[2D] <strong>Dark Feather</strong> (100)
250316,Solgaleo,Solgaleo,https://tcgplayer-cdn.tcgplayer.com/product/250316_200w.jpg,3,2867,https://cpt.tcgcsv.com/l803,2025-10-31T18:03:00.653,1,"<strong>Ability — Rush In</strong>                                             
<br>Once during your turn <em>(before your attack)</em>, if this Pokémon is on your Bench, you may switch this Pokémon with your Active Pokémon.",,0.01,0.3,5.08,0.34,0.01,Holofoil,021/025,Holo Rare,Metal,,,"[2] <strong>Solar Geyser</strong> (100)
<br>Attach up to 2 basic Energy cards from your discard pile to 1 of your Benched Pokémon.",,,,
250317,Lugia,Lugia,https://tcgplayer-cdn.tcgplayer.com/product/250317_200w.jpg,3,2867,https://cpt.tcgcsv.com/m803,2026-03-02T22:16:36.597,1,,,0.05,0.72,11.99,0.76,0.74,Holofoil,022/025,Holo Rare,Colorless,130,Basic,"(2) Aero Ball (20x)
<br>This attack does 20 damage for each Energy attached to both Active Pokemon.",Lx2,F-30,2,"(4) Deep Crush (160)
<br>During your next turn, this Pokemon can't attack."
250318,Professor's Research,Professors Research,https://tcgplayer-cdn.tcgplayer.com/product/250318_200w.jpg,3,2867,https://cpt.tcgcsv.com/n803,2025-10-31T18:03:00.2,1,Discard your hand and draw 7 cards.,,0.01,0.27,15.25,0.25,0.25,Holofoil,023/025,Holo Rare,Supporter,,,,,,,
251048,Code Card - Celebrations Collection [Dragapult Prime],Code Card Celebrations Collection Dragapult Prime,https://tcgplayer-cdn.tcgplayer.com/product/251048_200w.jpg,3,2867,https://cpt.tcgcsv.com/-q03,2023-03-31T15:57:32.423,1,"This listing is <strong>not</strong> a physical item. Please keep in mind that this <strong>Code Card</strong> listing represents a digital copy of the stated item for the Pokémon TCG Online <strong>and/or</strong> the Pokémon TCG Live games. You may receive the physical <strong>Code Card</strong>. Upon purchase, please work with your specific Seller by sending them a message using the <strong>Contact Seller</strong> button on the order details in your <a href=https://store.tcgplayer.com/myaccount/orderhistory>Order History</a> to opt in to having your <strong>Code Card</strong> code delivered digitally due to the nature of the product.",,0.07,0.15,0.5,,,Normal,,Code Card,,,,,,,,
251049,Code Card - Celebrations Booster Pack,Code Card Celebrations Booster Pack,https://tcgplayer-cdn.tcgplayer.com/product/251049_200w.jpg,3,2867,https://cpt.tcgcsv.com/_q03,2023-03-31T15:57:03.897,1,"This listing is <strong>not</strong> a physical item. Please keep in mind that this <strong>Code Card</strong> listing represents a digital copy of the stated item for the Pokémon TCG Online <strong>and/or</strong> the Pokémon TCG Live games. You may receive the physical <strong>Code Card</strong>. Upon purchase, please work with your specific Seller by sending them a message using the <strong>Contact Seller</strong> button on the order details in your <a href=https://store.tcgplayer.com/myaccount/orderhistory>Order History</a> to opt in to having your <strong>Code Card</strong> code delivered digitally due to the nature of the product.",,0.02,0.25,25.0,0.17,,Normal,,Code Card,,,,,,,,
251050,Code Card - Celebrations Collection [Dark Sylveon V],Code Card Celebrations Collection Dark Sylveon V,https://tcgplayer-cdn.tcgplayer.com/product/251050_200w.jpg,3,2867,https://cpt.tcgcsv.com/0r03,2023-03-31T15:57:18.047,1,"This listing is <strong>not</strong> a physical item. Please keep in mind that this <strong>Code Card</strong> listing represents a digital copy of the stated item for the Pokémon TCG Online <strong>and/or</strong> the Pokémon TCG Live games. You may receive the physical <strong>Code Card</strong>. Upon purchase, please work with your specific Seller by sending them a message using the <strong>Contact Seller</strong> button on the order details in your <a href=https://store.tcgplayer.com/myaccount/orderhistory>Order History</a> to opt in to having your <strong>Code Card</strong> code delivered digitally due to the nature of the product.",,0.02,0.1,1.03,0.05,,Normal,,Code Card,,,,,,,,
251051,Code Card - Celebrations Collection [Lance's Charizard V],Code Card Celebrations Collection Lances Charizard V,https://tcgplayer-cdn.tcgplayer.com/product/251051_200w.jpg,3,2867,https://cpt.tcgcsv.com/2r03,2023-03-31T15:57:47.767,1,"This listing is <strong>not</strong> a physical item. Please keep in mind that this <strong>Code Card</strong> listing represents a digital copy of the stated item for the Pokémon TCG Online <strong>and/or</strong> the Pokémon TCG Live games. You may receive the physical <strong>Code Card</strong>. Upon purchase, please work with your specific Seller by sending them a message using the <strong>Contact Seller</strong> button on the order details in your <a href=https://store.tcgplayer.com/myaccount/orderhistory>Order History</a> to opt in to having your <strong>Code Card</strong> code delivered digitally due to the nature of the product.",,0.03,0.13,1.0,0.13,,Normal,,Code Card,,,,,,,,
251052,Code Card - Celebrations Collection [Pikachu V-UNION],Code Card Celebrations Collection Pikachu V UNION,https://tcgplayer-cdn.tcgplayer.com/product/251052_200w.jpg,3,2867,https://cpt.tcgcsv.com/3r03,2022-07-20T19:15:53.757,1,"This listing is <strong>not</strong> a physical item. Please keep in mind that this <strong>Code Card</strong> listing represents a digital copy of the stated item for the Pokémon TCG Online <strong>and/or</strong> the Pokémon TCG Live games. You may receive the physical <strong>Code Card</strong>. Upon purchase, please work with your specific Seller by sending them a message using the <strong>Contact Seller</strong> button on the order details in your <a href=https://store.tcgplayer.com/myaccount/orderhistory>Order History</a> to opt in to having your <strong>Code Card</strong> code delivered digitally due to the nature of the product.",,0.2,0.34,1.49,0.34,,Normal,,Code Card,,,,,,,,
251054,Code Card - Celebrations Premium Figure Collection [Pikachu VMAX],Code Card Celebrations Premium Figure Collection Pikachu VMAX,https://tcgplayer-cdn.tcgplayer.com/product/251054_200w.jpg,3,2867,https://cpt.tcgcsv.com/6r03,2023-03-31T16:00:12.923,1,"This listing is <strong>not</strong> a physical item. Please keep in mind that this <strong>Code Card</strong> listing represents a digital copy of the stated item for the Pokémon TCG Online <strong>and/or</strong> the Pokémon TCG Live games. You may receive the physical <strong>Code Card</strong>. Upon purchase, please work with your specific Seller by sending them a message using the <strong>Contact Seller</strong> button on the order details in your <a href=https://store.tcgplayer.com/myaccount/orderhistory>Order History</a> to opt in to having your <strong>Code Card</strong> code delivered digitally due to the nature of the product.",,0.1,0.13,0.5,0.11,,Normal,,Code Card,,,,,,,,
251055,Code Card - Celebrations Collector Chest,Code Card Celebrations Collector Chest,https://tcgplayer-cdn.tcgplayer.com/product/251055_200w.jpg,3,2867,https://cpt.tcgcsv.com/7r03,2023-03-31T15:58:01.117,1,"This listing is <strong>not</strong> a physical item. Please keep in mind that this <strong>Code Card</strong> listing represents a digital copy of the stated item for the Pokémon TCG Online <strong>and/or</strong> the Pokémon TCG Live games. You may receive the physical <strong>Code Card</strong>. Upon purchase, please work with your specific Seller by sending them a message using the <strong>Contact Seller</strong> button on the order details in your <a href=https://store.tcgplayer.com/myaccount/orderhistory>Order History</a> to opt in to having your <strong>Code Card</strong> code delivered digitally due to the nature of the product.",,0.08,0.13,1.0,0.13,,Normal,,Code Card,,,,,,,,
251056,Code Card - Celebrations Ultra-Premium Collection,Code Card Celebrations Ultra Premium Collection,https://tcgplayer-cdn.tcgplayer.com/product/251056_200w.jpg,3,2867,https://cpt.tcgcsv.com/8r03,2023-03-31T16:00:30.583,1,"This listing is <strong>not</strong> a physical item. Please keep in mind that this <strong>Code Card</strong> listing represents a digital copy of the stated item for the Pokémon TCG Online <strong>and/or</strong> the Pokémon TCG Live games. You may receive the physical <strong>Code Card</strong>. Upon purchase, please work with your specific Seller by sending them a message using the <strong>Contact Seller</strong> button on the order details in your <a href=https://store.tcgplayer.com/myaccount/orderhistory>Order History</a> to opt in to having your <strong>Code Card</strong> code delivered digitally due to the nature of the product.",,1.5,2.39,9.99,1.99,,Normal,,Code Card,,,,,,,,
251057,Code Card - Celebrations Deluxe Pin Collection [Zacian LV. X],Code Card Celebrations Deluxe Pin Collection Zacian LV X,https://tcgplayer-cdn.tcgplayer.com/product/251057_200w.jpg,3,2867,https://cpt.tcgcsv.com/9r03,2023-03-31T15:58:49.44,1,"This listing is <strong>not</strong> a physical item. Please keep in mind that this <strong>Code Card</strong> listing represents a digital copy of the stated item for the Pokémon TCG Online <strong>and/or</strong> the Pokémon TCG Live games. You may receive the physical <strong>Code Card</strong>. Upon purchase, please work with your specific Seller by sending them a message using the <strong>Contact Seller</strong> button on the order details in your <a href=https://store.tcgplayer.com/myaccount/orderhistory>Order History</a> to opt in to having your <strong>Code Card</strong> code delivered digitally due to the nature of the product.",,0.05,0.1,1.0,,,Normal,,Code Card,,,,,,,,
251199,Celebrations Pokemon Center Elite Trainer Box (Exclusive),Celebrations Pokemon Center Elite Trainer Box Exclusive,https://tcgplayer-cdn.tcgplayer.com/product/251199_200w.jpg,3,2867,https://cpt.tcgcsv.com/_t03,2021-10-11T13:19:49.17,1,"THE POKÉMON TCG: CELEBRATIONS ELITE TRAINER BOX includes:
<br>• 13 Celebrations four-card booster packs
<br>• 6 additional Pokemon TCG booster packs
<br>• One Special Foil Card Featuring Greninja Star
<br>• 65 card sleeves featuring the Pokémon 25 logo and lightning tail design
<br>• 45 Energy cards
<br>• A player's guide 
<br>• A Pokemon TCG Rulebook
<br>• 6 stamped aluminum damage-counter dice
<br>• 1 metal Pokémon coin
<br>• 2 acrylic condition markers
<br>• A deck box
<br>• A collector’s box to hold everything, with 4 dividers to keep it organized
<br>• A code card for the Pokémon Trading Card Game Online",0820650809439,475.0,649.99,5000.0,475.82,,Normal,,,,,,,,,,
251217,Celebrations Premium Playmat Collection [Pikachu V-UNION],Celebrations Premium Playmat Collection Pikachu V UNION,https://tcgplayer-cdn.tcgplayer.com/product/251217_200w.jpg,3,2867,https://cpt.tcgcsv.com/mv03,2021-10-14T14:32:00.897,1,"The Pokémon TCG: Celebrations Special Collection—Pikachu V-UNION includes:
<br>•4 foil promo cards that make up a single Pikachu V-UNION
<br>•1 oversize card featuring Pikachu V-UNION
<br>•1 helpful Supporter card featuring Professor Burnet
<br>• 1 Pokemon TCG Playmat
<br>•6 Pokémon TCG: Celebrations 4-card boosters
<br>•3 additional Pokémon TCG boosters
<br>•A code card for the Pokémon Trading Card Game Online
<br><br>Pikachu is commemorating 25 Years of Pokémon in a big way in this Pokémon Trading Card Game: Celebrations Special Collection. The star of this set is Pikachu V-UNION, a single powerful Pokémon divided into four cards. Of course, Pikachu V-UNION is technically a single Pokémon, but the card artwork, when assembled, actually features 25 Pikachu as drawn by 25 different artists!

<br><br>To assemble Pikachu V-UNION during gameplay, you need to combine its four pieces from your discard pile. Once you've done that, it brings four awesome attacks and impressive HP into battle. To help with this, the Celebrations Special Collection—Pikachu V-UNION also includes a Professor Burnet Supporter card, which allows you to search your deck for up to 2 cards and discard them.

<br><br>In addition to the four cards that comprise Pikachu V-UNION and the Professor Burnet card, this collection also contains an oversize card featuring the complete Pikachu V-UNION artwork, which will make a beautiful display piece. You'll also get four Pokémon TCG: Celebrations 4-card booster packs and two additional Pokémon TCG boosters. A true Pikachu party awaits you with the Pokémon TCG: Celebrations Special Collection—Pikachu V-UNION!",,300.0,654.99,999.99,171.37,,Normal,,,,,,,,,,
251218,Code Card - Celebrations Elite Trainer Box,Code Card Celebrations Elite Trainer Box,https://tcgplayer-cdn.tcgplayer.com/product/251218_200w.jpg,3,2867,https://cpt.tcgcsv.com/nv03,2023-03-31T15:59:37.87,1,"This listing is <strong>not</strong> a physical item. Please keep in mind that this <strong>Code Card</strong> listing represents a digital copy of the stated item for the Pokémon TCG Online <strong>and/or</strong> the Pokémon TCG Live games. You may receive the physical <strong>Code Card</strong>. Upon purchase, please work with your specific Seller by sending them a message using the <strong>Contact Seller</strong> button on the order details in your <a href=https://store.tcgplayer.com/myaccount/orderhistory>Order History</a> to opt in to having your <strong>Code Card</strong> code delivered digitally due to the nature of the product.",,0.05,0.17,5.0,0.17,,Normal,,Code Card,,,,,,,,
251219,Code Card - Celebrations Pokemon Center Elite Trainer Box (Exclusive),Code Card Celebrations Pokemon Center Elite Trainer Box Exclusive,https://tcgplayer-cdn.tcgplayer.com/product/251219_200w.jpg,3,2867,https://cpt.tcgcsv.com/pv03,2023-03-31T15:59:58.117,1,"This listing is <strong>not</strong> a physical item. Please keep in mind that this <strong>Code Card</strong> listing represents a digital copy of the stated item for the Pokémon TCG Online <strong>and/or</strong> the Pokémon TCG Live games. You may receive the physical <strong>Code Card</strong>. Upon purchase, please work with your specific Seller by sending them a message using the <strong>Contact Seller</strong> button on the order details in your <a href=https://store.tcgplayer.com/myaccount/orderhistory>Order History</a> to opt in to having your <strong>Code Card</strong> code delivered digitally due to the nature of the product.",,0.69,1.01,9.99,0.97,,Normal,,Code Card,,,,,,,,
251880,Celebrations Collection Case [Dragapult Prime],Celebrations Collection Case Dragapult Prime,https://tcgplayer-cdn.tcgplayer.com/product/251880_200w.jpg,3,2867,https://cpt.tcgcsv.com/DM03,2025-04-03T15:06:32.61,1,"The Pokémon TCG: Celebrations Collection Case - Dragapult Prime contains:
6 Sealed Dragapult Prime Boxes.",0820650829383,582.39,587.99,599.95,,,Normal,,,,,,,,,,
251895,Celebrations Elite Trainer Box Case,Celebrations Elite Trainer Box Case,https://tcgplayer-cdn.tcgplayer.com/product/251895_200w.jpg,3,2867,https://cpt.tcgcsv.com/WM03,2025-04-03T15:08:21.753,1,"<em>(This product is not the Pokemon Center Exclusive)</em>
<br><br>Each sealed Elite Trainer Box case contains 10 Elite Trainer Boxes <em>(5 of each variety.)</em>",0820650828942,3900.88,4985.0,90420.0,2988.68,,Normal,,,,,,,,,,
251986,Pokemon Celebrations Tin [Lance's Charizard V],Pokemon Celebrations Tin Lances Charizard V,https://tcgplayer-cdn.tcgplayer.com/product/251986_200w.jpg,3,2867,https://cpt.tcgcsv.com/LP03,2021-10-20T15:35:31.48,1,,,196.99,244.0,299.99,179.66,,Normal,,,,,,,,,,
251987,Pokemon Celebrations International Tin [Lance's Charizard V],Pokemon Celebrations International Tin Lances Charizard V,https://tcgplayer-cdn.tcgplayer.com/product/251987_200w.jpg,3,2867,https://cpt.tcgcsv.com/MP03,2021-10-20T15:35:51.717,1,,,99.99,129.5,499.99,91.79,,Normal,,,,,,,,,,
251988,Pokemon Celebrations International Tin [Dark Sylveon V],Pokemon Celebrations International Tin Dark Sylveon V,https://tcgplayer-cdn.tcgplayer.com/product/251988_200w.jpg,3,2867,https://cpt.tcgcsv.com/NP03,2021-10-20T15:36:22.303,1,,,118.97,133.96,499.99,90.6,,Normal,,,,,,,,,,
251989,Pokemon Celebrations Tin [Dark Sylveon V],Pokemon Celebrations Tin Dark Sylveon V,https://tcgplayer-cdn.tcgplayer.com/product/251989_200w.jpg,3,2867,https://cpt.tcgcsv.com/PP03,2021-10-20T15:36:38.277,1,,,176.99,238.49,299.99,151.63,,Normal,,,,,,,,,,
252416,Celebrations Prime Collection,Celebrations Prime Collection,https://tcgplayer-cdn.tcgplayer.com/product/252416_200w.jpg,3,2867,https://cpt.tcgcsv.com/l-03,2025-07-09T14:30:35.583,1,"The Pokémon TCG: Celebrations Prime Collection includes:
<br>• 3 Pokémon TCG: Celebrations 4-card booster packs
<br>• 2 additional Pokémon TCG booster packs <em>(Packs and contents may vary.)</em>
<br>• 4 foil promo cards featuring Mimikyu (Delta Species), Light Toxtricity, Dragapult (Prime) and Hydreigon C!
<br> • A Pokémon 25 logo Collector Chest with a dozen additional treasures!
<br>• A cool Pokémon coin
<br>• 4 colorful sticker sheets
<br>• A mini portfolio to store your favorite cards
<br>• A Pokémon notepad
<br>• An information sheet
<br>• A code card for the Pokémon TCG Online",0820650829413,230.99,297.48,360.85,196.2,,Normal,,,,,,,,,,
252739,Pokemon Celebrations International Tin [Set of 2],Pokemon Celebrations International Tin Set of 2,https://tcgplayer-cdn.tcgplayer.com/product/252739_200w.jpg,3,2867,https://cpt.tcgcsv.com/P623,2021-10-27T20:57:41.287,0,This collection contains a set of 2 Pokemon Celebrations International Tins.,,250.0,250.0,250.0,,,Normal,,,,,,,,,,
252740,Pokemon Celebrations Tin [Set of 2],Pokemon Celebrations Tin Set of 2,https://tcgplayer-cdn.tcgplayer.com/product/252740_200w.jpg,3,2867,https://cpt.tcgcsv.com/Q623,2021-10-27T20:58:01.847,0,This collection contains a set of 2 Pokemon Celebrations Tins.,,,,,,,,,,,,,,,,,
256970,Celebrations Deluxe Pin Collection Case [Zacian LV. X],Celebrations Deluxe Pin Collection Case Zacian LV X,https://tcgplayer-cdn.tcgplayer.com/product/256970_200w.jpg,3,2867,https://cpt.tcgcsv.com/qP33,2025-04-03T15:08:11.88,1,"Each case contains 6 Celebrations Deluxe Pin Collections [Zacian LV. X]
<br>
<br>The Pokémon TCG: Celebrations Deluxe Pin Collection - Zacian LV. X contains:
<br>• One Foil Promo Card
<br>• An Enamel Pin Featuring Flying and Surfing Pikachu
<br>• Four Celebrations Four-Card Booster Pack
<br>• Two Additional Pokemon TCG Booster Packs",0820650829420,899.95,899.95,899.95,,,Normal,,,,,,,,,,
257525,Code Card - Celebrations Special Collection - V Memories,Code Card Celebrations Special Collection V Memories,https://tcgplayer-cdn.tcgplayer.com/product/257525_200w.jpg,3,2867,https://cpt.tcgcsv.com/w053,2022-07-20T19:16:03.503,1,"This listing is <strong>not</strong> a physical item. Please keep in mind that this <strong>Code Card</strong> listing represents a digital copy of the stated item for the Pokémon TCG Online <strong>and/or</strong> the Pokémon TCG Live games. You may receive the physical <strong>Code Card</strong>. Upon purchase, please work with your specific Seller by sending them a message using the <strong>Contact Seller</strong> button on the order details in your <a href=https://store.tcgplayer.com/myaccount/orderhistory>Order History</a> to opt in to having your <strong>Code Card</strong> code delivered digitally due to the nature of the product.",,0.2,0.25,1.0,0.22,,Normal,,Code Card,,,,,,,,
261802,Celebrations Pokemon Center Elite Trainer Box Case (Exclusive),Celebrations Pokemon Center Elite Trainer Box Case Exclusive,https://tcgplayer-cdn.tcgplayer.com/product/261802_200w.jpg,3,2867,https://cpt.tcgcsv.com/3L63,2024-06-25T21:21:33.137,1,"<em>(This product is the Pokemon Center Exclusive)</em>
<br><br>Each sealed Pokemon Center Elite Trainer Box Case contains 4 boxes.",,3139.0,3304.98,10000.0,1721.6,,Normal,,,,,,,,,,
282156,Celebrations Collector Chest Case,Celebrations Collector Chest Case,https://tcgplayer-cdn.tcgplayer.com/product/282156_200w.jpg,3,2867,https://cpt.tcgcsv.com/8Tg3,2022-08-10T12:46:52.737,1,"Each Case contains 9 Celebrations Collector Chests
<br><br>
The Pokémon TCG: Celebrations Collector Chest includes:
<br>• 6 Pokémon TCG: Celebrations 4-card booster packs
<br>• 2 additional Pokémon TCG booster packs <em>(Packs and contents may vary.)</em>
<br>• 3 foil promo cards featuring Mimikyu (Delta Species), Light Toxtricity, and Hydreigon C!
<br>• A cool Pokémon coin
<br>• 4 colorful sticker sheets
<br>• A mini portfolio to store your favorite cards
<br>• A Pokémon notepad
<br>• An information sheet
<br>• A code card for the Pokémon TCG Online",,1348.0,1399.99,2699.95,1369.99,,Normal,,,,,,,,,,
455796,Celebrations Collection Case,Celebrations Collection Case,https://tcgplayer-cdn.tcgplayer.com/product/455796_200w.jpg,3,2867,https://cpt.tcgcsv.com/XkG5,2025-04-04T17:16:07.587,1,One case contains 3 Celebrations Collection [Lance's Charizard V] and 3 Celebrations Collection [Dark Sylveon V].,820650829390,1199.93,1199.94,1199.95,599.99,,Normal,,,,,,,,,,
518638,Celebrations Ultra-Premium Collection Case,Celebrations Ultra Premium Collection Case,https://tcgplayer-cdn.tcgplayer.com/product/518638_200w.jpg,3,2867,https://cpt.tcgcsv.com/Ns96,2025-04-03T15:08:40.743,1,Each 151 Ultra-Premium Collection Case contains 4 Celebrations Ultra-Premium Collections.,,4888.87,4888.87,4888.88,4097.0,,Normal,,,,,,,,,,
600428,Ponyta,Ponyta,https://tcgplayer-cdn.tcgplayer.com/product/600428_200w.jpg,3,2867,https://cpt.tcgcsv.com/BbQ6,2025-06-03T13:12:32.907,0,,,,,,,,,014/083,Promo,Fire,60,Basic,"[R] Agility (10)
<br>Flip a coin. If heads, prevent all effects of attacks, including damage, done to this Pokémon during your opponent's next turn.",Wx2,,1,[2] Flame Tail (20)
