productId,name,cleanName,imageUrl,categoryId,groupId,url,modifiedOn,imageCount,extNumber,extRarity,extCardType,extHP,extStage,extCardText,extAttack1,extWeakness,extResistance,extRetreatCost,lowPrice,midPrice,highPrice,marketPrice,directLowPrice,subTypeName,extAttack2
83481,Aggron,Aggron,https://tcgplayer-cdn.tcgplayer.com/product/83481_200w.jpg,3,1394,https://cpt.tcgcsv.com/FpH,2023-01-06T17:04:44.223,1,80/124,Holo Rare,Metal,140,Stage 2,"Toppling Wind - When you play this Pokemon from your hand to evolve 1 of your Pokemon, you may discard the top 3 cards of your opponent's deck.  (Ability)","[1MM] Giga Horn (90) Flip 2 coins.  If both of them are tails, this attack does nothing.",Rx2,P-20,4,1.0,2.44,5.19,2.43,,Holofoil,
83481,Aggron,Aggron,https://tcgplayer-cdn.tcgplayer.com/product/83481_200w.jpg,3,1394,https://cpt.tcgcsv.com/FpH,2023-01-06T17:04:44.223,1,80/124,Holo Rare,Metal,140,Stage 2,"Toppling Wind - When you play this Pokemon from your hand to evolve 1 of your Pokemon, you may discard the top 3 cards of your opponent's deck.  (Ability)","[1MM] Giga Horn (90) Flip 2 coins.  If both of them are tails, this attack does nothing.",Rx2,P-20,4,1.7,4.28,6.53,1.88,,Reverse Holofoil,
83494,Aipom,Aipom,https://tcgplayer-cdn.tcgplayer.com/product/83494_200w.jpg,3,1394,https://cpt.tcgcsv.com/VpH,2025-12-04T07:04:16.337,1,99/124,Common,Colorless,60,Basic,,[1] Double Hit (10x) Flip 2 coins.  This attack does 10 damage times the number of heads.,Fx2,,1,0.1,0.29,19.5,0.28,0.23,Normal,
83494,Aipom,Aipom,https://tcgplayer-cdn.tcgplayer.com/product/83494_200w.jpg,3,1394,https://cpt.tcgcsv.com/VpH,2025-12-04T07:04:16.337,1,99/124,Common,Colorless,60,Basic,,[1] Double Hit (10x) Flip 2 coins.  This attack does 10 damage times the number of heads.,Fx2,,1,0.71,0.93,2.39,1.02,,Reverse Holofoil,
83508,Alomomola,Alomomola,https://tcgplayer-cdn.tcgplayer.com/product/83508_200w.jpg,3,1394,https://cpt.tcgcsv.com/bqH,2023-01-06T16:48:38.687,1,37/124,Rare,Water,90,Basic,,"[1W] Mysterious Beam (30) Flip a coin.  If heads, discard an Energy attached to the Defending Pokemon.",Lx2,,2,0.2,0.6,5.0,0.65,,Normal,[2W] Double Slap (50x) Flip 2 coins.  This attack does 50 damage times the number of heads.
83508,Alomomola,Alomomola,https://tcgplayer-cdn.tcgplayer.com/product/83508_200w.jpg,3,1394,https://cpt.tcgcsv.com/bqH,2023-01-06T16:48:38.687,1,37/124,Rare,Water,90,Basic,,"[1W] Mysterious Beam (30) Flip a coin.  If heads, discard an Energy attached to the Defending Pokemon.",Lx2,,2,0.63,0.98,2.04,1.56,,Reverse Holofoil,[2W] Double Slap (50x) Flip 2 coins.  This attack does 50 damage times the number of heads.
83519,Altaria,Altaria,https://tcgplayer-cdn.tcgplayer.com/product/83519_200w.jpg,3,1394,https://cpt.tcgcsv.com/pqH,2023-01-06T17:10:17.76,1,84/124,Holo Rare,Dragon,70,Basic,Fight Song - Your Dragon Pokemon's attacks do 20 more damage to the Active Pokemon (before applying Weakness and Resistance).  (Ability),[1MW] Glide (40),Ox2,,1,1.2,1.46,2.5,1.48,,Holofoil,
83519,Altaria,Altaria,https://tcgplayer-cdn.tcgplayer.com/product/83519_200w.jpg,3,1394,https://cpt.tcgcsv.com/pqH,2023-01-06T17:10:17.76,1,84/124,Holo Rare,Dragon,70,Basic,Fight Song - Your Dragon Pokemon's attacks do 20 more damage to the Active Pokemon (before applying Weakness and Resistance).  (Ability),[1MW] Glide (40),Ox2,,1,1.0,1.28,3.31,1.34,,Reverse Holofoil,
83529,Ambipom,Ambipom,https://tcgplayer-cdn.tcgplayer.com/product/83529_200w.jpg,3,1394,https://cpt.tcgcsv.com/CqH,2025-12-10T23:58:06.19,1,100/124,Rare,Colorless,80,Stage 1,,[1] Double Hit (20x) Flip 2 coins.  This attack does 20 damage times the number of heads.,Fx2,,1,0.24,0.5,1.25,0.47,,Normal,[2] Hand Fling (10x) Does 10 damage times the number of cards in your hand.
83529,Ambipom,Ambipom,https://tcgplayer-cdn.tcgplayer.com/product/83529_200w.jpg,3,1394,https://cpt.tcgcsv.com/CqH,2025-12-10T23:58:06.19,1,100/124,Rare,Colorless,80,Stage 1,,[1] Double Hit (20x) Flip 2 coins.  This attack does 20 damage times the number of heads.,Fx2,,1,0.59,1.0,2.75,1.28,0.75,Reverse Holofoil,[2] Hand Fling (10x) Does 10 damage times the number of cards in your hand.
83547,Ampharos,Ampharos,https://tcgplayer-cdn.tcgplayer.com/product/83547_200w.jpg,3,1394,https://cpt.tcgcsv.com/ZqH,2023-01-06T16:48:56.167,1,40/124,Holo Rare,Lightning,140,Stage 2,"Electromagnetic Wall - As long as this Pokemon is your Active Pokemon, whenever your opponent attaches an Energy from his or her hand to 1 of his or her Pokemon, put 3 damage counters on that Pokemon.  (Ability)",[2L] Electrobullet (70) Does 20 damage to 1 of your opponent's Benched Pokemon.  (Don't apply Weakness and Resistance for Benched Pokemon.),Fx2,,2,1.99,5.64,11.14,4.1,,Holofoil,
83547,Ampharos,Ampharos,https://tcgplayer-cdn.tcgplayer.com/product/83547_200w.jpg,3,1394,https://cpt.tcgcsv.com/ZqH,2023-01-06T16:48:56.167,1,40/124,Holo Rare,Lightning,140,Stage 2,"Electromagnetic Wall - As long as this Pokemon is your Active Pokemon, whenever your opponent attaches an Energy from his or her hand to 1 of his or her Pokemon, put 3 damage counters on that Pokemon.  (Ability)",[2L] Electrobullet (70) Does 20 damage to 1 of your opponent's Benched Pokemon.  (Don't apply Weakness and Resistance for Benched Pokemon.),Fx2,,2,2.81,4.14,6.49,3.98,,Reverse Holofoil,
83640,Aron,Aron,https://tcgplayer-cdn.tcgplayer.com/product/83640_200w.jpg,3,1394,https://cpt.tcgcsv.com/QsH,2025-12-04T07:04:56.78,1,78/124,Common,Metal,60,Basic,,[1M] Take Down (30) This Pokemon does 10 damage to itself.,Rx2,P-20,2,0.1,0.33,4.0,0.4,0.25,Normal,
83640,Aron,Aron,https://tcgplayer-cdn.tcgplayer.com/product/83640_200w.jpg,3,1394,https://cpt.tcgcsv.com/QsH,2025-12-04T07:04:56.78,1,78/124,Common,Metal,60,Basic,,[1M] Take Down (30) This Pokemon does 10 damage to itself.,Rx2,P-20,2,1.0,1.14,1.5,1.14,,Reverse Holofoil,
83663,Audino,Audino,https://tcgplayer-cdn.tcgplayer.com/product/83663_200w.jpg,3,1394,https://cpt.tcgcsv.com/htH,2024-07-26T17:30:06.567,1,108/124,Uncommon,Colorless,90,Basic,,[2] Wake-up Beam (40) Remove all Special Conditions from the Defending Pokemon.,Fx2,,2,0.75,3.0,5.99,0.79,,Normal,[3] Drain Slap (60) Heal 30 damage from this Pokemon.
83663,Audino,Audino,https://tcgplayer-cdn.tcgplayer.com/product/83663_200w.jpg,3,1394,https://cpt.tcgcsv.com/htH,2024-07-26T17:30:06.567,1,108/124,Uncommon,Colorless,90,Basic,,[2] Wake-up Beam (40) Remove all Special Conditions from the Defending Pokemon.,Fx2,,2,4.46,23.21,41.95,7.22,,Reverse Holofoil,[3] Drain Slap (60) Heal 30 damage from this Pokemon.
83718,Baltoy,Baltoy,https://tcgplayer-cdn.tcgplayer.com/product/83718_200w.jpg,3,1394,https://cpt.tcgcsv.com/nvH,2023-01-06T17:01:57.593,1,63/124,Common,Fighting,60,Basic,,[1] Spinning Attack (10),Gx2,,1,0.05,0.25,5.0,0.15,,Normal,[2] Reverse Spin - Your opponent shuffles his or her hand into his or her hand and draws 4 cards.
83718,Baltoy,Baltoy,https://tcgplayer-cdn.tcgplayer.com/product/83718_200w.jpg,3,1394,https://cpt.tcgcsv.com/nvH,2023-01-06T17:01:57.593,1,63/124,Common,Fighting,60,Basic,,[1] Spinning Attack (10),Gx2,,1,0.22,0.69,2.0,0.59,,Reverse Holofoil,[2] Reverse Spin - Your opponent shuffles his or her hand into his or her hand and draws 4 cards.
83760,Beautifly,Beautifly,https://tcgplayer-cdn.tcgplayer.com/product/83760_200w.jpg,3,1394,https://cpt.tcgcsv.com/dwH,2023-01-06T16:42:19.51,1,8/124,Rare,Grass,120,Stage 2,,[G] Triple Energy - Search your deck for 3 different types of basic Energy cards and attach them to your Pokemon in any way you like.  Shuffle your deck afterward.,Rx2,,1,0.62,0.95,1.49,1.01,,Normal,[2G] Drainpour (40) Heal 40 damage from each of your Benched Pokemon.
83760,Beautifly,Beautifly,https://tcgplayer-cdn.tcgplayer.com/product/83760_200w.jpg,3,1394,https://cpt.tcgcsv.com/dwH,2023-01-06T16:42:19.51,1,8/124,Rare,Grass,120,Stage 2,,[G] Triple Energy - Search your deck for 3 different types of basic Energy cards and attach them to your Pokemon in any way you like.  Shuffle your deck afterward.,Rx2,,1,0.77,1.22,2.07,1.36,,Reverse Holofoil,[2G] Drainpour (40) Heal 40 damage from each of your Benched Pokemon.
83821,Bibarel,Bibarel,https://tcgplayer-cdn.tcgplayer.com/product/83821_200w.jpg,3,1394,https://cpt.tcgcsv.com/rxH,2023-01-06T17:15:28.91,1,107/124,Uncommon,Colorless,100,Stage 1,,[3] Amnesia (40) Choose 1 of the Defending Pokemon's attacks.  That Pokemon can't use that attack during your opponent's next turn.,Fx2,,2,0.14,0.35,5.0,0.37,,Normal,[4] Tumbling Tackle (60) Both this Pokemon and the Defending Pokemon are now Asleep.
83821,Bibarel,Bibarel,https://tcgplayer-cdn.tcgplayer.com/product/83821_200w.jpg,3,1394,https://cpt.tcgcsv.com/rxH,2023-01-06T17:15:28.91,1,107/124,Uncommon,Colorless,100,Stage 1,,[3] Amnesia (40) Choose 1 of the Defending Pokemon's attacks.  That Pokemon can't use that attack during your opponent's next turn.,Fx2,,2,0.43,0.5,5.25,0.73,,Reverse Holofoil,[4] Tumbling Tackle (60) Both this Pokemon and the Defending Pokemon are now Asleep.
83829,Bidoof,Bidoof,https://tcgplayer-cdn.tcgplayer.com/product/83829_200w.jpg,3,1394,https://cpt.tcgcsv.com/CxH,2023-01-06T17:15:21.61,1,106/124,Common,Colorless,70,Basic,,[2] Bang Heads (20) Both this Pokemon and the Defending Pokemon are now Confused.,Fx2,,2,0.15,0.4,5.0,0.37,,Normal,
83829,Bidoof,Bidoof,https://tcgplayer-cdn.tcgplayer.com/product/83829_200w.jpg,3,1394,https://cpt.tcgcsv.com/CxH,2023-01-06T17:15:21.61,1,106/124,Common,Colorless,70,Basic,,[2] Bang Heads (20) Both this Pokemon and the Defending Pokemon are now Confused.,Fx2,,2,0.52,0.78,1.29,1.17,,Reverse Holofoil,
83916,Blend Energy GFPD,Blend Energy GFPD,https://tcgplayer-cdn.tcgplayer.com/product/83916_200w.jpg,3,1394,https://cpt.tcgcsv.com/lBH,2023-07-08T15:38:37.14,1,117/124,Uncommon,Energy,0,Special Energy,,"This card provides 1 Energy.  When this card is attached to a Pokemon, this card provides G, R, P, or D Energy but provides only 1 Energy at a time.",,,,1.42,3.0,4321.0,3.24,,Normal,
83916,Blend Energy GFPD,Blend Energy GFPD,https://tcgplayer-cdn.tcgplayer.com/product/83916_200w.jpg,3,1394,https://cpt.tcgcsv.com/lBH,2023-07-08T15:38:37.14,1,117/124,Uncommon,Energy,0,Special Energy,,"This card provides 1 Energy.  When this card is attached to a Pokemon, this card provides G, R, P, or D Energy but provides only 1 Energy at a time.",,,,2.99,3.99,6.08,4.55,,Reverse Holofoil,
83917,Blend Energy WLFM,Blend Energy WLFM,https://tcgplayer-cdn.tcgplayer.com/product/83917_200w.jpg,3,1394,https://cpt.tcgcsv.com/mBH,2023-01-06T17:17:31.857,1,118/124,Uncommon,Energy,0,Special Energy,,"This card provides 1 Energy.  When this card is attached to a Pokemon, this card provides W, L, F, or M Energy but provides only 1 Energy at a time.",,,,2.19,4.5,10.07,4.66,,Normal,
83917,Blend Energy WLFM,Blend Energy WLFM,https://tcgplayer-cdn.tcgplayer.com/product/83917_200w.jpg,3,1394,https://cpt.tcgcsv.com/mBH,2023-01-06T17:17:31.857,1,118/124,Uncommon,Energy,0,Special Energy,,"This card provides 1 Energy.  When this card is attached to a Pokemon, this card provides W, L, F, or M Energy but provides only 1 Energy at a time.",,,,7.5,10.69,14.59,9.97,,Reverse Holofoil,
83935,Boldore,Boldore,https://tcgplayer-cdn.tcgplayer.com/product/83935_200w.jpg,3,1394,https://cpt.tcgcsv.com/KBH,2025-12-04T07:05:46.42,1,66/124,Uncommon,Fighting,90,Stage 1,,[F] Rock Cannon (30x) Flip a coin until you get tails.  This attack does 30 damage times the number of heads.,Gx2,,3,0.2,0.45,5.0,0.57,0.69,Normal,[2F] Earthquake (60) Does 10 damage to each of your Benched Pokemon.  (Don't apply Weakness and Resistance for Benched Pokemon.)
83935,Boldore,Boldore,https://tcgplayer-cdn.tcgplayer.com/product/83935_200w.jpg,3,1394,https://cpt.tcgcsv.com/KBH,2025-12-04T07:05:46.42,1,66/124,Uncommon,Fighting,90,Stage 1,,[F] Rock Cannon (30x) Flip a coin until you get tails.  This attack does 30 damage times the number of heads.,Gx2,,3,0.15,0.46,2.0,0.45,,Reverse Holofoil,[2F] Earthquake (60) Does 10 damage to each of your Benched Pokemon.  (Don't apply Weakness and Resistance for Benched Pokemon.)
83944,Bouffalant,Bouffalant,https://tcgplayer-cdn.tcgplayer.com/product/83944_200w.jpg,3,1394,https://cpt.tcgcsv.com/VBH,2025-12-04T07:06:19.977,1,110/124,Uncommon,Colorless,100,Basic,Bouffer - Any damage done to this Pokemon by attacks is reduced by 20 (after applying Weakness and Resistance).  (Ability),"[3] Gold Breaker (60+) If the Defending Pokemon is a Pokemon-EX, this attack does 60 more damage.",Fx2,,2,0.15,0.38,19.5,0.48,0.29,Normal,
83944,Bouffalant,Bouffalant,https://tcgplayer-cdn.tcgplayer.com/product/83944_200w.jpg,3,1394,https://cpt.tcgcsv.com/VBH,2025-12-04T07:06:19.977,1,110/124,Uncommon,Colorless,100,Basic,Bouffer - Any damage done to this Pokemon by attacks is reduced by 20 (after applying Weakness and Resistance).  (Ability),"[3] Gold Breaker (60+) If the Defending Pokemon is a Pokemon-EX, this attack does 60 more damage.",Fx2,,2,0.2,0.91,1.75,0.91,0.93,Reverse Holofoil,
83951,Braviary,Braviary,https://tcgplayer-cdn.tcgplayer.com/product/83951_200w.jpg,3,1394,https://cpt.tcgcsv.com/2CH,2023-01-06T17:16:10.427,1,112/124,Rare,Colorless,100,Stage 1,,[1] Slash (30),Lx2,F-20,0,0.29,0.55,1.74,0.67,0.31,Normal,[3] Fury Attack (50x) Flip 3 coins.  This attack does 50 damage times the number of heads.
83951,Braviary,Braviary,https://tcgplayer-cdn.tcgplayer.com/product/83951_200w.jpg,3,1394,https://cpt.tcgcsv.com/2CH,2023-01-06T17:16:10.427,1,112/124,Rare,Colorless,100,Stage 1,,[1] Slash (30),Lx2,F-20,0,0.45,0.95,2.0,1.06,,Reverse Holofoil,[3] Fury Attack (50x) Flip 3 coins.  This attack does 50 damage times the number of heads.
84023,Buizel,Buizel,https://tcgplayer-cdn.tcgplayer.com/product/84023_200w.jpg,3,1394,https://cpt.tcgcsv.com/tDH,2023-01-06T16:48:05.123,1,32/124,Common,Water,70,Basic,,[1] Wave Splash (10),Lx2,,1,0.08,0.25,19.5,0.21,0.2,Normal,
84023,Buizel,Buizel,https://tcgplayer-cdn.tcgplayer.com/product/84023_200w.jpg,3,1394,https://cpt.tcgcsv.com/tDH,2023-01-06T16:48:05.123,1,32/124,Common,Water,70,Basic,,[1] Wave Splash (10),Lx2,,1,0.31,1.12,2.65,0.95,,Reverse Holofoil,
84123,Cascoon,Cascoon,https://tcgplayer-cdn.tcgplayer.com/product/84123_200w.jpg,3,1394,https://cpt.tcgcsv.com/tGH,2023-01-06T16:42:26.377,1,9/124,Uncommon,Grass,80,Stage 1,,[1] Tangle Drag - Switch 1 of your opponent's Benched Pokemon with the Defending Pokemon.,Rx2,,3,0.14,0.39,1.49,0.44,,Normal,[2] Spiral Drain (20) Heal 20 damage from this Pokemon.
84123,Cascoon,Cascoon,https://tcgplayer-cdn.tcgplayer.com/product/84123_200w.jpg,3,1394,https://cpt.tcgcsv.com/tGH,2023-01-06T16:42:26.377,1,9/124,Uncommon,Grass,80,Stage 1,,[1] Tangle Drag - Switch 1 of your opponent's Benched Pokemon with the Defending Pokemon.,Rx2,,3,0.3,0.82,2.25,0.81,,Reverse Holofoil,[2] Spiral Drain (20) Heal 20 damage from this Pokemon.
84339,Claydol,Claydol,https://tcgplayer-cdn.tcgplayer.com/product/84339_200w.jpg,3,1394,https://cpt.tcgcsv.com/PLH,2023-01-06T17:02:23.787,1,64/124,Rare,Fighting,90,Stage 1,,"[2] Rapid Spin (30) Switch this Pokemon with 1 of your Benched Pokemon.  Then, your opponent switches the Defending Pokemon with 1 of his or her Benched Pokemon.",Gx2,,3,0.3,0.66,4.56,0.58,,Normal,"[2F] Rock Smash (60+) Flip a coin.  If heads, this attack does 30 more damage."
84339,Claydol,Claydol,https://tcgplayer-cdn.tcgplayer.com/product/84339_200w.jpg,3,1394,https://cpt.tcgcsv.com/PLH,2023-01-06T17:02:23.787,1,64/124,Rare,Fighting,90,Stage 1,,"[2] Rapid Spin (30) Switch this Pokemon with 1 of your Benched Pokemon.  Then, your opponent switches the Defending Pokemon with 1 of his or her Benched Pokemon.",Gx2,,3,0.48,0.79,3.49,0.69,,Reverse Holofoil,"[2F] Rock Smash (60+) Flip a coin.  If heads, this attack does 30 more damage."
84536,Cubone,Cubone,https://tcgplayer-cdn.tcgplayer.com/product/84536_200w.jpg,3,1394,https://cpt.tcgcsv.com/LQH,2025-12-01T23:14:14.05,1,60/124,Common,Fighting,70,Basic,,[F] Headbutt (10),Wx2,L-20,1,0.19,0.45,1.0,0.54,,Normal,[2] Beat (20)
84536,Cubone,Cubone,https://tcgplayer-cdn.tcgplayer.com/product/84536_200w.jpg,3,1394,https://cpt.tcgcsv.com/LQH,2025-12-01T23:14:14.05,1,60/124,Common,Fighting,70,Basic,,[F] Headbutt (10),Wx2,L-20,1,1.65,3.75,5.0,3.11,,Reverse Holofoil,[2] Beat (20)
84729,Deino (93),Deino 93,https://tcgplayer-cdn.tcgplayer.com/product/84729_200w.jpg,3,1394,https://cpt.tcgcsv.com/CVH,2024-07-26T17:30:06.677,1,93/124,Common,Dragon,60,Basic,,"[D] Deep Growl - Flip a coin.  If heads, the Defending Pokemon is now Paralyzed.",Ox2,,2,0.15,0.28,2.17,0.27,,Normal,[1P] Power Breath (30) Discard an Energy attached to this Pokemon.
84729,Deino (93),Deino 93,https://tcgplayer-cdn.tcgplayer.com/product/84729_200w.jpg,3,1394,https://cpt.tcgcsv.com/CVH,2024-07-26T17:30:06.677,1,93/124,Common,Dragon,60,Basic,,"[D] Deep Growl - Flip a coin.  If heads, the Defending Pokemon is now Paralyzed.",Ox2,,2,0.35,1.63,4.19,0.92,,Reverse Holofoil,[1P] Power Breath (30) Discard an Energy attached to this Pokemon.
84730,Deino (94),Deino 94,https://tcgplayer-cdn.tcgplayer.com/product/84730_200w.jpg,3,1394,https://cpt.tcgcsv.com/DVH,2023-02-02T20:36:40.123,1,94/124,Common,Dragon,60,Basic,,"[D] Guard Press (10) During your opponent's next turn, any damage done to this Pokemon by attacks is reduced by 10 (after applying Weakness and Resistance).",Ox2,,2,0.08,0.25,5.0,0.23,,Normal,[2P] Headbutt (30)
84730,Deino (94),Deino 94,https://tcgplayer-cdn.tcgplayer.com/product/84730_200w.jpg,3,1394,https://cpt.tcgcsv.com/DVH,2023-02-02T20:36:40.123,1,94/124,Common,Dragon,60,Basic,,"[D] Guard Press (10) During your opponent's next turn, any damage done to this Pokemon by attacks is reduced by 10 (after applying Weakness and Resistance).",Ox2,,2,0.25,0.4,3.95,0.68,,Reverse Holofoil,[2P] Headbutt (30)
84783,Devolution Spray,Devolution Spray,https://tcgplayer-cdn.tcgplayer.com/product/84783_200w.jpg,3,1394,https://cpt.tcgcsv.com/HWH,2023-01-06T17:16:19.203,1,113/124,Uncommon,Item,0,Item,You may play as many Item cards as you like during your turn (before your attack).,Devolve 1 of your evolved Pokemon and put the highest state Evolution card on it into your hand.  (That Pokemon can't evolve this turn.),,,,0.12,0.35,1.5,0.43,0.49,Normal,
84783,Devolution Spray,Devolution Spray,https://tcgplayer-cdn.tcgplayer.com/product/84783_200w.jpg,3,1394,https://cpt.tcgcsv.com/HWH,2023-01-06T17:16:19.203,1,113/124,Uncommon,Item,0,Item,You may play as many Item cards as you like during your turn (before your attack).,Devolve 1 of your evolved Pokemon and put the highest state Evolution card on it into your hand.  (That Pokemon can't evolve this turn.),,,,0.2,1.0,5.0,1.25,1.99,Reverse Holofoil,
84949,Drifblim,Drifblim,https://tcgplayer-cdn.tcgplayer.com/product/84949_200w.jpg,3,1394,https://cpt.tcgcsv.com/_-H,2023-06-02T14:09:28.04,1,51/124,Rare,Psychic,100,Stage 1,,[1] Shadow Steal (50x) Does 50 damage times the number of Special Energy cards in your opponent's discard pile.,Dx2,,1,0.34,0.65,1.95,0.65,,Normal,[1P] Plentiful Placement - Put 4 damage counters on 1 of your opponent's Pokemon.
84949,Drifblim,Drifblim,https://tcgplayer-cdn.tcgplayer.com/product/84949_200w.jpg,3,1394,https://cpt.tcgcsv.com/_-H,2023-06-02T14:09:28.04,1,51/124,Rare,Psychic,100,Stage 1,,[1] Shadow Steal (50x) Does 50 damage times the number of Special Energy cards in your opponent's discard pile.,Dx2,,1,0.75,1.16,4.99,1.38,,Reverse Holofoil,[1P] Plentiful Placement - Put 4 damage counters on 1 of your opponent's Pokemon.
84961,Drifloon (49),Drifloon 49,https://tcgplayer-cdn.tcgplayer.com/product/84961_200w.jpg,3,1394,https://cpt.tcgcsv.com/f_H,2026-02-13T20:16:02.613,1,49/124,Common,Psychic,60,Basic,,[P] Sneaky Placement - Put 1 damage counter on 1 of your opponent's Pokemon.,Dx2,,1,0.1,0.31,1.54,0.33,0.25,Normal,
84961,Drifloon (49),Drifloon 49,https://tcgplayer-cdn.tcgplayer.com/product/84961_200w.jpg,3,1394,https://cpt.tcgcsv.com/f_H,2026-02-13T20:16:02.613,1,49/124,Common,Psychic,60,Basic,,[P] Sneaky Placement - Put 1 damage counter on 1 of your opponent's Pokemon.,Dx2,,1,0.37,1.54,1.65,1.12,,Reverse Holofoil,
84962,Drifloon (50),Drifloon 50,https://tcgplayer-cdn.tcgplayer.com/product/84962_200w.jpg,3,1394,https://cpt.tcgcsv.com/g_H,2025-12-04T07:09:21.783,1,50/124,Common,Psychic,60,Basic,,[1] Beat (10),Dx2,,1,0.14,0.31,1.62,0.31,0.21,Normal,[1P] Gust (20)
84962,Drifloon (50),Drifloon 50,https://tcgplayer-cdn.tcgplayer.com/product/84962_200w.jpg,3,1394,https://cpt.tcgcsv.com/g_H,2025-12-04T07:09:21.783,1,50/124,Common,Psychic,60,Basic,,[1] Beat (10),Dx2,,1,0.72,1.51,2.46,1.21,,Reverse Holofoil,[1P] Gust (20)
85021,Durant,Durant,https://tcgplayer-cdn.tcgplayer.com/product/85021_200w.jpg,3,1394,https://cpt.tcgcsv.com/r0J,2023-01-06T17:12:07.59,1,83/124,Uncommon,Metal,70,Basic,,[1] Pull Out - Put a card from your discard pile on top of your deck.,Rx2,P-20,1,0.12,0.28,1.49,0.31,,Normal,[1M] Iron Head (30x) Flip a coin until you get tails.  This attack does 30 damage times the number of heads.
85021,Durant,Durant,https://tcgplayer-cdn.tcgplayer.com/product/85021_200w.jpg,3,1394,https://cpt.tcgcsv.com/r0J,2023-01-06T17:12:07.59,1,83/124,Uncommon,Metal,70,Basic,,[1] Pull Out - Put a card from your discard pile on top of your deck.,Rx2,P-20,1,0.35,0.72,2.0,0.57,,Reverse Holofoil,[1M] Iron Head (30x) Flip a coin until you get tails.  This attack does 30 damage times the number of heads.
85059,Dustox,Dustox,https://tcgplayer-cdn.tcgplayer.com/product/85059_200w.jpg,3,1394,https://cpt.tcgcsv.com/c2J,2023-01-06T16:56:52.43,1,47/124,Rare,Psychic,130,Stage 2,,"[P] Hazardous Scales - The Defending Pokemon is now Asleep, Burned, and Poisoned.",Px2,,1,0.45,0.79,1.25,0.85,,Normal,"[2P] Aerial Ace (50+) Flip a coin.  If heads, this attack does 30 more damage."
85059,Dustox,Dustox,https://tcgplayer-cdn.tcgplayer.com/product/85059_200w.jpg,3,1394,https://cpt.tcgcsv.com/c2J,2023-01-06T16:56:52.43,1,47/124,Rare,Psychic,130,Stage 2,,"[P] Hazardous Scales - The Defending Pokemon is now Asleep, Burned, and Poisoned.",Px2,,1,1.0,1.35,3.95,1.28,,Reverse Holofoil,"[2P] Aerial Ace (50+) Flip a coin.  If heads, this attack does 30 more damage."
85144,Electrike (41),Electrike 41,https://tcgplayer-cdn.tcgplayer.com/product/85144_200w.jpg,3,1394,https://cpt.tcgcsv.com/V3J,2023-01-06T16:55:32.29,1,41/124,Common,Lightning,60,Basic,,[L] Tackle (10),Fx2,,1,0.1,0.25,5.0,0.24,0.2,Normal,"[1L] Quick Attack (10+) Flip a coin.  If heads, this attack does 20 more damage."
85144,Electrike (41),Electrike 41,https://tcgplayer-cdn.tcgplayer.com/product/85144_200w.jpg,3,1394,https://cpt.tcgcsv.com/V3J,2023-01-06T16:55:32.29,1,41/124,Common,Lightning,60,Basic,,[L] Tackle (10),Fx2,,1,0.47,0.77,1.25,0.76,,Reverse Holofoil,"[1L] Quick Attack (10+) Flip a coin.  If heads, this attack does 20 more damage."
85145,Electrike (42),Electrike 42,https://tcgplayer-cdn.tcgplayer.com/product/85145_200w.jpg,3,1394,https://cpt.tcgcsv.com/W3J,2023-01-06T16:55:46.123,1,42/124,Common,Lightning,60,Basic,,[1L] Quick Turn (20x) Flip 2 coins.  This attack does 20 damage times the number of heads.,Fx2,,1,0.15,0.25,5.0,0.23,0.22,Normal,
85145,Electrike (42),Electrike 42,https://tcgplayer-cdn.tcgplayer.com/product/85145_200w.jpg,3,1394,https://cpt.tcgcsv.com/W3J,2023-01-06T16:55:46.123,1,42/124,Common,Lightning,60,Basic,,[1L] Quick Turn (20x) Flip 2 coins.  This attack does 20 damage times the number of heads.,Fx2,,1,0.3,0.5,1.25,0.72,,Reverse Holofoil,
85191,Emolga,Emolga,https://tcgplayer-cdn.tcgplayer.com/product/85191_200w.jpg,3,1394,https://cpt.tcgcsv.com/R5J,2023-01-06T16:56:37.817,1,45/124,Uncommon,Lightning,70,Basic,,[1] Call for Family - Search your deck for 2 Basic Pokemon and put them onto your Bench.  Shuffle your deck afterward.,Lx2,F-20,0,0.3,0.5,5.0,0.61,,Normal,[L] Static Shock (20)
85191,Emolga,Emolga,https://tcgplayer-cdn.tcgplayer.com/product/85191_200w.jpg,3,1394,https://cpt.tcgcsv.com/R5J,2023-01-06T16:56:37.817,1,45/124,Uncommon,Lightning,70,Basic,,[1] Call for Family - Search your deck for 2 Basic Pokemon and put them onto your Bench.  Shuffle your deck afterward.,Lx2,F-20,0,3.66,4.13,8.0,4.68,,Reverse Holofoil,[L] Static Shock (20)
85406,Feebas,Feebas,https://tcgplayer-cdn.tcgplayer.com/product/85406_200w.jpg,3,1394,https://cpt.tcgcsv.com/8bJ,2023-01-06T16:47:33.463,1,27/124,Common,Water,30,Basic,,"[W] Add-a-Dash - Flip 2 coins.  For each heads, draw a card.",Lx2,,1,0.02,0.25,5.0,0.26,,Normal,
85406,Feebas,Feebas,https://tcgplayer-cdn.tcgplayer.com/product/85406_200w.jpg,3,1394,https://cpt.tcgcsv.com/8bJ,2023-01-06T16:47:33.463,1,27/124,Common,Water,30,Basic,,"[W] Add-a-Dash - Flip 2 coins.  For each heads, draw a card.",Lx2,,1,0.42,0.63,1.32,1.06,,Reverse Holofoil,
85486,Flaaffy,Flaaffy,https://tcgplayer-cdn.tcgplayer.com/product/85486_200w.jpg,3,1394,https://cpt.tcgcsv.com/LcJ,2023-01-06T16:48:49.897,1,39/124,Uncommon,Lightning,80,Stage 1,,"[1] Cotton Guard (20) During your opponent's next turn, any damage done to this Pokemon by attacks is reduced by 20 (after applying Weakness and Resistance).",Fx2,,1,0.39,0.47,1.47,0.49,,Normal,[2L] Power Gem (40)
85486,Flaaffy,Flaaffy,https://tcgplayer-cdn.tcgplayer.com/product/85486_200w.jpg,3,1394,https://cpt.tcgcsv.com/LcJ,2023-01-06T16:48:49.897,1,39/124,Uncommon,Lightning,80,Stage 1,,"[1] Cotton Guard (20) During your opponent's next turn, any damage done to this Pokemon by attacks is reduced by 20 (after applying Weakness and Resistance).",Fx2,,1,4.39,4.5,6.99,4.3,,Reverse Holofoil,[2L] Power Gem (40)
85516,Floatzel,Floatzel,https://tcgplayer-cdn.tcgplayer.com/product/85516_200w.jpg,3,1394,https://cpt.tcgcsv.com/ldJ,2023-01-06T16:48:12.867,1,33/124,Uncommon,Water,90,Stage 1,,[1] Wave Splash (20),Lx2,,1,0.04,0.25,1.0,0.25,0.25,Normal,[WW] Waterfall (60)
85516,Floatzel,Floatzel,https://tcgplayer-cdn.tcgplayer.com/product/85516_200w.jpg,3,1394,https://cpt.tcgcsv.com/ldJ,2023-01-06T16:48:12.867,1,33/124,Uncommon,Water,90,Stage 1,,[1] Wave Splash (20),Lx2,,1,0.4,1.25,4.19,1.25,1.51,Reverse Holofoil,[WW] Waterfall (60)
85539,Foongus,Foongus,https://tcgplayer-cdn.tcgplayer.com/product/85539_200w.jpg,3,1394,https://cpt.tcgcsv.com/PdJ,2023-01-06T16:43:49.607,1,17/124,Common,Grass,40,Basic,,[1] Double Spin (10x) Flip 2 coins.  This attack does 10 damage times the number of heads.,Rx2,W-20,1,0.08,0.25,2.25,0.24,,Normal,
85539,Foongus,Foongus,https://tcgplayer-cdn.tcgplayer.com/product/85539_200w.jpg,3,1394,https://cpt.tcgcsv.com/PdJ,2023-01-06T16:43:49.607,1,17/124,Common,Grass,40,Basic,,[1] Double Spin (10x) Flip 2 coins.  This attack does 10 damage times the number of heads.,Rx2,W-20,1,0.39,0.5,2.95,0.63,,Reverse Holofoil,
85600,Gabite (88),Gabite 88,https://tcgplayer-cdn.tcgplayer.com/product/85600_200w.jpg,3,1394,https://cpt.tcgcsv.com/0gJ,2025-12-04T07:10:29.877,1,88/124,Uncommon,Dragon,80,Stage 1,,[1] Tackle (20),Ox2,,1,0.2,0.35,5.92,0.36,0.3,Normal,[FW] Shred (40) This attack's damage isn't affected by any effects on the Defending Pokemon.
85600,Gabite (88),Gabite 88,https://tcgplayer-cdn.tcgplayer.com/product/85600_200w.jpg,3,1394,https://cpt.tcgcsv.com/0gJ,2025-12-04T07:10:29.877,1,88/124,Uncommon,Dragon,80,Stage 1,,[1] Tackle (20),Ox2,,1,1.0,1.51,1.82,1.69,,Reverse Holofoil,[FW] Shred (40) This attack's damage isn't affected by any effects on the Defending Pokemon.
85601,Gabite (89),Gabite 89,https://tcgplayer-cdn.tcgplayer.com/product/85601_200w.jpg,3,1394,https://cpt.tcgcsv.com/2gJ,2025-11-20T20:28:04.533,1,89/124,Uncommon,Dragon,80,Stage 1,"Dragon Call - Once during your turn (before your attack), you may search your deck for a Dragon Pokemon, reveal it, and put it into your hand.  Shuffle your deck afterward.  (Ability)",[FW] Dragonslice (20),Ox2,,0,3.7,4.99,34.99,4.51,,Normal,
85601,Gabite (89),Gabite 89,https://tcgplayer-cdn.tcgplayer.com/product/85601_200w.jpg,3,1394,https://cpt.tcgcsv.com/2gJ,2025-11-20T20:28:04.533,1,89/124,Uncommon,Dragon,80,Stage 1,"Dragon Call - Once during your turn (before your attack), you may search your deck for a Dragon Pokemon, reveal it, and put it into your hand.  Shuffle your deck afterward.  (Ability)",[FW] Dragonslice (20),Ox2,,0,16.99,19.88,31.14,21.12,,Reverse Holofoil,
85616,Garbodor,Garbodor,https://tcgplayer-cdn.tcgplayer.com/product/85616_200w.jpg,3,1394,https://cpt.tcgcsv.com/lgJ,2023-01-06T16:57:54.643,1,54/124,Holo Rare,Psychic,100,Stage 1,"Garbotoxin - If this Pokemon has a Pokemon Tool card attached to it, each Pokemon in play, in each player's hand, and in each player's discard pile has no Abilities (except for Garbotoxin).  (Ability)",[1PP] Sludge Toss (60),Px2,,3,2.24,5.5,7.49,3.92,,Holofoil,
85616,Garbodor,Garbodor,https://tcgplayer-cdn.tcgplayer.com/product/85616_200w.jpg,3,1394,https://cpt.tcgcsv.com/lgJ,2023-01-06T16:57:54.643,1,54/124,Holo Rare,Psychic,100,Stage 1,"Garbotoxin - If this Pokemon has a Pokemon Tool card attached to it, each Pokemon in play, in each player's hand, and in each player's discard pile has no Abilities (except for Garbotoxin).  (Ability)",[1PP] Sludge Toss (60),Px2,,3,1.1,2.05,3.0,2.71,,Reverse Holofoil,
85624,Garchomp (90),Garchomp 90,https://tcgplayer-cdn.tcgplayer.com/product/85624_200w.jpg,3,1394,https://cpt.tcgcsv.com/vgJ,2023-01-06T17:08:39.8,1,90/124,Holo Rare,Dragon,140,Stage 2,,[F] Mach Cut (60) Discard a Special Energy attached to the Defending Pokemon.,Ox2,,1,3.0,4.91,5.0,5.54,,Holofoil,[FW] Dragonblade (100) Discard the top 2 cards of your deck.
85624,Garchomp (90),Garchomp 90,https://tcgplayer-cdn.tcgplayer.com/product/85624_200w.jpg,3,1394,https://cpt.tcgcsv.com/vgJ,2023-01-06T17:08:39.8,1,90/124,Holo Rare,Dragon,140,Stage 2,,[F] Mach Cut (60) Discard a Special Energy attached to the Defending Pokemon.,Ox2,,1,7.28,16.47,24.99,7.07,,Reverse Holofoil,[FW] Dragonblade (100) Discard the top 2 cards of your deck.
85625,Garchomp (91),Garchomp 91,https://tcgplayer-cdn.tcgplayer.com/product/85625_200w.jpg,3,1394,https://cpt.tcgcsv.com/wgJ,2023-05-16T11:26:26.39,1,91/124,Rare,Dragon,140,Stage 2,,[1] Jet Headbutt (40),Ox2,,0,0.52,1.5,2.21,1.64,,Normal,[1FW] Sand Tomb (80) The Defending Pokemon can't retreat during your opponent's next turn.
85625,Garchomp (91),Garchomp 91,https://tcgplayer-cdn.tcgplayer.com/product/85625_200w.jpg,3,1394,https://cpt.tcgcsv.com/wgJ,2023-05-16T11:26:26.39,1,91/124,Rare,Dragon,140,Stage 2,,[1] Jet Headbutt (40),Ox2,,0,2.5,6.1,11.0,7.39,,Reverse Holofoil,[1FW] Sand Tomb (80) The Defending Pokemon can't retreat during your opponent's next turn.
85696,Giant Cape,Giant Cape,https://tcgplayer-cdn.tcgplayer.com/product/85696_200w.jpg,3,1394,https://cpt.tcgcsv.com/XhJ,2023-01-06T17:16:27.673,1,114/124,Uncommon,Item,0,Tool,Attach a Pokemon Tool to 1 of your Pokemon that doesn't already have a Pokemon Tool attached to it.,The Pokemon this card is attached to gets +20 HP.,,,,0.04,0.25,5.0,0.25,,Normal,
85696,Giant Cape,Giant Cape,https://tcgplayer-cdn.tcgplayer.com/product/85696_200w.jpg,3,1394,https://cpt.tcgcsv.com/XhJ,2023-01-06T17:16:27.673,1,114/124,Uncommon,Item,0,Tool,Attach a Pokemon Tool to 1 of your Pokemon that doesn't already have a Pokemon Tool attached to it.,The Pokemon this card is attached to gets +20 HP.,,,,0.18,0.4,2.35,0.39,,Reverse Holofoil,
85702,Gible (86),Gible 86,https://tcgplayer-cdn.tcgplayer.com/product/85702_200w.jpg,3,1394,https://cpt.tcgcsv.com/3jJ,2023-01-06T17:10:00.283,1,86/124,Common,Dragon,50,Basic,,[1] Tackle (10),Ox2,,1,0.07,0.3,9.09,0.3,,Normal,[FW] Gnaw (20)
85702,Gible (86),Gible 86,https://tcgplayer-cdn.tcgplayer.com/product/85702_200w.jpg,3,1394,https://cpt.tcgcsv.com/3jJ,2023-01-06T17:10:00.283,1,86/124,Common,Dragon,50,Basic,,[1] Tackle (10),Ox2,,1,0.8,1.04,2.99,1.71,,Reverse Holofoil,[FW] Gnaw (20)
85703,Gible (87),Gible 87,https://tcgplayer-cdn.tcgplayer.com/product/85703_200w.jpg,3,1394,https://cpt.tcgcsv.com/5jJ,2023-01-06T17:09:03.177,1,87/124,Common,Dragon,60,Basic,,"[F] Sand-Attack - If the Defending Pokemon tries to attack during your opponent's next turn, your opponent flips a coin.  If tails, that attack does nothing.",Ox2,,1,0.07,0.3,5.0,0.33,,Normal,"[1W] Knock Away (10+) Flip a coin.  If heads, this attack does 20 more damage."
85703,Gible (87),Gible 87,https://tcgplayer-cdn.tcgplayer.com/product/85703_200w.jpg,3,1394,https://cpt.tcgcsv.com/5jJ,2023-01-06T17:09:03.177,1,87/124,Common,Dragon,60,Basic,,"[F] Sand-Attack - If the Defending Pokemon tries to attack during your opponent's next turn, your opponent flips a coin.  If tails, that attack does nothing.",Ox2,,1,1.35,2.49,3.14,1.97,,Reverse Holofoil,"[1W] Knock Away (10+) Flip a coin.  If heads, this attack does 20 more damage."
85707,Gigalith,Gigalith,https://tcgplayer-cdn.tcgplayer.com/product/85707_200w.jpg,3,1394,https://cpt.tcgcsv.com/9jJ,2024-07-26T17:30:06.753,1,67/124,Holo Rare,Fighting,140,Stage 2,,[2F] Revenge Cannon (10+) Does 10 more damage for each damage counter on each of your Benched Pokemon.,Gx2,,4,0.49,0.92,2.99,0.91,,Holofoil,[2FF] Reckless Charge (120) This Pokemon does 40 damage to itself.
85707,Gigalith,Gigalith,https://tcgplayer-cdn.tcgplayer.com/product/85707_200w.jpg,3,1394,https://cpt.tcgcsv.com/9jJ,2024-07-26T17:30:06.753,1,67/124,Holo Rare,Fighting,140,Stage 2,,[2F] Revenge Cannon (10+) Does 10 more damage for each damage counter on each of your Benched Pokemon.,Gx2,,4,0.5,1.02,2.99,0.89,,Reverse Holofoil,[2FF] Reckless Charge (120) This Pokemon does 40 damage to itself.
85740,Giratina EX,Giratina EX,https://tcgplayer-cdn.tcgplayer.com/product/85740_200w.jpg,3,1394,https://cpt.tcgcsv.com/QjJ,2025-11-20T21:21:04.227,1,92/124,Ultra Rare,Dragon,180,Basic,,[1GP] Shred (90) This attack's damage isn't affected by any effects on the Defending Pokemon.,Ox2,,3,17.99,23.34,50.05,23.79,23.89,Holofoil,[2GP] Dragon Pulse (130) Discard the top 3 cards of your deck.
85741,Giratina EX (124 Full Art),Giratina EX 124 Full Art,https://tcgplayer-cdn.tcgplayer.com/product/85741_200w.jpg,3,1394,https://cpt.tcgcsv.com/RjJ,2023-01-06T17:18:30.373,1,124/124,Ultra Rare,Dragon,180,Basic,,[1GP] Shred (90) This attack's damage isn't affected by any effects on the Defending Pokemon.,Ox2,,3,269.51,345.92,649.99,285.1,,Holofoil,[2GP] Dragon Pulse (130) Discard the top 3 cards of your deck.
85833,Golett,Golett,https://tcgplayer-cdn.tcgplayer.com/product/85833_200w.jpg,3,1394,https://cpt.tcgcsv.com/HlJ,2023-03-23T12:44:46.94,1,58/124,Common,Psychic,90,Basic,,[2] Nap - Heal 40 damage from this Pokemon.,Dx2,,3,0.11,0.25,4.0,0.24,0.25,Normal,[2P] Pound (40)
85833,Golett,Golett,https://tcgplayer-cdn.tcgplayer.com/product/85833_200w.jpg,3,1394,https://cpt.tcgcsv.com/HlJ,2023-03-23T12:44:46.94,1,58/124,Common,Psychic,90,Basic,,[2] Nap - Heal 40 damage from this Pokemon.,Dx2,,3,0.21,0.44,3.95,0.38,,Reverse Holofoil,[2P] Pound (40)
85836,Golurk,Golurk,https://tcgplayer-cdn.tcgplayer.com/product/85836_200w.jpg,3,1394,https://cpt.tcgcsv.com/LlJ,2025-12-10T23:58:44.403,1,59/124,Holo Rare,Psychic,130,Stage 1,,[2P] Devolution Punch (60) Devolve the Defending Pokemon and put the highest Stage Evolution card on it into your opponent's hand.,Dx2,,4,0.57,0.85,4.95,1.16,,Holofoil,"[2PP] Ghost Hammer (90) During your opponent's next turn, this Pokemon has no Weakness."
85836,Golurk,Golurk,https://tcgplayer-cdn.tcgplayer.com/product/85836_200w.jpg,3,1394,https://cpt.tcgcsv.com/LlJ,2025-12-10T23:58:44.403,1,59/124,Holo Rare,Psychic,130,Stage 1,,[2P] Devolution Punch (60) Devolve the Defending Pokemon and put the highest Stage Evolution card on it into your opponent's hand.,Dx2,,4,0.4,1.36,6.5,1.38,,Reverse Holofoil,"[2PP] Ghost Hammer (90) During your opponent's next turn, this Pokemon has no Weakness."
85847,Gothita,Gothita,https://tcgplayer-cdn.tcgplayer.com/product/85847_200w.jpg,3,1394,https://cpt.tcgcsv.com/ZlJ,2025-11-10T23:50:44.83,1,55/124,Common,Psychic,50,Basic,,[P] Future Sight - Look at the top 5 cards of your deck and put them back on top of your deck in any order.,Px2,,1,0.1,0.25,3.0,0.27,0.25,Normal,
85847,Gothita,Gothita,https://tcgplayer-cdn.tcgplayer.com/product/85847_200w.jpg,3,1394,https://cpt.tcgcsv.com/ZlJ,2025-11-10T23:50:44.83,1,55/124,Common,Psychic,50,Basic,,[P] Future Sight - Look at the top 5 cards of your deck and put them back on top of your deck in any order.,Px2,,1,0.5,1.02,2.34,1.11,,Reverse Holofoil,
85853,Gothitelle,Gothitelle,https://tcgplayer-cdn.tcgplayer.com/product/85853_200w.jpg,3,1394,https://cpt.tcgcsv.com/5mJ,2023-01-06T16:58:17.203,1,57/124,Rare,Psychic,130,Stage 2,,"[1P] Doom Decree - Flip 2 coins.  If both of them are heads, the Defending Pokemon is Knocked Out.",Px2,,2,0.3,0.75,3.49,0.82,,Normal,[2P] Black Magic (40+) Does 20 more damage for each of your opponent's Benched Pokemon.
85853,Gothitelle,Gothitelle,https://tcgplayer-cdn.tcgplayer.com/product/85853_200w.jpg,3,1394,https://cpt.tcgcsv.com/5mJ,2023-01-06T16:58:17.203,1,57/124,Rare,Psychic,130,Stage 2,,"[1P] Doom Decree - Flip 2 coins.  If both of them are heads, the Defending Pokemon is Knocked Out.",Px2,,2,1.07,3.18,9.87,2.02,,Reverse Holofoil,[2P] Black Magic (40+) Does 20 more damage for each of your opponent's Benched Pokemon.
85857,Gothorita,Gothorita,https://tcgplayer-cdn.tcgplayer.com/product/85857_200w.jpg,3,1394,https://cpt.tcgcsv.com/9mJ,2025-12-04T07:12:03.427,1,56/124,Uncommon,Psychic,80,Stage 1,,[P] Hypnoblast (10) The Defending Pokemon is now Asleep.,Px2,,1,0.24,0.37,5.0,0.41,0.39,Normal,[2P] Mind Shock (40) This attack's damage isn't affected by Weakness or Resistance.
85857,Gothorita,Gothorita,https://tcgplayer-cdn.tcgplayer.com/product/85857_200w.jpg,3,1394,https://cpt.tcgcsv.com/9mJ,2025-12-04T07:12:03.427,1,56/124,Uncommon,Psychic,80,Stage 1,,[P] Hypnoblast (10) The Defending Pokemon is now Asleep.,Px2,,1,0.75,1.0,4.99,0.9,0.87,Reverse Holofoil,[2P] Mind Shock (40) This attack's damage isn't affected by Weakness or Resistance.
86000,Gyarados,Gyarados,https://tcgplayer-cdn.tcgplayer.com/product/86000_200w.jpg,3,1394,https://cpt.tcgcsv.com/0qJ,2023-01-06T16:46:22.34,1,24/124,Rare,Water,130,Stage 1,,[2W] Sharp Fang (60),Lx2,,3,1.27,1.79,1.96,1.96,,Normal,[3W] Swing Around (60+) Flip 2 coins.  This attack does 30 more damage for each heads.
86000,Gyarados,Gyarados,https://tcgplayer-cdn.tcgplayer.com/product/86000_200w.jpg,3,1394,https://cpt.tcgcsv.com/0qJ,2023-01-06T16:46:22.34,1,24/124,Rare,Water,130,Stage 1,,[2W] Sharp Fang (60),Lx2,,3,4.0,4.01,8.13,9.37,,Reverse Holofoil,[3W] Swing Around (60+) Flip 2 coins.  This attack does 30 more damage for each heads.
86130,Ho-Oh EX,Ho Oh EX,https://tcgplayer-cdn.tcgplayer.com/product/86130_200w.jpg,3,1394,https://cpt.tcgcsv.com/DsJ,2026-02-02T18:53:10.407,1,22/124,Ultra Rare,Fire,160,Basic,"Rebirth - Once during your turn (before your attack), if this Pokemon is in your discard pile, you may flip a coin.  If heads, put this Pokemon onto your Bench and attach 3 different types of basic Energy cards from your discard pile to this Pokemon.  (Ability)",[3] Rainbow Burn (20+) Does 20 more damage for each different type of basic Energy attached to this Pokemon.,Wx2,F-20,2,2.5,4.08,9.95,5.69,,Holofoil,
86131,Ho-Oh Ex (119 Full Art),Ho Oh Ex 119 Full Art,https://tcgplayer-cdn.tcgplayer.com/product/86131_200w.jpg,3,1394,https://cpt.tcgcsv.com/FsJ,2023-01-06T17:17:41.323,1,119/124,Ultra Rare,Fire,160,Basic,"Rebirth - Once during your turn (before your attack), if this Pokemon is in your discard pile, you may flip a coin.  If heads, put this Pokemon onto your Bench and attach 3 different types of basic Energy cards from your discard pile to this Pokemon.  (Ability)",[3] Rainbow Burn (20+) Does 20 more damage for each different type of basic Energy attached to this Pokemon.,Wx2,F-20,2,145.99,160.0,399.25,244.99,399.25,Holofoil,
86163,Honchkrow,Honchkrow,https://tcgplayer-cdn.tcgplayer.com/product/86163_200w.jpg,3,1394,https://cpt.tcgcsv.com/htJ,2023-01-06T17:03:57.207,1,73/124,Rare,Darkness,110,Stage 1,,[2] Whirlwind (30) Your opponent switches the Defending Pokemon with 1 of his or her Benched Pokemon.,Lx2,F-20,2,0.4,0.69,1.49,0.7,,Normal,[2D] Diving Swipe (70) Discard a random card from your opponent's hand.
86163,Honchkrow,Honchkrow,https://tcgplayer-cdn.tcgplayer.com/product/86163_200w.jpg,3,1394,https://cpt.tcgcsv.com/htJ,2023-01-06T17:03:57.207,1,73/124,Rare,Darkness,110,Stage 1,,[2] Whirlwind (30) Your opponent switches the Defending Pokemon with 1 of his or her Benched Pokemon.,Lx2,F-20,2,0.85,0.99,19.99,0.97,,Reverse Holofoil,[2D] Diving Swipe (70) Discard a random card from your opponent's hand.
86183,Hoppip,Hoppip,https://tcgplayer-cdn.tcgplayer.com/product/86183_200w.jpg,3,1394,https://cpt.tcgcsv.com/HtJ,2023-01-06T16:41:30.683,1,1/124,Common,Grass,30,Basic,,[G] Flail Around (10x) Flip 3 coins.  This attack does 10 damage times the number of heads.,Rx2,W-20,1,0.14,0.35,5.48,0.36,,Normal,
86183,Hoppip,Hoppip,https://tcgplayer-cdn.tcgplayer.com/product/86183_200w.jpg,3,1394,https://cpt.tcgcsv.com/HtJ,2023-01-06T16:41:30.683,1,1/124,Common,Grass,30,Basic,,[G] Flail Around (10x) Flip 3 coins.  This attack does 10 damage times the number of heads.,Rx2,W-20,1,0.38,0.73,3.49,0.77,,Reverse Holofoil,
86212,Houndoom,Houndoom,https://tcgplayer-cdn.tcgplayer.com/product/86212_200w.jpg,3,1394,https://cpt.tcgcsv.com/gvJ,2023-05-11T10:22:13.91,1,75/124,Rare,Darkness,100,Stage 1,,[D] Bite (30),Fx2,P-20,1,1.64,3.52,8.5,4.93,,Normal,[2D] Fire Fang (70) The Defending Pokemon is now Burned.
86212,Houndoom,Houndoom,https://tcgplayer-cdn.tcgplayer.com/product/86212_200w.jpg,3,1394,https://cpt.tcgcsv.com/gvJ,2023-05-11T10:22:13.91,1,75/124,Rare,Darkness,100,Stage 1,,[D] Bite (30),Fx2,P-20,1,13.27,14.59,15.9,12.11,,Reverse Holofoil,[2D] Fire Fang (70) The Defending Pokemon is now Burned.
86233,Houndour,Houndour,https://tcgplayer-cdn.tcgplayer.com/product/86233_200w.jpg,3,1394,https://cpt.tcgcsv.com/HvJ,2025-11-10T23:35:35.627,1,74/124,Common,Darkness,60,Basic,,[D] Bite (10),Fx2,P-20,1,0.16,0.37,9.09,0.42,0.35,Normal,[2D] Darkness Fang (30)
86233,Houndour,Houndour,https://tcgplayer-cdn.tcgplayer.com/product/86233_200w.jpg,3,1394,https://cpt.tcgcsv.com/HvJ,2025-11-10T23:35:35.627,1,74/124,Common,Darkness,60,Basic,,[D] Bite (10),Fx2,P-20,1,4.16,5.0,10.94,4.59,,Reverse Holofoil,[2D] Darkness Fang (30)
86241,Hydreigon (97),Hydreigon 97,https://tcgplayer-cdn.tcgplayer.com/product/86241_200w.jpg,3,1394,https://cpt.tcgcsv.com/RvJ,2023-01-06T17:07:51.17,1,97/124,Holo Rare,Dragon,150,Stage 2,"Dark Trance - As often as you like during your turn (before your attack), you may move a D Energy attached to 1 of your Pokemon to another of your Pokemon.  (Ability)",[1DDP] Dragonblast (140) Discard 2 D Energy attached to this Pokemon.,Ox2,,3,1.5,4.0,8.0,4.97,7.77,Holofoil,
86241,Hydreigon (97),Hydreigon 97,https://tcgplayer-cdn.tcgplayer.com/product/86241_200w.jpg,3,1394,https://cpt.tcgcsv.com/RvJ,2023-01-06T17:07:51.17,1,97/124,Holo Rare,Dragon,150,Stage 2,"Dark Trance - As often as you like during your turn (before your attack), you may move a D Energy attached to 1 of your Pokemon to another of your Pokemon.  (Ability)",[1DDP] Dragonblast (140) Discard 2 D Energy attached to this Pokemon.,Ox2,,3,0.98,2.28,7.98,2.99,,Reverse Holofoil,
86242,Hydreigon (98),Hydreigon 98,https://tcgplayer-cdn.tcgplayer.com/product/86242_200w.jpg,3,1394,https://cpt.tcgcsv.com/SvJ,2025-12-10T23:59:13.17,1,98/124,Rare,Dragon,150,Stage 2,,[2D] Consume (40) Heal from this Pokemon the same amount of damage you did to the Defending Pokemon.,Ox2,,3,0.27,0.65,1.67,0.72,,Normal,"[2DP] Destructor Beam (90) Flip a coin.  If heads, discard an Energy attached to the Defending Pokemon."
86242,Hydreigon (98),Hydreigon 98,https://tcgplayer-cdn.tcgplayer.com/product/86242_200w.jpg,3,1394,https://cpt.tcgcsv.com/SvJ,2025-12-10T23:59:13.17,1,98/124,Rare,Dragon,150,Stage 2,,[2D] Consume (40) Heal from this Pokemon the same amount of damage you did to the Defending Pokemon.,Ox2,,3,0.8,2.95,96.95,2.0,96.95,Reverse Holofoil,"[2DP] Destructor Beam (90) Flip a coin.  If heads, discard an Energy attached to the Defending Pokemon."
86368,Jumpluff,Jumpluff,https://tcgplayer-cdn.tcgplayer.com/product/86368_200w.jpg,3,1394,https://cpt.tcgcsv.com/nzJ,2023-01-06T16:41:43.24,1,3/124,Rare,Grass,90,Stage 2,"Leave It to the Wind - Once during your turn (before your attack), you may return this Pokemon and all cards attached to it to your hand.  (Ability)",[G] Acrobatics (20+) Flip 2 coins.  This attack does 30 more damage for each heads.,Rx2,W-20,0,0.4,0.77,1.76,0.75,,Normal,
86368,Jumpluff,Jumpluff,https://tcgplayer-cdn.tcgplayer.com/product/86368_200w.jpg,3,1394,https://cpt.tcgcsv.com/nzJ,2023-01-06T16:41:43.24,1,3/124,Rare,Grass,90,Stage 2,"Leave It to the Wind - Once during your turn (before your attack), you may return this Pokemon and all cards attached to it to your hand.  (Ability)",[G] Acrobatics (20+) Flip 2 coins.  This attack does 30 more damage for each heads.,Rx2,W-20,0,0.45,1.14,2.45,1.32,,Reverse Holofoil,
86544,Krookodile,Krookodile,https://tcgplayer-cdn.tcgplayer.com/product/86544_200w.jpg,3,1394,https://cpt.tcgcsv.com/VDJ,2023-01-06T17:19:00.513,1,127/124,Secret Rare,Darkness,150,Stage 2,,[2D] Dark Clamp (60) The Defending Pokemon can't retreat during your opponent's next turn.,Fx2,P-20,3,201.5,221.76,301.49,199.99,,Holofoil,[2DD] Bombast (40x) Does 40 damage times the number of Prize cards you have taken.
86584,Lairon,Lairon,https://tcgplayer-cdn.tcgplayer.com/product/86584_200w.jpg,3,1394,https://cpt.tcgcsv.com/JFJ,2024-05-15T13:31:32.667,1,79/124,Uncommon,Metal,90,Stage 1,,[1M] Metal Claw (30),Rx2,P-20,3,0.04,0.34,5.0,0.34,,Normal,"[1MM] Wreak Havoc (60) Flip a coin until you get tails.  For each heads, discard the top card of your opponent's deck."
86584,Lairon,Lairon,https://tcgplayer-cdn.tcgplayer.com/product/86584_200w.jpg,3,1394,https://cpt.tcgcsv.com/JFJ,2024-05-15T13:31:32.667,1,79/124,Uncommon,Metal,90,Stage 1,,[1M] Metal Claw (30),Rx2,P-20,3,0.25,0.85,2.0,0.78,,Reverse Holofoil,"[1MM] Wreak Havoc (60) Flip a coin until you get tails.  For each heads, discard the top card of your opponent's deck."
87036,Magikarp,Magikarp,https://tcgplayer-cdn.tcgplayer.com/product/87036_200w.jpg,3,1394,https://cpt.tcgcsv.com/LQJ,2025-12-04T07:14:15.63,1,23/124,Common,Water,30,Basic,,[W] Soggy Rush (10x) Flip a coin until you get tails.  This attack does 10 damage times the number of heads.,Lx2,,1,0.23,0.53,3.0,0.6,,Normal,
87036,Magikarp,Magikarp,https://tcgplayer-cdn.tcgplayer.com/product/87036_200w.jpg,3,1394,https://cpt.tcgcsv.com/LQJ,2025-12-04T07:14:15.63,1,23/124,Common,Water,30,Basic,,[W] Soggy Rush (10x) Flip a coin until you get tails.  This attack does 10 damage times the number of heads.,Lx2,,1,6.03,24.99,49.99,9.29,,Reverse Holofoil,
87053,Magmar,Magmar,https://tcgplayer-cdn.tcgplayer.com/product/87053_200w.jpg,3,1394,https://cpt.tcgcsv.com/5RJ,2025-12-04T07:15:12.803,1,20/124,Common,Fire,80,Basic,,[1] Beat (10),Wx2,,2,0.1,0.25,19.5,0.27,0.19,Normal,[1RR] Magma Punch (50)
87053,Magmar,Magmar,https://tcgplayer-cdn.tcgplayer.com/product/87053_200w.jpg,3,1394,https://cpt.tcgcsv.com/5RJ,2025-12-04T07:15:12.803,1,20/124,Common,Fire,80,Basic,,[1] Beat (10),Wx2,,2,0.5,0.89,1.94,0.8,,Reverse Holofoil,[1RR] Magma Punch (50)
87062,Magmortar,Magmortar,https://tcgplayer-cdn.tcgplayer.com/product/87062_200w.jpg,3,1394,https://cpt.tcgcsv.com/gRJ,2023-01-06T16:45:47.713,1,21/124,Rare,Fire,120,Stage 1,,"[R] Flame Screen (40) During your opponent's next turn, any damage done to this Pokemon by attacks is reduced by 20 (after applying Weakness and Resistance).",Wx2,,3,0.32,0.56,1.98,0.67,,Normal,[2R] Flamethrower (90) Discard an Energy attached to this Pokemon.
87062,Magmortar,Magmortar,https://tcgplayer-cdn.tcgplayer.com/product/87062_200w.jpg,3,1394,https://cpt.tcgcsv.com/gRJ,2023-01-06T16:45:47.713,1,21/124,Rare,Fire,120,Stage 1,,"[R] Flame Screen (40) During your opponent's next turn, any damage done to this Pokemon by attacks is reduced by 20 (after applying Weakness and Resistance).",Wx2,,3,0.6,1.0,3.04,1.13,,Reverse Holofoil,[2R] Flamethrower (90) Discard an Energy attached to this Pokemon.
87165,Manectric (43),Manectric 43,https://tcgplayer-cdn.tcgplayer.com/product/87165_200w.jpg,3,1394,https://cpt.tcgcsv.com/kTJ,2025-12-10T23:59:41.407,1,43/124,Rare,Lightning,90,Stage 1,,[L] Energy Crush (20x) Does 20 damage times the amount of Energy attached to all of your opponent's Pokemon.,Fx2,,0,0.21,0.58,1.49,0.66,,Normal,[2L] Flash Impact (80) Does 20 damage to 1 of your Pokemon.  (Don't apply Weakness and Resistance for Benched Pokemon.)
87165,Manectric (43),Manectric 43,https://tcgplayer-cdn.tcgplayer.com/product/87165_200w.jpg,3,1394,https://cpt.tcgcsv.com/kTJ,2025-12-10T23:59:41.407,1,43/124,Rare,Lightning,90,Stage 1,,[L] Energy Crush (20x) Does 20 damage times the amount of Energy attached to all of your opponent's Pokemon.,Fx2,,0,0.9,1.0,96.95,1.0,0.95,Reverse Holofoil,[2L] Flash Impact (80) Does 20 damage to 1 of your Pokemon.  (Don't apply Weakness and Resistance for Benched Pokemon.)
87166,Manectric (44),Manectric 44,https://tcgplayer-cdn.tcgplayer.com/product/87166_200w.jpg,3,1394,https://cpt.tcgcsv.com/lTJ,2025-12-01T23:15:51.32,1,44/124,Rare,Lightning,90,Stage 1,,[L] Energy Assist - Attach 2 basic Energy cards from your discard pile to 1 of your Benched Pokemon.,Fx2,,1,0.23,0.5,1.8,0.59,0.47,Normal,"[1L] Quick Attack (30+) Flip a coin.  If heads, this attack does 20 more damage."
87166,Manectric (44),Manectric 44,https://tcgplayer-cdn.tcgplayer.com/product/87166_200w.jpg,3,1394,https://cpt.tcgcsv.com/lTJ,2025-12-01T23:15:51.32,1,44/124,Rare,Lightning,90,Stage 1,,[L] Energy Assist - Attach 2 basic Energy cards from your discard pile to 1 of your Benched Pokemon.,Fx2,,1,0.48,0.7,2.56,0.82,1.99,Reverse Holofoil,"[1L] Quick Attack (30+) Flip a coin.  If heads, this attack does 20 more damage."
87190,Maractus,Maractus,https://tcgplayer-cdn.tcgplayer.com/product/87190_200w.jpg,3,1394,https://cpt.tcgcsv.com/QTJ,2023-01-06T16:43:43.54,1,16/124,Uncommon,Grass,90,Basic,,"[1G] Stun Needle (20) Flip a coin.  If heads, the Defending Pokemon is now Paralyzed.",Rx2,W-20,2,0.15,0.31,2.25,0.26,,Normal,"[2G] Reinforced Needle (40+) If this Pokemon has a Pokemon Tool card attached to it, this attack does 40 more damage."
87190,Maractus,Maractus,https://tcgplayer-cdn.tcgplayer.com/product/87190_200w.jpg,3,1394,https://cpt.tcgcsv.com/QTJ,2023-01-06T16:43:43.54,1,16/124,Uncommon,Grass,90,Basic,,"[1G] Stun Needle (20) Flip a coin.  If heads, the Defending Pokemon is now Paralyzed.",Rx2,W-20,2,0.49,0.66,3.0,0.91,,Reverse Holofoil,"[2G] Reinforced Needle (40+) If this Pokemon has a Pokemon Tool card attached to it, this attack does 40 more damage."
87208,Mareep,Mareep,https://tcgplayer-cdn.tcgplayer.com/product/87208_200w.jpg,3,1394,https://cpt.tcgcsv.com/bVJ,2025-12-11T00:00:05.303,1,38/124,Common,Lightning,60,Basic,,"[1] Cotton Guard - During your opponent's next turn, any damage done to this Pokemon by attacks is reduced by 20 (after applying Weakness and Resistance).",Fx2,,1,0.3,0.5,6.52,0.4,,Normal,"[1L] Thunder Jolt (30) Flip a coin.  If tails, this Pokemon does 10 damage to itself."
87208,Mareep,Mareep,https://tcgplayer-cdn.tcgplayer.com/product/87208_200w.jpg,3,1394,https://cpt.tcgcsv.com/bVJ,2025-12-11T00:00:05.303,1,38/124,Common,Lightning,60,Basic,,"[1] Cotton Guard - During your opponent's next turn, any damage done to this Pokemon by attacks is reduced by 20 (after applying Weakness and Resistance).",Fx2,,1,1.11,2.24,96.95,1.21,1.48,Reverse Holofoil,"[1L] Thunder Jolt (30) Flip a coin.  If tails, this Pokemon does 10 damage to itself."
87229,Marowak,Marowak,https://tcgplayer-cdn.tcgplayer.com/product/87229_200w.jpg,3,1394,https://cpt.tcgcsv.com/CVJ,2025-11-10T23:30:03.447,1,61/124,Rare,Fighting,100,Stage 1,,[F] Bone Lock (30) The Defending Pokemon can't retreat during your opponent's next turn.,Wx2,L-20,1,0.25,0.5,1.65,0.48,0.41,Normal,"[2F] Vortex Chop (60+) If the Defending Pokemon has any Resistance, this attack does 30 more damage."
87229,Marowak,Marowak,https://tcgplayer-cdn.tcgplayer.com/product/87229_200w.jpg,3,1394,https://cpt.tcgcsv.com/CVJ,2025-11-10T23:30:03.447,1,61/124,Rare,Fighting,100,Stage 1,,[F] Bone Lock (30) The Defending Pokemon can't retreat during your opponent's next turn.,Wx2,L-20,1,0.89,1.0,2.18,0.89,,Reverse Holofoil,"[2F] Vortex Chop (60+) If the Defending Pokemon has any Resistance, this attack does 30 more damage."
87411,Mew EX,Mew EX,https://tcgplayer-cdn.tcgplayer.com/product/87411_200w.jpg,3,1394,https://cpt.tcgcsv.com/f-J,2026-02-02T18:23:15.207,1,46/124,Ultra Rare,Psychic,120,Basic,Versatile - This Pokemon can use the attacks of any Pokemon in play (both yours and your opponent's).  (You still need the necessary Energy to use each attack.)  (Ability),[P] Replace - Move as many Energy attached to your Pokemon to your other Pokemon in any way you like.,Px2,,1,51.99,79.95,150.0,84.79,82.99,Holofoil,
87412,Mew EX (120 Full Art),Mew EX 120 Full Art,https://tcgplayer-cdn.tcgplayer.com/product/87412_200w.jpg,3,1394,https://cpt.tcgcsv.com/g-J,2023-01-06T17:17:50.747,1,120/124,Ultra Rare,Psychic,120,Basic,Versatile - This Pokemon can use the attacks of any Pokemon in play (both yours and your opponent's).  (You still need the necessary Energy to use each attack.)  (Ability),[P] Replace - Move as many Energy attached to your Pokemon to your other Pokemon in any way you like.,Px2,,1,450.0,477.49,529.99,462.33,,Holofoil,
87457,Milotic,Milotic,https://tcgplayer-cdn.tcgplayer.com/product/87457_200w.jpg,3,1394,https://cpt.tcgcsv.com/9_J,2023-01-06T16:47:40.13,1,28/124,Holo Rare,Water,110,Stage 1,,[W] Clear Search - Search your deck for any 3 cards and put them into your hand.  Shuffle your deck afterward.,Lx2,,1,1.6,2.05,3.54,2.74,,Holofoil,[2W] Water Pulse (60) The Defending Pokemon is now Asleep.
87457,Milotic,Milotic,https://tcgplayer-cdn.tcgplayer.com/product/87457_200w.jpg,3,1394,https://cpt.tcgcsv.com/9_J,2023-01-06T16:47:40.13,1,28/124,Holo Rare,Water,110,Stage 1,,[W] Clear Search - Search your deck for any 3 cards and put them into your hand.  Shuffle your deck afterward.,Lx2,,1,0.99,1.89,7.65,2.47,,Reverse Holofoil,[2W] Water Pulse (60) The Defending Pokemon is now Asleep.
87477,Minccino,Minccino,https://tcgplayer-cdn.tcgplayer.com/product/87477_200w.jpg,3,1394,https://cpt.tcgcsv.com/z_J,2025-11-10T23:27:51.26,1,109/124,Common,Colorless,60,Basic,,[1] Pound (10),Fx2,,1,0.15,0.28,1.58,0.32,0.16,Normal,[2] Reckless Charge (30) This Pokemon does 10 damage to itself.
87477,Minccino,Minccino,https://tcgplayer-cdn.tcgplayer.com/product/87477_200w.jpg,3,1394,https://cpt.tcgcsv.com/z_J,2025-11-10T23:27:51.26,1,109/124,Common,Colorless,60,Basic,,[1] Pound (10),Fx2,,1,0.37,0.86,4.99,0.93,,Reverse Holofoil,[2] Reckless Charge (30) This Pokemon does 10 damage to itself.
87657,Murkrow,Murkrow,https://tcgplayer-cdn.tcgplayer.com/product/87657_200w.jpg,3,1394,https://cpt.tcgcsv.com/95K,2023-01-06T17:03:51.08,1,72/124,Common,Darkness,70,Basic,,[1] Peck (10),Lx2,F-20,1,0.1,0.27,5.0,0.29,,Normal,[1D] Wing Attack (20)
87657,Murkrow,Murkrow,https://tcgplayer-cdn.tcgplayer.com/product/87657_200w.jpg,3,1394,https://cpt.tcgcsv.com/95K,2023-01-06T17:03:51.08,1,72/124,Common,Darkness,70,Basic,,[1] Peck (10),Lx2,F-20,1,0.55,1.1,2.19,1.46,,Reverse Holofoil,[1D] Wing Attack (20)
87762,Nincada,Nincada,https://tcgplayer-cdn.tcgplayer.com/product/87762_200w.jpg,3,1394,https://cpt.tcgcsv.com/g7K,2023-01-06T16:42:36.227,1,10/124,Common,Grass,40,Basic,,"[1] Dig (10) Flip a coin.  If heads, prevent all effects of attacks, including damage, done to this Pokemon during your opponent's next turn.",Rx2,,1,0.16,0.3,2.35,0.36,,Normal,
87762,Nincada,Nincada,https://tcgplayer-cdn.tcgplayer.com/product/87762_200w.jpg,3,1394,https://cpt.tcgcsv.com/g7K,2023-01-06T16:42:36.227,1,10/124,Common,Grass,40,Basic,,"[1] Dig (10) Flip a coin.  If heads, prevent all effects of attacks, including damage, done to this Pokemon during your opponent's next turn.",Rx2,,1,0.42,0.83,3.49,0.96,,Reverse Holofoil,
87778,Ninetales,Ninetales,https://tcgplayer-cdn.tcgplayer.com/product/87778_200w.jpg,3,1394,https://cpt.tcgcsv.com/B7K,2023-01-06T16:44:05.65,1,19/124,Holo Rare,Fire,90,Stage 1,"Bright Look - When you play this Pokemon from your hand to evolve 1 of your Pokemon, you may switch 1 of your opponent's Benched Pokemon with his or her Active Pokemon.  (Ability)",[R] Hexed Flame (20+) Does 50 more damage for each Special Condition affecting the Defending Pokemon.,Wx2,,1,4.5,9.6,14.7,7.62,,Holofoil,
87778,Ninetales,Ninetales,https://tcgplayer-cdn.tcgplayer.com/product/87778_200w.jpg,3,1394,https://cpt.tcgcsv.com/B7K,2023-01-06T16:44:05.65,1,19/124,Holo Rare,Fire,90,Stage 1,"Bright Look - When you play this Pokemon from your hand to evolve 1 of your Pokemon, you may switch 1 of your opponent's Benched Pokemon with his or her Active Pokemon.  (Ability)",[R] Hexed Flame (20+) Does 50 more damage for each Special Condition affecting the Defending Pokemon.,Wx2,,1,4.77,7.77,13.24,6.39,,Reverse Holofoil,
87788,Ninjask,Ninjask,https://tcgplayer-cdn.tcgplayer.com/product/87788_200w.jpg,3,1394,https://cpt.tcgcsv.com/N7K,2023-01-06T16:42:43.73,1,11/124,Uncommon,Grass,60,Stage 1,"Cast-off Shell - When you play this Pokemon from your hand to evolve 1 of your Pokemon, you may search your deck for Shedinja and put it onto your Bench.  Shuffle your deck afterward.  (Ability)",[1G] Night Slash (60) You may switch this Pokemon with 1 of your Benched Pokemon.,Rx2,,1,0.25,0.47,96.95,0.53,,Normal,
87788,Ninjask,Ninjask,https://tcgplayer-cdn.tcgplayer.com/product/87788_200w.jpg,3,1394,https://cpt.tcgcsv.com/N7K,2023-01-06T16:42:43.73,1,11/124,Uncommon,Grass,60,Stage 1,"Cast-off Shell - When you play this Pokemon from your hand to evolve 1 of your Pokemon, you may search your deck for Shedinja and put it onto your Bench.  Shuffle your deck afterward.  (Ability)",[1G] Night Slash (60) You may switch this Pokemon with 1 of your Benched Pokemon.,Rx2,,1,0.8,1.23,3.5,1.64,,Reverse Holofoil,
87804,Nosepass,Nosepass,https://tcgplayer-cdn.tcgplayer.com/product/87804_200w.jpg,3,1394,https://cpt.tcgcsv.com/68K,2023-08-28T09:32:44.583,1,62/124,Common,Fighting,80,Basic,,[2] Rock Throw (20),Gx2,,2,0.14,0.29,5.0,0.32,0.3,Normal,
87804,Nosepass,Nosepass,https://tcgplayer-cdn.tcgplayer.com/product/87804_200w.jpg,3,1394,https://cpt.tcgcsv.com/68K,2023-08-28T09:32:44.583,1,62/124,Common,Fighting,80,Basic,,[2] Rock Throw (20),Gx2,,2,0.2,0.52,1.25,0.52,,Reverse Holofoil,
87924,Palpitoad,Palpitoad,https://tcgplayer-cdn.tcgplayer.com/product/87924_200w.jpg,3,1394,https://cpt.tcgcsv.com/vbK,2023-01-06T16:48:27.283,1,35/124,Uncommon,Water,80,Stage 1,,[1] Supersonic - The Defending Pokemon is now Confused.,Gx2,,1,0.13,0.25,2.58,0.27,,Normal,[2W] Hyper Voice (50)
87924,Palpitoad,Palpitoad,https://tcgplayer-cdn.tcgplayer.com/product/87924_200w.jpg,3,1394,https://cpt.tcgcsv.com/vbK,2023-01-06T16:48:27.283,1,35/124,Uncommon,Water,80,Stage 1,,[1] Supersonic - The Defending Pokemon is now Confused.,Gx2,,1,0.3,0.55,2.0,0.66,,Reverse Holofoil,[2W] Hyper Voice (50)
88379,Probopass,Probopass,https://tcgplayer-cdn.tcgplayer.com/product/88379_200w.jpg,3,1394,https://cpt.tcgcsv.com/CmK,2025-11-10T23:08:36.597,1,82/124,Rare,Metal,110,Stage 1,,[2] Magnetic Lines (30) You may move an Energy attached to the Defending Pokemon to 1 of your opponent's Benched Pokemon.,Rx2,P-20,4,0.25,0.47,1.74,0.39,0.38,Normal,"[2M] Heavy Nose (60+) If the Defending Pokemon already has any damage counters on it, this attack does 30 more damage."
88379,Probopass,Probopass,https://tcgplayer-cdn.tcgplayer.com/product/88379_200w.jpg,3,1394,https://cpt.tcgcsv.com/CmK,2025-11-10T23:08:36.597,1,82/124,Rare,Metal,110,Stage 1,,[2] Magnetic Lines (30) You may move an Energy attached to the Defending Pokemon to 1 of your opponent's Benched Pokemon.,Rx2,P-20,4,0.25,0.68,1.99,0.76,,Reverse Holofoil,"[2M] Heavy Nose (60+) If the Defending Pokemon already has any damage counters on it, this attack does 30 more damage."
88630,Rayquaza,Rayquaza,https://tcgplayer-cdn.tcgplayer.com/product/88630_200w.jpg,3,1394,https://cpt.tcgcsv.com/DsK,2023-01-06T17:19:08.453,1,128/124,Secret Rare,Dragon,120,Basic,,[L] Dragon Pulse (40) Discard the top 2 cards of your deck.,Ox2,,3,549.95,759.82,969.69,549.99,,Holofoil,[1LR] Shred (90) This attack's damage isn't affected by any effects on the Defending Pokemon.
88645,Rayquaza EX,Rayquaza EX,https://tcgplayer-cdn.tcgplayer.com/product/88645_200w.jpg,3,1394,https://cpt.tcgcsv.com/WsK,2026-02-16T22:44:34.23,1,85/124,Ultra Rare,Dragon,170,Basic,,"[1] Celestial Roar - Discard the top 3 cards of your deck.  If any of those cards are Energy cards, attach them to this Pokemon.",Ox2,,1,7.5,13.0,53.43,13.77,35.5,Holofoil,[LR] Dragon Burst (60x) Discard all basic R Energy or all basic L Energy attached to this Pokemon.  This attack does 60 damage times the number of Energy cards you discarded.
88648,Rayquaza EX (123 Full Art),Rayquaza EX 123 Full Art,https://tcgplayer-cdn.tcgplayer.com/product/88648_200w.jpg,3,1394,https://cpt.tcgcsv.com/-sK,2023-01-06T17:18:22.443,1,123/124,Ultra Rare,Dragon,170,Basic,,"[1] Celestial Roar - Discard the top 3 cards of your deck.  If any of those cards are Energy cards, attach them to this Pokemon.",Ox2,,1,147.97,523.99,900.0,178.28,,Holofoil,[LR] Dragon Burst (60x) Discard all basic R Energy or all basic L Energy attached to this Pokemon.  This attack does 60 damage times the number of Energy cards you discarded.
88681,Registeel EX,Registeel EX,https://tcgplayer-cdn.tcgplayer.com/product/88681_200w.jpg,3,1394,https://cpt.tcgcsv.com/FtK,2023-01-06T17:12:21.54,1,81/124,Ultra Rare,Metal,180,Basic,,[3] Triple Laser - This attack does 30 damage to 3 of your opponent's Pokemon.  (Don't apply Weakness and Resistance for Benched Pokemon.),Rx2,P-20,4,9.13,12.06,25.0,11.49,,Holofoil,"[2MM] Protect Charge (80) During your opponent's next turn, any damage done to this Pokemon by attacks is reduced by 20 (after applying Weakness and Resistance)."
88682,Registeel EX (122 Full Art),Registeel EX 122 Full Art,https://tcgplayer-cdn.tcgplayer.com/product/88682_200w.jpg,3,1394,https://cpt.tcgcsv.com/GtK,2023-01-06T17:18:12.733,1,122/124,Ultra Rare,Metal,180,Basic,,[3] Triple Laser - This attack does 30 damage to 3 of your opponent's Pokemon.  (Don't apply Weakness and Resistance for Benched Pokemon.),Rx2,P-20,4,59.66,70.0,999.99,69.0,,Holofoil,"[2MM] Protect Charge (80) During your opponent's next turn, any damage done to this Pokemon by attacks is reduced by 20 (after applying Weakness and Resistance)."
88702,Rescue Scarf,Rescue Scarf,https://tcgplayer-cdn.tcgplayer.com/product/88702_200w.jpg,3,1394,https://cpt.tcgcsv.com/3vK,2023-01-06T17:16:40.063,1,115/124,Uncommon,Item,0,Tool,Attach a Pokemon Tool to 1 of your Pokemon that doesn't already have a Pokemon Tool attached to it.,"If the Pokemon this card is attached to is Knocked Out by damage from an attack, put that Pokemon into your hand.  (Discard all cards attached to that Pokemon.)",,,,0.25,0.73,5.0,0.64,,Normal,
88702,Rescue Scarf,Rescue Scarf,https://tcgplayer-cdn.tcgplayer.com/product/88702_200w.jpg,3,1394,https://cpt.tcgcsv.com/3vK,2023-01-06T17:16:40.063,1,115/124,Uncommon,Item,0,Tool,Attach a Pokemon Tool to 1 of your Pokemon that doesn't already have a Pokemon Tool attached to it.,"If the Pokemon this card is attached to is Knocked Out by damage from an attack, put that Pokemon into your hand.  (Discard all cards attached to that Pokemon.)",,,,1.22,2.0,7.63,2.45,,Reverse Holofoil,
88722,Reuniclus,Reuniclus,https://tcgplayer-cdn.tcgplayer.com/product/88722_200w.jpg,3,1394,https://cpt.tcgcsv.com/svK,2023-01-06T17:18:50.61,1,126/124,Secret Rare,Psychic,90,Stage 2,"Damage Swap - As often as you like during your turn (before you attack), you may move 1 damage counter from 1 of your Pokemon to another of your Pokemon.  (Ability)",[PPP] Psywave (30+) Does 10 more damage for each Energy attached to the Defending Pokemon.,Px2,,2,83.0,115.2,325.0,129.99,,Holofoil,
88807,Roggenrola,Roggenrola,https://tcgplayer-cdn.tcgplayer.com/product/88807_200w.jpg,3,1394,https://cpt.tcgcsv.com/9xK,2023-01-06T17:02:52.043,1,65/124,Common,Fighting,70,Basic,,"[1F] Stone Edge (10+) Flip a coin.  If heads, this attack does 20 more damage.",Gx2,,3,0.05,0.25,2.29,0.26,,Normal,[2F] Hammer In (40)
88807,Roggenrola,Roggenrola,https://tcgplayer-cdn.tcgplayer.com/product/88807_200w.jpg,3,1394,https://cpt.tcgcsv.com/9xK,2023-01-06T17:02:52.043,1,65/124,Common,Fighting,70,Basic,,"[1F] Stone Edge (10+) Flip a coin.  If heads, this attack does 20 more damage.",Gx2,,3,0.29,0.52,4.19,0.64,,Reverse Holofoil,[2F] Hammer In (40)
88824,Roselia (12),Roselia 12,https://tcgplayer-cdn.tcgplayer.com/product/88824_200w.jpg,3,1394,https://cpt.tcgcsv.com/vxK,2025-11-10T23:06:05.667,1,12/124,Uncommon,Grass,70,Basic,,[1] Double Whip (10x) Flip 2 coins.  This attack does 10 damage times the number of heads.,Rx2,W-20,1,0.6,0.98,4.0,0.95,0.75,Normal,[G] Relaxing Fragrance - Heal 30 damage and remove all Special Conditions from this Pokemon.
88824,Roselia (12),Roselia 12,https://tcgplayer-cdn.tcgplayer.com/product/88824_200w.jpg,3,1394,https://cpt.tcgcsv.com/vxK,2025-11-10T23:06:05.667,1,12/124,Uncommon,Grass,70,Basic,,[1] Double Whip (10x) Flip 2 coins.  This attack does 10 damage times the number of heads.,Rx2,W-20,1,3.19,4.64,7.77,4.64,,Reverse Holofoil,[G] Relaxing Fragrance - Heal 30 damage and remove all Special Conditions from this Pokemon.
88825,Roselia (13),Roselia 13,https://tcgplayer-cdn.tcgplayer.com/product/88825_200w.jpg,3,1394,https://cpt.tcgcsv.com/wxK,2023-01-06T16:43:03.857,1,13/124,Common,Grass,70,Basic,,"[1G] Needling Sting (10+) Flip a coin.  If heads, this attack does 20 more damage.",Rx2,W-20,1,0.1,0.25,5.0,0.25,0.25,Normal,
88825,Roselia (13),Roselia 13,https://tcgplayer-cdn.tcgplayer.com/product/88825_200w.jpg,3,1394,https://cpt.tcgcsv.com/wxK,2023-01-06T16:43:03.857,1,13/124,Common,Grass,70,Basic,,"[1G] Needling Sting (10+) Flip a coin.  If heads, this attack does 20 more damage.",Rx2,W-20,1,0.25,0.73,4.19,0.72,,Reverse Holofoil,
88831,Roserade (14),Roserade 14,https://tcgplayer-cdn.tcgplayer.com/product/88831_200w.jpg,3,1394,https://cpt.tcgcsv.com/FxK,2025-12-11T00:01:04.377,1,14/124,Uncommon,Grass,90,Stage 1,,[G] Crosswise Whip (30x) Flip 4 coins.  This attack does 30 damage times the number of heads.,Rx2,W-20,1,0.21,0.35,1.55,0.35,,Normal,[2G] Poison Point (60) The Defending Pokemon is now Poisoned.
88831,Roserade (14),Roserade 14,https://tcgplayer-cdn.tcgplayer.com/product/88831_200w.jpg,3,1394,https://cpt.tcgcsv.com/FxK,2025-12-11T00:01:04.377,1,14/124,Uncommon,Grass,90,Stage 1,,[G] Crosswise Whip (30x) Flip 4 coins.  This attack does 30 damage times the number of heads.,Rx2,W-20,1,1.0,1.36,2.0,1.46,1.25,Reverse Holofoil,[2G] Poison Point (60) The Defending Pokemon is now Poisoned.
88832,Roserade (15),Roserade 15,https://tcgplayer-cdn.tcgplayer.com/product/88832_200w.jpg,3,1394,https://cpt.tcgcsv.com/GxK,2025-11-10T23:04:53.343,1,15/124,Rare,Grass,90,Stage 1,"Le Parfum - When you play this Pokemon from your hand to evolve 1 of your Pokemon, you may search your deck for any card and put it into your hand.  Shuffle your deck afterward.  (Ability)","[1G] Squeeze (30+) Flip a coin.  If heads, this attack does 20 more damage and the Defending Pokemon is now Paralyzed.",Rx2,W-20,1,23.41,25.0,96.95,29.84,,Normal,
88832,Roserade (15),Roserade 15,https://tcgplayer-cdn.tcgplayer.com/product/88832_200w.jpg,3,1394,https://cpt.tcgcsv.com/GxK,2025-11-10T23:04:53.343,1,15/124,Rare,Grass,90,Stage 1,"Le Parfum - When you play this Pokemon from your hand to evolve 1 of your Pokemon, you may search your deck for any card and put it into your hand.  Shuffle your deck afterward.  (Ability)","[1G] Squeeze (30+) Flip a coin.  If heads, this attack does 20 more damage and the Defending Pokemon is now Paralyzed.",Rx2,W-20,1,26.01,28.0,40.47,26.85,26.01,Reverse Holofoil,
88843,Rufflet,Rufflet,https://tcgplayer-cdn.tcgplayer.com/product/88843_200w.jpg,3,1394,https://cpt.tcgcsv.com/TxK,2023-01-06T17:16:02.373,1,111/124,Common,Colorless,50,Basic,,"[1] Chirp - Search your deck for 2 Pokemon with F Resistance, reveal them, and put them into your hand.  Shuffle your deck afterward.",Lx2,F-20,1,0.18,0.26,3.0,0.26,0.2,Normal,"[2] Sharp Beak (10+) Flip a coin.  If heads, this attack does 20 more damage."
88843,Rufflet,Rufflet,https://tcgplayer-cdn.tcgplayer.com/product/88843_200w.jpg,3,1394,https://cpt.tcgcsv.com/TxK,2023-01-06T17:16:02.373,1,111/124,Common,Colorless,50,Basic,,"[1] Chirp - Search your deck for 2 Pokemon with F Resistance, reveal them, and put them into your hand.  Shuffle your deck afterward.",Lx2,F-20,1,1.0,1.65,8.0,1.51,,Reverse Holofoil,"[2] Sharp Beak (10+) Flip a coin.  If heads, this attack does 20 more damage."
88939,Sawk,Sawk,https://tcgplayer-cdn.tcgplayer.com/product/88939_200w.jpg,3,1394,https://cpt.tcgcsv.com/PBK,2023-01-06T17:03:29.287,1,69/124,Uncommon,Fighting,90,Basic,,[1] Defensive Stance - Heal 30 damage from this Pokemon.  Switch this Pokemon with 1 of your Benched Pokemon.,Px2,,1,0.14,0.31,2.28,0.31,,Normal,[2F] Karate Chop (70-) Does 70 damage minus 10 for each damage counter on this Pokemon.
88939,Sawk,Sawk,https://tcgplayer-cdn.tcgplayer.com/product/88939_200w.jpg,3,1394,https://cpt.tcgcsv.com/PBK,2023-01-06T17:03:29.287,1,69/124,Uncommon,Fighting,90,Basic,,[1] Defensive Stance - Heal 30 damage from this Pokemon.  Switch this Pokemon with 1 of your Benched Pokemon.,Px2,,1,0.35,0.55,5.49,0.46,,Reverse Holofoil,[2F] Karate Chop (70-) Does 70 damage minus 10 for each damage counter on this Pokemon.
89034,Sealeo,Sealeo,https://tcgplayer-cdn.tcgplayer.com/product/89034_200w.jpg,3,1394,https://cpt.tcgcsv.com/JDK,2023-01-06T16:47:52.223,1,30/124,Uncommon,Water,80,Stage 1,,[1W] Ice Ball (30),Mx2,,3,0.16,0.31,3.29,0.37,0.49,Normal,[2W] Aurora Beam (40)
89034,Sealeo,Sealeo,https://tcgplayer-cdn.tcgplayer.com/product/89034_200w.jpg,3,1394,https://cpt.tcgcsv.com/JDK,2023-01-06T16:47:52.223,1,30/124,Uncommon,Water,80,Stage 1,,[1W] Ice Ball (30),Mx2,,3,0.25,0.7,5.0,0.67,,Reverse Holofoil,[2W] Aurora Beam (40)
89058,Seismitoad,Seismitoad,https://tcgplayer-cdn.tcgplayer.com/product/89058_200w.jpg,3,1394,https://cpt.tcgcsv.com/bFK,2025-11-10T23:02:27.547,1,36/124,Rare,Water,140,Stage 2,,"[3] Echoed Voice (50) During your next turn, this Pokemon's attack does 50 more damage (before applying Weakness and Resistance).",Gx2,,2,0.25,0.64,1.69,0.64,0.48,Normal,[3W] Drain Punch (80) Heal 20 damage from this Pokemon.
89058,Seismitoad,Seismitoad,https://tcgplayer-cdn.tcgplayer.com/product/89058_200w.jpg,3,1394,https://cpt.tcgcsv.com/bFK,2025-11-10T23:02:27.547,1,36/124,Rare,Water,140,Stage 2,,"[3] Echoed Voice (50) During your next turn, this Pokemon's attack does 50 more damage (before applying Weakness and Resistance).",Gx2,,2,1.07,1.25,2.31,1.23,,Reverse Holofoil,[3W] Drain Punch (80) Heal 20 damage from this Pokemon.
89072,Serperior,Serperior,https://tcgplayer-cdn.tcgplayer.com/product/89072_200w.jpg,3,1394,https://cpt.tcgcsv.com/sFK,2023-01-06T17:18:40.463,1,125/124,Secret Rare,Grass,130,Stage 2,"Royal Heal - At any time between turns, heal 10 damage from each of your Pokemon.  (Ability)",[1G] Leaf Tornado (60) Move as many G Energy attached to your Pokemon to your other Pokemon in any way you like.,Rx2,W-20,1,115.0,136.39,151.99,145.99,,Holofoil,
89121,Shedinja,Shedinja,https://tcgplayer-cdn.tcgplayer.com/product/89121_200w.jpg,3,1394,https://cpt.tcgcsv.com/rGK,2023-01-06T16:57:00.23,1,48/124,Rare,Psychic,60,Stage 1,"Empty Shell - If this Pokemon is Knocked Out, your opponent can't take any Prize cards for it.  (Ability)",[P] Cursed Drop - Put 3 damage counters on your opponent's Pokemon in any way you like.,,,0,1.57,2.1,4.83,2.63,,Normal,
89121,Shedinja,Shedinja,https://tcgplayer-cdn.tcgplayer.com/product/89121_200w.jpg,3,1394,https://cpt.tcgcsv.com/rGK,2023-01-06T16:57:00.23,1,48/124,Rare,Psychic,60,Stage 1,"Empty Shell - If this Pokemon is Knocked Out, your opponent can't take any Prize cards for it.  (Ability)",[P] Cursed Drop - Put 3 damage counters on your opponent's Pokemon in any way you like.,,,0,2.91,3.89,8.0,3.81,,Reverse Holofoil,
89206,Sigilyph,Sigilyph,https://tcgplayer-cdn.tcgplayer.com/product/89206_200w.jpg,3,1394,https://cpt.tcgcsv.com/8JK,2023-01-06T16:57:35.097,1,52/124,Holo Rare,Psychic,90,Basic,"Safeguard - Prevent all effects of attacks, including damage, done to this Pokemon by Pokemon-EX.  (Ability)",[2P] Psychic (50+) Does 10 more damage for each Energy attached to the Defending Pokemon.,Px2,,1,0.39,0.66,2.4,0.54,,Holofoil,
89206,Sigilyph,Sigilyph,https://tcgplayer-cdn.tcgplayer.com/product/89206_200w.jpg,3,1394,https://cpt.tcgcsv.com/8JK,2023-01-06T16:57:35.097,1,52/124,Holo Rare,Psychic,90,Basic,"Safeguard - Prevent all effects of attacks, including damage, done to this Pokemon by Pokemon-EX.  (Ability)",[2P] Psychic (50+) Does 10 more damage for each Energy attached to the Defending Pokemon.,Px2,,1,0.4,0.7,2.72,0.97,,Reverse Holofoil,
89214,Silcoon,Silcoon,https://tcgplayer-cdn.tcgplayer.com/product/89214_200w.jpg,3,1394,https://cpt.tcgcsv.com/jJK,2023-01-06T16:42:12.567,1,7/124,Uncommon,Grass,80,Stage 1,,"[1] Harden - During your opponent's next turn, if this Pokemon would be damaged by an attack, prevent that attack's damage done to this Pokemon if that damage is 60 or less.",Rx2,,3,0.1,0.38,1.59,0.38,,Normal,[2G] Bug Bite (40)
89214,Silcoon,Silcoon,https://tcgplayer-cdn.tcgplayer.com/product/89214_200w.jpg,3,1394,https://cpt.tcgcsv.com/jJK,2023-01-06T16:42:12.567,1,7/124,Uncommon,Grass,80,Stage 1,,"[1] Harden - During your opponent's next turn, if this Pokemon would be damaged by an attack, prevent that attack's damage done to this Pokemon if that damage is 60 or less.",Rx2,,3,0.55,1.08,2.3,1.13,,Reverse Holofoil,[2G] Bug Bite (40)
89258,Skiploom,Skiploom,https://tcgplayer-cdn.tcgplayer.com/product/89258_200w.jpg,3,1394,https://cpt.tcgcsv.com/bKK,2024-10-25T11:48:35.87,1,2/124,Uncommon,Grass,60,Stage 1,,[G] Bullet Seed (10x) Flip 4 coins.  This attack does 10 damage times the number of heads.,Rx2,W-20,0,0.09,0.29,3.0,0.31,,Normal,
89258,Skiploom,Skiploom,https://tcgplayer-cdn.tcgplayer.com/product/89258_200w.jpg,3,1394,https://cpt.tcgcsv.com/bKK,2024-10-25T11:48:35.87,1,2/124,Uncommon,Grass,60,Stage 1,,[G] Bullet Seed (10x) Flip 4 coins.  This attack does 10 damage times the number of heads.,Rx2,W-20,0,0.3,0.65,1.86,0.65,,Reverse Holofoil,
89283,Skuntank,Skuntank,https://tcgplayer-cdn.tcgplayer.com/product/89283_200w.jpg,3,1394,https://cpt.tcgcsv.com/HKK,2025-12-04T22:13:51.993,1,77/124,Uncommon,Darkness,90,Stage 1,,"[D] Smogscreen (20) The Defending Pokemon is now Poisoned.  If the Defending Pokemon tries to attack during your opponent's next turn, your opponent flips a coin.  If tails, that attack does nothing.",Fx2,P-20,1,0.15,0.31,19.5,0.34,0.2,Normal,[1DD] Hammer In (80)
89283,Skuntank,Skuntank,https://tcgplayer-cdn.tcgplayer.com/product/89283_200w.jpg,3,1394,https://cpt.tcgcsv.com/HKK,2025-12-04T22:13:51.993,1,77/124,Uncommon,Darkness,90,Stage 1,,"[D] Smogscreen (20) The Defending Pokemon is now Poisoned.  If the Defending Pokemon tries to attack during your opponent's next turn, your opponent flips a coin.  If tails, that attack does nothing.",Fx2,P-20,1,0.38,1.06,2.0,1.09,,Reverse Holofoil,[1DD] Hammer In (80)
89293,Slaking,Slaking,https://tcgplayer-cdn.tcgplayer.com/product/89293_200w.jpg,3,1394,https://cpt.tcgcsv.com/TKK,2026-02-02T18:20:59.653,1,103/124,Holo Rare,Colorless,150,Stage 2,"Unobservant - If your opponent's Active Pokemon is a Basic Pokemon, this Pokemon can't attack.  (Ability)",[4] Crushing Blow (100) Discard an Energy attached to the Defending Pokemon.,Fx2,,4,0.83,1.28,2.34,1.32,1.26,Holofoil,
89293,Slaking,Slaking,https://tcgplayer-cdn.tcgplayer.com/product/89293_200w.jpg,3,1394,https://cpt.tcgcsv.com/TKK,2026-02-02T18:20:59.653,1,103/124,Holo Rare,Colorless,150,Stage 2,"Unobservant - If your opponent's Active Pokemon is a Basic Pokemon, this Pokemon can't attack.  (Ability)",[4] Crushing Blow (100) Discard an Energy attached to the Defending Pokemon.,Fx2,,4,1.0,1.99,3.97,1.69,,Reverse Holofoil,
89300,Slakoth,Slakoth,https://tcgplayer-cdn.tcgplayer.com/product/89300_200w.jpg,3,1394,https://cpt.tcgcsv.com/0LK,2023-01-06T17:13:14.11,1,101/124,Common,Colorless,60,Basic,,[1] Smack 'n' Slack (10) This Pokemon is now Asleep.,Fx2,,2,0.12,0.34,19.5,0.37,0.23,Normal,
89300,Slakoth,Slakoth,https://tcgplayer-cdn.tcgplayer.com/product/89300_200w.jpg,3,1394,https://cpt.tcgcsv.com/0LK,2023-01-06T17:13:14.11,1,101/124,Common,Colorless,60,Basic,,[1] Smack 'n' Slack (10) This Pokemon is now Asleep.,Fx2,,2,0.6,0.8,2.99,0.7,,Reverse Holofoil,
89450,Spheal,Spheal,https://tcgplayer-cdn.tcgplayer.com/product/89450_200w.jpg,3,1394,https://cpt.tcgcsv.com/0PK,2025-12-04T22:15:10.333,1,29/124,Common,Water,60,Basic,,"[1W] Unstoppable Roll (10+) Flip 2 coins.  If both of them are heads, this attack does 30 more damage.",Mx2,,2,0.21,0.32,19.5,0.32,0.36,Normal,
89450,Spheal,Spheal,https://tcgplayer-cdn.tcgplayer.com/product/89450_200w.jpg,3,1394,https://cpt.tcgcsv.com/0PK,2025-12-04T22:15:10.333,1,29/124,Common,Water,60,Basic,,"[1W] Unstoppable Roll (10+) Flip 2 coins.  If both of them are heads, this attack does 30 more damage.",Mx2,,2,2.05,2.27,3.61,3.64,,Reverse Holofoil,
89581,Stunfisk,Stunfisk,https://tcgplayer-cdn.tcgplayer.com/product/89581_200w.jpg,3,1394,https://cpt.tcgcsv.com/FRK,2023-01-06T17:03:36.727,1,70/124,Uncommon,Fighting,100,Basic,,[F] Muddy Water (20) Does 20 damage to 1 of your opponent's Benched Pokemon.  (Don't apply Weakness and Resistance for Benched Pokemon.),Wx2,L-20,3,0.04,0.25,5.0,0.29,0.25,Normal,[1F] Rumble (40) The Defending Pokemon can't retreat during your opponent's next turn.
89581,Stunfisk,Stunfisk,https://tcgplayer-cdn.tcgplayer.com/product/89581_200w.jpg,3,1394,https://cpt.tcgcsv.com/FRK,2023-01-06T17:03:36.727,1,70/124,Uncommon,Fighting,100,Basic,,[F] Muddy Water (20) Does 20 damage to 1 of your opponent's Benched Pokemon.  (Don't apply Weakness and Resistance for Benched Pokemon.),Wx2,L-20,3,0.25,0.5,2.0,0.59,0.29,Reverse Holofoil,[1F] Rumble (40) The Defending Pokemon can't retreat during your opponent's next turn.
89588,Stunky,Stunky,https://tcgplayer-cdn.tcgplayer.com/product/89588_200w.jpg,3,1394,https://cpt.tcgcsv.com/NRK,2025-11-24T12:39:17.033,1,76/124,Common,Darkness,60,Basic,,"[D] Acid Spray (10) Flip a coin.  If heads, discard an Energy attached to the Defending Pokemon.",Fx2,P-20,1,0.09,0.3,19.5,0.28,0.23,Normal,
89588,Stunky,Stunky,https://tcgplayer-cdn.tcgplayer.com/product/89588_200w.jpg,3,1394,https://cpt.tcgcsv.com/NRK,2025-11-24T12:39:17.033,1,76/124,Common,Darkness,60,Basic,,"[D] Acid Spray (10) Flip a coin.  If heads, discard an Energy attached to the Defending Pokemon.",Fx2,P-20,1,0.3,0.5,3.49,0.41,,Reverse Holofoil,
89661,Swablu (104),Swablu 104,https://tcgplayer-cdn.tcgplayer.com/product/89661_200w.jpg,3,1394,https://cpt.tcgcsv.com/fTK,2025-12-11T00:01:38.67,1,104/124,Uncommon,Colorless,40,Basic,,[1] Sing - The Defending Pokemon is now Asleep.,Lx2,F-20,1,0.24,0.42,1.72,0.4,,Normal,[2] Peck (20)
89661,Swablu (104),Swablu 104,https://tcgplayer-cdn.tcgplayer.com/product/89661_200w.jpg,3,1394,https://cpt.tcgcsv.com/fTK,2025-12-11T00:01:38.67,1,104/124,Uncommon,Colorless,40,Basic,,[1] Sing - The Defending Pokemon is now Asleep.,Lx2,F-20,1,1.69,2.14,3.32,2.56,,Reverse Holofoil,[2] Peck (20)
89662,Swablu (105),Swablu 105,https://tcgplayer-cdn.tcgplayer.com/product/89662_200w.jpg,3,1394,https://cpt.tcgcsv.com/gTK,2023-02-22T06:49:50.457,1,105/124,Common,Colorless,40,Basic,,[1] Peck (10),Lx2,F-20,1,0.04,0.25,3.0,0.34,,Normal,
89662,Swablu (105),Swablu 105,https://tcgplayer-cdn.tcgplayer.com/product/89662_200w.jpg,3,1394,https://cpt.tcgcsv.com/gTK,2023-02-22T06:49:50.457,1,105/124,Common,Colorless,40,Basic,,[1] Peck (10),Lx2,F-20,1,0.26,0.79,4.99,0.78,,Reverse Holofoil,
89892,Terrakion EX,Terrakion EX,https://tcgplayer-cdn.tcgplayer.com/product/89892_200w.jpg,3,1394,https://cpt.tcgcsv.com/SZK,2023-01-06T17:03:42.29,1,71/124,Ultra Rare,Fighting,180,Basic,,[1F] Rock Tumble (50) This attack's damage isn't affected by Resistance.,Gx2,,3,5.0,6.6,8.27,6.7,,Holofoil,[1FF] Pump-up Smash (90) Attach 2 basic Energy cards from your hand to your Benched Pokemon in any way you like.
89893,Terrakion EX (121 Full Art),Terrakion EX 121 Full Art,https://tcgplayer-cdn.tcgplayer.com/product/89893_200w.jpg,3,1394,https://cpt.tcgcsv.com/TZK,2023-01-06T17:17:59.863,1,121/124,Ultra Rare,Fighting,180,Basic,,[1F] Rock Tumble (50) This attack's damage isn't affected by Resistance.,Gx2,,3,42.05,48.0,50.36,46.75,,Holofoil,[1FF] Pump-up Smash (90) Attach 2 basic Energy cards from your hand to your Benched Pokemon in any way you like.
89901,Throh,Throh,https://tcgplayer-cdn.tcgplayer.com/product/89901_200w.jpg,3,1394,https://cpt.tcgcsv.com/2-K,2023-01-06T17:03:20.257,1,68/124,Uncommon,Fighting,100,Basic,,"[2F] Squeeze (40+) Flip a coin.  If heads, this attack does 20 more damage and the Defending Pokemon is now Paralyzed.",Px2,,3,0.12,0.36,5.0,0.39,0.3,Normal,"[3F] Superpower (70+) You may do 20 more damage.  If you do, this Pokemon does 20 damage to itself."
89901,Throh,Throh,https://tcgplayer-cdn.tcgplayer.com/product/89901_200w.jpg,3,1394,https://cpt.tcgcsv.com/2-K,2023-01-06T17:03:20.257,1,68/124,Uncommon,Fighting,100,Basic,,"[2F] Squeeze (40+) Flip a coin.  If heads, this attack does 20 more damage and the Defending Pokemon is now Paralyzed.",Px2,,3,0.57,0.85,8.0,0.88,,Reverse Holofoil,"[3F] Superpower (70+) You may do 20 more damage.  If you do, this Pokemon does 20 damage to itself."
89947,Tool Scrapper,Tool Scrapper,https://tcgplayer-cdn.tcgplayer.com/product/89947_200w.jpg,3,1394,https://cpt.tcgcsv.com/Z-K,2023-07-08T15:38:07.923,1,116/124,Uncommon,Item,0,Item,You may play as many Item cards as you like during your turn (before your attack).,Choose up to 2 Pokemon Tool cards attached to Pokemon in play (yours and your opponent's) and discard them.,,,,0.25,0.51,5.0,0.63,,Normal,
89947,Tool Scrapper,Tool Scrapper,https://tcgplayer-cdn.tcgplayer.com/product/89947_200w.jpg,3,1394,https://cpt.tcgcsv.com/Z-K,2023-07-08T15:38:07.923,1,116/124,Uncommon,Item,0,Item,You may play as many Item cards as you like during your turn (before your attack).,Choose up to 2 Pokemon Tool cards attached to Pokemon in play (yours and your opponent's) and discard them.,,,,0.95,1.45,2.99,1.87,,Reverse Holofoil,
90066,Trubbish,Trubbish,https://tcgplayer-cdn.tcgplayer.com/product/90066_200w.jpg,3,1394,https://cpt.tcgcsv.com/l2L,2024-07-26T17:30:06.943,1,53/124,Common,Psychic,70,Basic,,[2] Pound (20),Px2,,2,0.19,0.49,5.0,0.56,,Normal,[2P] Poison Gas (30) The Defending Pokemon is now Poisoned.
90066,Trubbish,Trubbish,https://tcgplayer-cdn.tcgplayer.com/product/90066_200w.jpg,3,1394,https://cpt.tcgcsv.com/l2L,2024-07-26T17:30:06.943,1,53/124,Common,Psychic,70,Basic,,[2] Pound (20),Px2,,2,2.48,2.48,2.48,1.89,,Reverse Holofoil,[2P] Poison Gas (30) The Defending Pokemon is now Poisoned.
90090,Tympole,Tympole,https://tcgplayer-cdn.tcgplayer.com/product/90090_200w.jpg,3,1394,https://cpt.tcgcsv.com/Q2L,2023-01-06T16:48:20.37,1,34/124,Common,Water,50,Basic,,"[W] Bubble (10) Flip a coin.  If heads, the Defending Pokemon is now Paralyzed.",Gx2,,1,0.14,0.25,3.0,0.24,0.24,Normal,
90090,Tympole,Tympole,https://tcgplayer-cdn.tcgplayer.com/product/90090_200w.jpg,3,1394,https://cpt.tcgcsv.com/Q2L,2023-01-06T16:48:20.37,1,34/124,Common,Water,50,Basic,,"[W] Bubble (10) Flip a coin.  If heads, the Defending Pokemon is now Paralyzed.",Gx2,,1,0.3,0.7,2.0,0.62,,Reverse Holofoil,
90372,Vigoroth,Vigoroth,https://tcgplayer-cdn.tcgplayer.com/product/90372_200w.jpg,3,1394,https://cpt.tcgcsv.com/s9L,2023-01-06T17:13:25.043,1,102/124,Uncommon,Colorless,80,Stage 1,,"[2] Ambush (20+) Flip a coin.  If heads, this attack does 40 more damage.",Fx2,,1,0.15,0.28,19.5,0.28,0.23,Normal,
90372,Vigoroth,Vigoroth,https://tcgplayer-cdn.tcgplayer.com/product/90372_200w.jpg,3,1394,https://cpt.tcgcsv.com/s9L,2023-01-06T17:13:25.043,1,102/124,Uncommon,Colorless,80,Stage 1,,"[2] Ambush (20+) Flip a coin.  If heads, this attack does 40 more damage.",Fx2,,1,0.4,0.84,9.09,0.79,,Reverse Holofoil,
90447,Vulpix,Vulpix,https://tcgplayer-cdn.tcgplayer.com/product/90447_200w.jpg,3,1394,https://cpt.tcgcsv.com/ZbL,2023-05-27T19:20:56.41,1,18/124,Common,Fire,60,Basic,,[R] Singe - The Defending Pokemon is now Burned.,Wx2,,1,0.74,1.52,29.99,1.45,2.31,Normal,
90447,Vulpix,Vulpix,https://tcgplayer-cdn.tcgplayer.com/product/90447_200w.jpg,3,1394,https://cpt.tcgcsv.com/ZbL,2023-05-27T19:20:56.41,1,18/124,Common,Fire,60,Basic,,[R] Singe - The Defending Pokemon is now Burned.,Wx2,,1,4321.0,4321.0,4321.0,5.71,,Reverse Holofoil,
90456,Wailmer,Wailmer,https://tcgplayer-cdn.tcgplayer.com/product/90456_200w.jpg,3,1394,https://cpt.tcgcsv.com/8cL,2023-01-06T16:46:28.227,1,25/124,Uncommon,Water,100,Basic,,"[1] Lullaby - Flip a coin.  If heads, the Defending Pokemon is now Asleep.",Lx2,,3,0.18,0.4,4.02,0.43,,Normal,[2W] Water Gun (30)
90456,Wailmer,Wailmer,https://tcgplayer-cdn.tcgplayer.com/product/90456_200w.jpg,3,1394,https://cpt.tcgcsv.com/8cL,2023-01-06T16:46:28.227,1,25/124,Uncommon,Water,100,Basic,,"[1] Lullaby - Flip a coin.  If heads, the Defending Pokemon is now Asleep.",Lx2,,3,1.28,2.79,4.71,2.54,,Reverse Holofoil,[2W] Water Gun (30)
90462,Wailord,Wailord,https://tcgplayer-cdn.tcgplayer.com/product/90462_200w.jpg,3,1394,https://cpt.tcgcsv.com/gcL,2025-12-11T00:02:05.233,1,26/124,Holo Rare,Water,200,Stage 1,,"[W] Water Cannon (30x) Flip a coin.  If heads, this attack does 30 damage times the amount of W Energy attached to this Pokemon.",Lx2,,4,1.53,2.66,5.99,2.38,,Holofoil,[3W] Giant Wave (80) This Pokemon can't use Giant Wave during your next turn.
90462,Wailord,Wailord,https://tcgplayer-cdn.tcgplayer.com/product/90462_200w.jpg,3,1394,https://cpt.tcgcsv.com/gcL,2025-12-11T00:02:05.233,1,26/124,Holo Rare,Water,200,Stage 1,,"[W] Water Cannon (30x) Flip a coin.  If heads, this attack does 30 damage times the amount of W Energy attached to this Pokemon.",Lx2,,4,1.27,1.97,2.77,2.51,,Reverse Holofoil,[3W] Giant Wave (80) This Pokemon can't use Giant Wave during your next turn.
90469,Walrein,Walrein,https://tcgplayer-cdn.tcgplayer.com/product/90469_200w.jpg,3,1394,https://cpt.tcgcsv.com/pcL,2023-01-06T16:47:58.3,1,31/124,Rare,Water,140,Stage 2,,[2W] Aurora Beam (80),Mx2,,4,0.25,0.5,1.67,0.52,,Normal,[2WW] Ice Entomb (60) The Defending Pokemon is now Paralyzed.  This Pokemon can't use Ice Entomb during your next turn.
90469,Walrein,Walrein,https://tcgplayer-cdn.tcgplayer.com/product/90469_200w.jpg,3,1394,https://cpt.tcgcsv.com/pcL,2023-01-06T16:47:58.3,1,31/124,Rare,Water,140,Stage 2,,[2W] Aurora Beam (80),Mx2,,4,0.66,0.73,2.99,0.71,,Reverse Holofoil,[2WW] Ice Entomb (60) The Defending Pokemon is now Paralyzed.  This Pokemon can't use Ice Entomb during your next turn.
90653,Wurmple,Wurmple,https://tcgplayer-cdn.tcgplayer.com/product/90653_200w.jpg,3,1394,https://cpt.tcgcsv.com/5hL,2023-01-06T16:42:05.767,1,6/124,Common,Grass,60,Basic,,"[1] Sleep Poison - Flip a coin.  If heads, the Defending Pokemon is now Asleep and Poisoned.",Rx2,,1,0.1,0.26,5.0,0.22,,Normal,
90653,Wurmple,Wurmple,https://tcgplayer-cdn.tcgplayer.com/product/90653_200w.jpg,3,1394,https://cpt.tcgcsv.com/5hL,2023-01-06T16:42:05.767,1,6/124,Common,Grass,60,Basic,,"[1] Sleep Poison - Flip a coin.  If heads, the Defending Pokemon is now Asleep and Poisoned.",Rx2,,1,4.0,5.1,6.45,6.03,,Reverse Holofoil,
90689,Yanma,Yanma,https://tcgplayer-cdn.tcgplayer.com/product/90689_200w.jpg,3,1394,https://cpt.tcgcsv.com/PhL,2023-01-06T16:41:51.577,1,4/124,Common,Grass,70,Basic,,[2] Whirlwind (20) Your opponent switches the Defending Pokemon with 1 of his or her Benched Pokemon.,Lx2,F-20,1,0.1,0.25,5.0,0.28,,Normal,
90689,Yanma,Yanma,https://tcgplayer-cdn.tcgplayer.com/product/90689_200w.jpg,3,1394,https://cpt.tcgcsv.com/PhL,2023-01-06T16:41:51.577,1,4/124,Common,Grass,70,Basic,,[2] Whirlwind (20) Your opponent switches the Defending Pokemon with 1 of his or her Benched Pokemon.,Lx2,F-20,1,0.3,0.52,1.74,0.53,,Reverse Holofoil,
90695,Yanmega,Yanmega,https://tcgplayer-cdn.tcgplayer.com/product/90695_200w.jpg,3,1394,https://cpt.tcgcsv.com/WhL,2025-12-04T22:17:15.307,1,5/124,Rare,Grass,100,Stage 1,,"[2] Agility (30) Flip a coin.  If heads, prevent all effects of attacks, including damage, done to this Pokemon during your opponent's next turn.",Lx2,F-20,0,0.34,0.87,1.49,0.88,0.6,Normal,[3] Cutting Wind (70)
90695,Yanmega,Yanmega,https://tcgplayer-cdn.tcgplayer.com/product/90695_200w.jpg,3,1394,https://cpt.tcgcsv.com/WhL,2025-12-04T22:17:15.307,1,5/124,Rare,Grass,100,Stage 1,,"[2] Agility (30) Flip a coin.  If heads, prevent all effects of attacks, including damage, done to this Pokemon during your opponent's next turn.",Lx2,F-20,0,0.65,0.95,4.19,0.76,,Reverse Holofoil,[3] Cutting Wind (70)
90780,Zweilous (95),Zweilous 95,https://tcgplayer-cdn.tcgplayer.com/product/90780_200w.jpg,3,1394,https://cpt.tcgcsv.com/DkL,2025-11-10T22:57:19.72,1,95/124,Uncommon,Dragon,80,Stage 1,,"[2] Crunch (30) Flip a coin.  If heads, discard an Energy attached to the Defending Pokemon.",Ox2,,2,0.2,0.37,5.0,0.37,,Normal,[DDP] Dragon Claw (80)
90780,Zweilous (95),Zweilous 95,https://tcgplayer-cdn.tcgplayer.com/product/90780_200w.jpg,3,1394,https://cpt.tcgcsv.com/DkL,2025-11-10T22:57:19.72,1,95/124,Uncommon,Dragon,80,Stage 1,,"[2] Crunch (30) Flip a coin.  If heads, discard an Energy attached to the Defending Pokemon.",Ox2,,2,0.6,1.25,1.99,1.54,,Reverse Holofoil,[DDP] Dragon Claw (80)
90781,Zweilous (96),Zweilous 96,https://tcgplayer-cdn.tcgplayer.com/product/90781_200w.jpg,3,1394,https://cpt.tcgcsv.com/FkL,2023-01-06T17:08:00.6,1,96/124,Uncommon,Dragon,90,Stage 1,,[1] Draw In - Attach 2 D Energy from your discard pile to this Pokemon.,Ox2,,3,0.22,0.36,28.0,0.32,0.24,Normal,[1DP] Dragon Headbutt (40)
90781,Zweilous (96),Zweilous 96,https://tcgplayer-cdn.tcgplayer.com/product/90781_200w.jpg,3,1394,https://cpt.tcgcsv.com/FkL,2023-01-06T17:08:00.6,1,96/124,Uncommon,Dragon,90,Stage 1,,[1] Draw In - Attach 2 D Energy from your discard pile to this Pokemon.,Ox2,,3,0.2,0.85,2.15,1.1,,Reverse Holofoil,[1DP] Dragon Headbutt (40)
98540,Dragons Exalted Booster Box,Dragons Exalted Booster Box,https://tcgplayer-cdn.tcgplayer.com/product/98540_200w.jpg,3,1394,https://cpt.tcgcsv.com/QqP,2015-05-06T13:44:37.66,1,,,,,,,,,,,,,,,,,
98541,Dragons Exalted Booster Pack,Dragons Exalted Booster Pack,https://tcgplayer-cdn.tcgplayer.com/product/98541_200w.jpg,3,1394,https://cpt.tcgcsv.com/RqP,2017-07-22T17:06:55.923,1,,,,,,,,,,,292.98,292.98,292.98,187.27,,Normal,
280553,Code Card - Dragons Exalted Booster Pack,Code Card Dragons Exalted Booster Pack,https://tcgplayer-cdn.tcgplayer.com/product/280553_200w.jpg,3,1394,https://cpt.tcgcsv.com/5fg3,2022-07-27T20:52:57.17,1,,Code Card,,,,"This listing is <strong>not</strong> a physical item. Please keep in mind that this <strong>Code Card</strong> listing represents a digital copy of the stated item for the Pokémon TCG Online <strong>and/or</strong> the Pokémon TCG Live games. You may receive the physical <strong>Code Card</strong>. Upon purchase, please work with your specific Seller by sending them a message using the <strong>Contact Seller</strong> button on the order details in your <a href=https://store.tcgplayer.com/myaccount/orderhistory>Order History</a> to opt in to having your <strong>Code Card</strong> code delivered digitally due to the nature of the product.",,,,,0.44,0.48,2.0,,,Normal,
