productId,name,cleanName,imageUrl,categoryId,groupId,url,modifiedOn,imageCount,extCardText,lowPrice,midPrice,highPrice,marketPrice,directLowPrice,subTypeName,extNumber,extRarity,extCardType,extHP,extStage,extAttack1,extWeakness,extResistance,extRetreatCost,extAttack2,extAttack3
173392,Dragon Majesty Booster Pack,Dragon Majesty Booster Pack,https://tcgplayer-cdn.tcgplayer.com/product/173392_200w.jpg,3,2295,https://cpt.tcgcsv.com/Smp2,2018-08-31T15:45:36.717,1,"Noble Pokémon of wing and claw fly high in the Pokémon TCG: Dragon Majesty expansion! Look for Dragon Majesty collections to bring forth a mighty horde of draconic Pokémon: Reshiram-GX, Salamence-GX, Dragonite-GX, and over a dozen more, including Charizard! Their command of fire, battle, and sky will rise to the top for collectors and competitors alike. Get ready to soar with these awesome Pokémon in the special Dragon Majesty expansion!
<br>
<br>",70.0,77.39,79.99,67.7,,Normal,,,,,,,,,,,
173393,Dragon Majesty Elite Trainer Box,Dragon Majesty Elite Trainer Box,https://tcgplayer-cdn.tcgplayer.com/product/173393_200w.jpg,3,2295,https://cpt.tcgcsv.com/Tmp2,2018-09-06T14:25:37.773,1,"Noble Pokémon of wing and claw fly high in the Pokémon TCG: Dragon Majesty expansion! Look for Dragon Majesty collections to bring forth a mighty horde of draconic Pokémon: Reshiram-GX, Salamence-GX, Dragonite-GX, and over a dozen more, including Charizard! Their command of fire, battle, and sky will rise to the top for collectors and competitors alike. Get ready to soar with these awesome Pokémon in the special Dragon Majesty expansion!
<br>
<br>",949.99,1150.0,2999.99,755.54,,Normal,,,,,,,,,,,
175062,Dragon Majesty Pin Collection [Latias],Dragon Majesty Pin Collection Latias,https://tcgplayer-cdn.tcgplayer.com/product/175062_200w.jpg,3,2295,https://cpt.tcgcsv.com/g2q2,2018-08-31T15:41:33.487,1,"Each Dragon Majesty Pin Collection [Latias] contains:
<br>• 1 Promo card of Latias
<br>• 1 Collector's pin of Latias
<br>• 3 Dragon Majesty Booster Packs
<br>• 1 code card for the Pokémon Trading Card Game Online",299.0,299.5,300.0,285.0,,Normal,,,,,,,,,,,
175063,Dragon Majesty Pin Collection [Latios],Dragon Majesty Pin Collection Latios,https://tcgplayer-cdn.tcgplayer.com/product/175063_200w.jpg,3,2295,https://cpt.tcgcsv.com/h2q2,2018-08-31T15:41:59.187,1,"Each Dragon Majesty Pin Collection [Latios] contains:
<br>• 1 Promo card of Latios
<br>• 1 Collector's pin of Latios
<br>• 3 Dragon Majesty Booster Packs
<br>• 1 code card for the Pokémon Trading Card Game Online",300.0,300.0,300.0,,,Normal,,,,,,,,,,,
175263,Charmander,Charmander,https://tcgplayer-cdn.tcgplayer.com/product/175263_200w.jpg,3,2295,https://cpt.tcgcsv.com/h7q2,2023-11-02T13:51:24.873,1,,13.99,23.95,29.99,17.45,,Reverse Holofoil,1/70,Common,Fire,70,Basic,"[1R] Fire Fang (20)
<br>Your opponent's Active Pokémon is now Burned.",Wx2,None,2,,
175263,Charmander,Charmander,https://tcgplayer-cdn.tcgplayer.com/product/175263_200w.jpg,3,2295,https://cpt.tcgcsv.com/h7q2,2023-11-02T13:51:24.873,1,,1.31,3.0,96.95,3.46,19.98,Normal,1/70,Common,Fire,70,Basic,"[1R] Fire Fang (20)
<br>Your opponent's Active Pokémon is now Burned.",Wx2,None,2,,
175269,Charmeleon,Charmeleon,https://tcgplayer-cdn.tcgplayer.com/product/175269_200w.jpg,3,2295,https://cpt.tcgcsv.com/p7q2,2026-02-17T14:04:59.173,1,"<strong>Ability — Burning Fighter</strong>
<br>When you play this Pokémon from your hand to evolve 1 of your Pokémon during your turn, you may discard the top 5 cards of your deck. If any of those cards are Fire Energy cards, attach them to this Pokemon.",1.8,2.75,5.0,2.83,,Reverse Holofoil,2/70,Uncommon,Fire,80,Stage 1,"[1RR] Flamethrower (80)
<br>Discard an Energy from this Pokémon.",Wx2,None,2,,
175269,Charmeleon,Charmeleon,https://tcgplayer-cdn.tcgplayer.com/product/175269_200w.jpg,3,2295,https://cpt.tcgcsv.com/p7q2,2026-02-17T14:04:59.173,1,"<strong>Ability — Burning Fighter</strong>
<br>When you play this Pokémon from your hand to evolve 1 of your Pokémon during your turn, you may discard the top 5 cards of your deck. If any of those cards are Fire Energy cards, attach them to this Pokemon.",0.3,0.76,1.75,0.76,0.44,Normal,2/70,Uncommon,Fire,80,Stage 1,"[1RR] Flamethrower (80)
<br>Discard an Energy from this Pokémon.",Wx2,None,2,,
175270,Charizard,Charizard,https://tcgplayer-cdn.tcgplayer.com/product/175270_200w.jpg,3,2295,https://cpt.tcgcsv.com/q7q2,2025-12-10T05:19:16.86,1,"<strong>Ability — Resolute Flame</strong>
<br>This Pokémon's attacks do 30 more damage to your opponent's Active Pokémon for each of their Pokémon-GX and Pokémon-EX in play.",17.5,21.84,39.99,21.52,,Reverse Holofoil,3/70,Holo Rare,Fire,160,Stage 2,"[1RR] Fiery Blast (130)
<br>Discard an Energy from this Pokémon.",Wx2,None,2,,
175270,Charizard,Charizard,https://tcgplayer-cdn.tcgplayer.com/product/175270_200w.jpg,3,2295,https://cpt.tcgcsv.com/q7q2,2025-12-10T05:19:16.86,1,"<strong>Ability — Resolute Flame</strong>
<br>This Pokémon's attacks do 30 more damage to your opponent's Active Pokémon for each of their Pokémon-GX and Pokémon-EX in play.",5.0,7.91,14.99,8.37,,Holofoil,3/70,Holo Rare,Fire,160,Stage 2,"[1RR] Fiery Blast (130)
<br>Discard an Energy from this Pokémon.",Wx2,None,2,,
175272,Torchic,Torchic,https://tcgplayer-cdn.tcgplayer.com/product/175272_200w.jpg,3,2295,https://cpt.tcgcsv.com/s7q2,2022-12-06T16:10:04.047,1,,0.05,0.25,1.49,0.25,0.23,Normal,4/70,Common,Fire,60,Basic,"[1] Singe
<br>Flip a coin. If heads, your opponent's Active Pokémon is now Burned.",Wx2,None,1,,
175272,Torchic,Torchic,https://tcgplayer-cdn.tcgplayer.com/product/175272_200w.jpg,3,2295,https://cpt.tcgcsv.com/s7q2,2022-12-06T16:10:04.047,1,,0.5,0.84,1.24,0.79,,Reverse Holofoil,4/70,Common,Fire,60,Basic,"[1] Singe
<br>Flip a coin. If heads, your opponent's Active Pokémon is now Burned.",Wx2,None,1,,
175273,Combusken,Combusken,https://tcgplayer-cdn.tcgplayer.com/product/175273_200w.jpg,3,2295,https://cpt.tcgcsv.com/t7q2,2022-12-06T16:10:15.663,1,"<strong>Ability — Natural Cure</strong>
<br>Whenever you attach an Energy card from your hand to this Pokémon, remove all Special Conditions from it.",0.02,0.33,1.49,0.27,,Normal,5/70,Uncommon,Fire,80,Stage 1,"[2] Lunge (60)
<br>Flip a coin. If tails, this attack does nothing.",Wx2,None,1,,
175273,Combusken,Combusken,https://tcgplayer-cdn.tcgplayer.com/product/175273_200w.jpg,3,2295,https://cpt.tcgcsv.com/t7q2,2022-12-06T16:10:15.663,1,"<strong>Ability — Natural Cure</strong>
<br>Whenever you attach an Energy card from your hand to this Pokémon, remove all Special Conditions from it.",0.4,0.84,96.95,0.73,96.95,Reverse Holofoil,5/70,Uncommon,Fire,80,Stage 1,"[2] Lunge (60)
<br>Flip a coin. If tails, this attack does nothing.",Wx2,None,1,,
175274,Blaziken,Blaziken,https://tcgplayer-cdn.tcgplayer.com/product/175274_200w.jpg,3,2295,https://cpt.tcgcsv.com/v7q2,2025-11-21T00:56:19.34,1,"<strong>Ability — Firestarter</strong>
<br>Once during your turn (before your attack), you may attach a Fire Energy card from your discard pile to 1 of your Benched Pokemon.",6.75,9.49,13.89,8.46,,Reverse Holofoil,6/70,Holo Rare,Fire,150,Stage 2,"[2R] Fire Stream (90)
<br>Discard a Fire Energy card attached to this Pokemon, then do 20 damage to each of your opponent’s Benched Pokemon. (Don’t apply Weakness or Resistance for Benched Pokemon.)",Wx2,None,2,,
175274,Blaziken,Blaziken,https://tcgplayer-cdn.tcgplayer.com/product/175274_200w.jpg,3,2295,https://cpt.tcgcsv.com/v7q2,2025-11-21T00:56:19.34,1,"<strong>Ability — Firestarter</strong>
<br>Once during your turn (before your attack), you may attach a Fire Energy card from your discard pile to 1 of your Benched Pokemon.",0.91,1.8,8.95,1.88,,Holofoil,6/70,Holo Rare,Fire,150,Stage 2,"[2R] Fire Stream (90)
<br>Discard a Fire Energy card attached to this Pokemon, then do 20 damage to each of your opponent’s Benched Pokemon. (Don’t apply Weakness or Resistance for Benched Pokemon.)",Wx2,None,2,,
175275,Victini Prism Star,Victini Prism Star,https://tcgplayer-cdn.tcgplayer.com/product/175275_200w.jpg,3,2295,https://cpt.tcgcsv.com/w7q2,2025-12-10T22:48:11.52,1,,2.75,7.22,96.95,7.4,4.19,Holofoil,7/70,Prism Rare,Fire,90,Basic,"[RR] Infinity (20x)
<br>This attack does 20 damage times the number of basic Energy cards in your discard pile. Then, shuffle those cards into your deck.",Wx2,None,1,,
175276,Darumaka,Darumaka,https://tcgplayer-cdn.tcgplayer.com/product/175276_200w.jpg,3,2295,https://cpt.tcgcsv.com/x7q2,2024-07-26T17:29:20.403,1,,0.3,0.5,2.0,0.45,,Reverse Holofoil,8/70,Common,Fire,70,Basic,"[2] Damage Rush (10+)
<br>Flip a coin until you get tails. This attack does 30 more damage times the number of heads.",Wx2,None,2,,
175276,Darumaka,Darumaka,https://tcgplayer-cdn.tcgplayer.com/product/175276_200w.jpg,3,2295,https://cpt.tcgcsv.com/x7q2,2024-07-26T17:29:20.403,1,,0.05,0.22,1.49,0.2,,Normal,8/70,Common,Fire,70,Basic,"[2] Damage Rush (10+)
<br>Flip a coin until you get tails. This attack does 30 more damage times the number of heads.",Wx2,None,2,,
175277,Darmanitan,Darmanitan,https://tcgplayer-cdn.tcgplayer.com/product/175277_200w.jpg,3,2295,https://cpt.tcgcsv.com/z7q2,2022-12-06T16:10:49.383,1,,0.04,0.25,1.49,0.2,0.24,Normal,9/70,Uncommon,Fire,130,Stage 1,"[R] Heat Assist
<br>Attach up to 3 Fire Energy cards from your hand to your Pokémon in any way you like.",Wx2,None,2,"[1RR] Darmani-Hands (30+)
<br>Flip 4 coins. This attack does 50 more damage for each heads.",
175277,Darmanitan,Darmanitan,https://tcgplayer-cdn.tcgplayer.com/product/175277_200w.jpg,3,2295,https://cpt.tcgcsv.com/z7q2,2022-12-06T16:10:49.383,1,,0.18,0.6,2.0,0.46,,Reverse Holofoil,9/70,Uncommon,Fire,130,Stage 1,"[R] Heat Assist
<br>Attach up to 3 Fire Energy cards from your hand to your Pokémon in any way you like.",Wx2,None,2,"[1RR] Darmani-Hands (30+)
<br>Flip 4 coins. This attack does 50 more damage for each heads.",
175312,Heatmor,Heatmor,https://tcgplayer-cdn.tcgplayer.com/product/175312_200w.jpg,3,2295,https://cpt.tcgcsv.com/g8q2,2024-07-26T17:29:20.463,1,,0.04,0.25,1.49,0.26,0.24,Normal,10/70,Uncommon,Fire,110,Basic,"[R] Super Singe
<br>Your opponent’s Active Pokemon is now Burned.",Wx2,None,2,"[RR] Blackening Breath (120)
<br>If your opponent’s Active Pokemon isn’t Burned, this attack does nothing.",
175312,Heatmor,Heatmor,https://tcgplayer-cdn.tcgplayer.com/product/175312_200w.jpg,3,2295,https://cpt.tcgcsv.com/g8q2,2024-07-26T17:29:20.463,1,,0.2,0.78,2.0,0.78,0.85,Reverse Holofoil,10/70,Uncommon,Fire,110,Basic,"[R] Super Singe
<br>Your opponent’s Active Pokemon is now Burned.",Wx2,None,2,"[RR] Blackening Breath (120)
<br>If your opponent’s Active Pokemon isn’t Burned, this attack does nothing.",
175347,Reshiram GX,Reshiram GX,https://tcgplayer-cdn.tcgplayer.com/product/175347_200w.jpg,3,2295,https://cpt.tcgcsv.com/Z8q2,2026-02-16T14:32:42.047,1,,5.0,7.25,96.95,7.13,6.7,Holofoil,11/70,Ultra Rare,Fire,180,Basic,"[1] Flame Charge
<br>Search your deck for 2 basic Fire Energy card and attach them to this Pokemon. Then, shuffle your deck.",Wx2,None,2,"[1RRR] Scorching Pillar (110)
<br>Your opponent’s Active Pokemon is now Burned.","<span style=""color:Teal""><strong>[1RRR] Vermilion GX (180)</strong>
<br>You may attach up to 5 Fire Energy from your hand to your Pokemon in any way you like.<em> (You can't use more than 1 GX attack in a game.)</em></span>"
175348,Litten,Litten,https://tcgplayer-cdn.tcgplayer.com/product/175348_200w.jpg,3,2295,https://cpt.tcgcsv.com/-8q2,2022-12-06T16:11:09.773,1,,0.3,0.74,1.79,0.72,,Reverse Holofoil,12/70,Common,Fire,60,Basic,"[R] Fury Swipes (10x)
<Br>Flip 3 coins. This attack does 10 damage times the amount of heads.",Wx2,None,1,,
175348,Litten,Litten,https://tcgplayer-cdn.tcgplayer.com/product/175348_200w.jpg,3,2295,https://cpt.tcgcsv.com/-8q2,2022-12-06T16:11:09.773,1,,0.06,0.27,1.95,0.28,0.25,Normal,12/70,Common,Fire,60,Basic,"[R] Fury Swipes (10x)
<Br>Flip 3 coins. This attack does 10 damage times the amount of heads.",Wx2,None,1,,
175365,Salandit,Salandit,https://tcgplayer-cdn.tcgplayer.com/product/175365_200w.jpg,3,2295,https://cpt.tcgcsv.com/k9q2,2024-07-26T17:29:20.523,1,,0.06,0.29,1.49,0.29,,Normal,13/70,Common,Fire,60,Basic,"[1] Call For Family
<br>Search your deck for a Basic Pokemon, reveal it, and put it onto your Bench. Then, shuffle your deck.",Wx2,None,1,[1R] Dig Claws (20),
175365,Salandit,Salandit,https://tcgplayer-cdn.tcgplayer.com/product/175365_200w.jpg,3,2295,https://cpt.tcgcsv.com/k9q2,2024-07-26T17:29:20.523,1,,0.5,0.93,6.0,0.84,,Reverse Holofoil,13/70,Common,Fire,60,Basic,"[1] Call For Family
<br>Search your deck for a Basic Pokemon, reveal it, and put it onto your Bench. Then, shuffle your deck.",Wx2,None,1,[1R] Dig Claws (20),
175366,Salazzle,Salazzle,https://tcgplayer-cdn.tcgplayer.com/product/175366_200w.jpg,3,2295,https://cpt.tcgcsv.com/l9q2,2022-12-06T16:11:22.45,1,,0.06,0.25,2.0,0.23,,Normal,14/70,Uncommon,Fire,110,Stage 1,"[R] Ring of Fire (20)
<br>Your opponent's Active Pokémon is now Burned. It can't retreat during your opponent's next turn.",Wx2,None,1,"[1R] Flamethrower (80)
<br>Discard an Energy from this Pokémon.",
175366,Salazzle,Salazzle,https://tcgplayer-cdn.tcgplayer.com/product/175366_200w.jpg,3,2295,https://cpt.tcgcsv.com/l9q2,2022-12-06T16:11:22.45,1,,0.3,0.6,2.0,0.57,,Reverse Holofoil,14/70,Uncommon,Fire,110,Stage 1,"[R] Ring of Fire (20)
<br>Your opponent's Active Pokémon is now Burned. It can't retreat during your opponent's next turn.",Wx2,None,1,"[1R] Flamethrower (80)
<br>Discard an Energy from this Pokémon.",
175369,Horsea (15),Horsea 15,https://tcgplayer-cdn.tcgplayer.com/product/175369_200w.jpg,3,2295,https://cpt.tcgcsv.com/p9q2,2026-02-17T13:59:12.75,1,,0.5,0.8,2.0,0.8,,Reverse Holofoil,15/70,Common,Water,40,Basic,"[W] Splatter
<br>This attack does 20 damage to 1 of your opponent's Pokémon.<em> (Don't apply Weakness and Resistance for Benched Pokémon.)</em>",Gx2,None,1,,
175369,Horsea (15),Horsea 15,https://tcgplayer-cdn.tcgplayer.com/product/175369_200w.jpg,3,2295,https://cpt.tcgcsv.com/p9q2,2026-02-17T13:59:12.75,1,,0.1,0.23,3.0,0.17,,Normal,15/70,Common,Water,40,Basic,"[W] Splatter
<br>This attack does 20 damage to 1 of your opponent's Pokémon.<em> (Don't apply Weakness and Resistance for Benched Pokémon.)</em>",Gx2,None,1,,
175371,Horsea (16),Horsea 16,https://tcgplayer-cdn.tcgplayer.com/product/175371_200w.jpg,3,2295,https://cpt.tcgcsv.com/r9q2,2022-12-06T16:11:51.52,1,,0.78,0.99,2.0,0.96,,Reverse Holofoil,16/70,Common,Water,50,Basic,"[1] Hydro Pump (10+)
<br>This attack does 10 more damage times the amount of Water Energy attached to this Pokémon.",Gx2,None,1,,
175371,Horsea (16),Horsea 16,https://tcgplayer-cdn.tcgplayer.com/product/175371_200w.jpg,3,2295,https://cpt.tcgcsv.com/r9q2,2022-12-06T16:11:51.52,1,,0.05,0.25,9.73,0.22,0.25,Normal,16/70,Common,Water,50,Basic,"[1] Hydro Pump (10+)
<br>This attack does 10 more damage times the amount of Water Energy attached to this Pokémon.",Gx2,None,1,,
175379,Seadra,Seadra,https://tcgplayer-cdn.tcgplayer.com/product/175379_200w.jpg,3,2295,https://cpt.tcgcsv.com/C9q2,2025-12-10T05:23:02.783,1,,0.06,0.33,1.49,0.32,0.32,Normal,17/70,Uncommon,Water,90,Stage 1,"[1] Hydro Pump (10+)
<br>This attack does 20 more damage times the amount of Water Energy attached to this Pokémon.",Gx2,None,1,,
175379,Seadra,Seadra,https://tcgplayer-cdn.tcgplayer.com/product/175379_200w.jpg,3,2295,https://cpt.tcgcsv.com/C9q2,2025-12-10T05:23:02.783,1,,0.5,1.26,3.49,1.39,0.75,Reverse Holofoil,17/70,Uncommon,Water,90,Stage 1,"[1] Hydro Pump (10+)
<br>This attack does 20 more damage times the amount of Water Energy attached to this Pokémon.",Gx2,None,1,,
175380,Kingdra GX,Kingdra GX,https://tcgplayer-cdn.tcgplayer.com/product/175380_200w.jpg,3,2295,https://cpt.tcgcsv.com/D9q2,2022-12-06T16:12:14.137,1,,2.75,3.64,11.52,3.31,4.17,Holofoil,18/70,Ultra Rare,Water,230,Stage 2,"[1] Hydro Pump (10+)
<br>This attack does 50 more damage for each Water Energy attached to this Pokemon.",Gx2,None,2,"[W] Reverse Thrust (30)
<br>Switch this Pokemon with 1 of your Benched Pokemon.","<span style=""color:Teal""><strong>[W] Maelstrom GX </strong>
<br>This attack does 40 damage to each of your opponent’s Pokemon. <em>(You can't use more than 1 GX attack in a game.)</em></span>"
175381,Magikarp,Magikarp,https://tcgplayer-cdn.tcgplayer.com/product/175381_200w.jpg,3,2295,https://cpt.tcgcsv.com/F9q2,2022-12-06T16:12:21.893,1,,0.15,0.49,2.49,0.51,,Normal,19/70,Common,Water,30,Basic,"[W] Water Splash: 10)
<br>Flip a coin. If heads, this attack does 10 more damage.",Lx2,None,1,,
175381,Magikarp,Magikarp,https://tcgplayer-cdn.tcgplayer.com/product/175381_200w.jpg,3,2295,https://cpt.tcgcsv.com/F9q2,2022-12-06T16:12:21.893,1,,5.4,5.78,6.15,5.4,,Reverse Holofoil,19/70,Common,Water,30,Basic,"[W] Water Splash: 10)
<br>Flip a coin. If heads, this attack does 10 more damage.",Lx2,None,1,,
175382,Gyarados,Gyarados,https://tcgplayer-cdn.tcgplayer.com/product/175382_200w.jpg,3,2295,https://cpt.tcgcsv.com/G9q2,2022-12-11T12:27:38.96,1,"<strong>Ability — Commotion</strong>
<br>If this Pokémon is your Active Pokémon and is damaged by an opponent's attack <em>(even if this Pokémon is Knocked Out)</em>, put 2 damage counters on each of your Benched Pokémon.",0.94,1.86,5.0,2.12,,Holofoil,20/70,Holo Rare,Water,160,Stage 1,"[1WW] Wild Tail (160)
<br>You may discard any Stadium card in play.",Lx2,None,4,,
175382,Gyarados,Gyarados,https://tcgplayer-cdn.tcgplayer.com/product/175382_200w.jpg,3,2295,https://cpt.tcgcsv.com/G9q2,2022-12-11T12:27:38.96,1,"<strong>Ability — Commotion</strong>
<br>If this Pokémon is your Active Pokémon and is damaged by an opponent's attack <em>(even if this Pokémon is Knocked Out)</em>, put 2 damage counters on each of your Benched Pokémon.",3.45,4.81,5.8,4.72,,Reverse Holofoil,20/70,Holo Rare,Water,160,Stage 1,"[1WW] Wild Tail (160)
<br>You may discard any Stadium card in play.",Lx2,None,4,,
175383,Lapras,Lapras,https://tcgplayer-cdn.tcgplayer.com/product/175383_200w.jpg,3,2295,https://cpt.tcgcsv.com/H9q2,2025-12-10T05:21:46.47,1,,0.15,0.49,1.19,0.45,,Normal,21/70,Uncommon,Water,120,Basic,"[W] Water Bullet (20)
<br>This attack does 20 damage to 1 of your opponent's Benched Pokémon. <em>(Don't apply Weakness and Resistance for Benched Pokémon.)</em>",Gx2,None,2,"[3] Hydro Pump (70+)
<br>This attack does 10 more damage times the amount of Water Energy attached to this Pokémon.",
175383,Lapras,Lapras,https://tcgplayer-cdn.tcgplayer.com/product/175383_200w.jpg,3,2295,https://cpt.tcgcsv.com/H9q2,2025-12-10T05:21:46.47,1,,3.8,6.75,12.0,6.52,6.75,Reverse Holofoil,21/70,Uncommon,Water,120,Basic,"[W] Water Bullet (20)
<br>This attack does 20 damage to 1 of your opponent's Benched Pokémon. <em>(Don't apply Weakness and Resistance for Benched Pokémon.)</em>",Gx2,None,2,"[3] Hydro Pump (70+)
<br>This attack does 10 more damage times the amount of Water Energy attached to this Pokémon.",
175384,Totodile,Totodile,https://tcgplayer-cdn.tcgplayer.com/product/175384_200w.jpg,3,2295,https://cpt.tcgcsv.com/J9q2,2025-12-10T05:25:01.173,1,,0.1,0.37,1.49,0.34,0.35,Normal,22/70,Common,Water,60,Basic,"[1] Leer
<br>Flip a coin. If heads, your opponent's Active Pokémon is now Paralyzed.",Gx2,None,1,"[W] Fury Swipes (10x)
<br>Flip 3 coins. This attack does 10 damage for each heads.",
175384,Totodile,Totodile,https://tcgplayer-cdn.tcgplayer.com/product/175384_200w.jpg,3,2295,https://cpt.tcgcsv.com/J9q2,2025-12-10T05:25:01.173,1,,1.0,19.98,96.95,2.26,19.98,Reverse Holofoil,22/70,Common,Water,60,Basic,"[1] Leer
<br>Flip a coin. If heads, your opponent's Active Pokémon is now Paralyzed.",Gx2,None,1,"[W] Fury Swipes (10x)
<br>Flip 3 coins. This attack does 10 damage for each heads.",
175385,Croconaw,Croconaw,https://tcgplayer-cdn.tcgplayer.com/product/175385_200w.jpg,3,2295,https://cpt.tcgcsv.com/K9q2,2022-12-06T16:12:45.3,1,,0.07,0.35,1.49,0.31,0.31,Normal,23/70,Uncommon,Water,90,Stage 1,[2] Tackle (30),Gx2,None,1,"[1WW] Sweep Away (90)
<br>Discard the top 3 cards from your deck.",
175385,Croconaw,Croconaw,https://tcgplayer-cdn.tcgplayer.com/product/175385_200w.jpg,3,2295,https://cpt.tcgcsv.com/K9q2,2022-12-06T16:12:45.3,1,,0.5,0.95,2.0,0.92,,Reverse Holofoil,23/70,Uncommon,Water,90,Stage 1,[2] Tackle (30),Gx2,None,1,"[1WW] Sweep Away (90)
<br>Discard the top 3 cards from your deck.",
175386,Feraligatr,Feraligatr,https://tcgplayer-cdn.tcgplayer.com/product/175386_200w.jpg,3,2295,https://cpt.tcgcsv.com/L9q2,2024-07-26T17:29:20.553,1,"<strong>Ability — Downpour</strong>
<br>As often as you like during your turn (before your attack), you may discard a [W] Energy card from your hand.",4.99,7.23,12.0,4.85,,Reverse Holofoil,24/70,Holo Rare,Water,160,Stage 2,"[WW] Riptide (10+)
<br>This attack does 20 more damage for each Water Energy card in your discard pile. Then, shuffle all your Water Energy cards from your discard pile into your deck.",Gx2,None,3,,
175386,Feraligatr,Feraligatr,https://tcgplayer-cdn.tcgplayer.com/product/175386_200w.jpg,3,2295,https://cpt.tcgcsv.com/L9q2,2024-07-26T17:29:20.553,1,"<strong>Ability — Downpour</strong>
<br>As often as you like during your turn (before your attack), you may discard a [W] Energy card from your hand.",0.5,1.13,11.0,1.13,,Holofoil,24/70,Holo Rare,Water,160,Stage 2,"[WW] Riptide (10+)
<br>This attack does 20 more damage for each Water Energy card in your discard pile. Then, shuffle all your Water Energy cards from your discard pile into your deck.",Gx2,None,3,,
175387,Wooper,Wooper,https://tcgplayer-cdn.tcgplayer.com/product/175387_200w.jpg,3,2295,https://cpt.tcgcsv.com/M9q2,2024-03-27T11:37:27.433,1,,0.88,1.18,2.66,1.15,,Normal,25/70,Common,Water,70,Basic,[1] Ram (10),Gx2,None,1,[1W] Rain Splash (20),
175392,Quagsire,Quagsire,https://tcgplayer-cdn.tcgplayer.com/product/175392_200w.jpg,3,2295,https://cpt.tcgcsv.com/S9q2,2023-08-25T10:24:02.317,1,"<strong>Ability — Wash Out</strong>
<br>As often as you like during your turn <em>(before your attack)</em>, you may move a Water Energy from 1 of your Benched Pokemon to your Active Pokemon.",4.49,5.37,49.99,5.42,,Reverse Holofoil,26/70,Uncommon,Water,120,Stage 1,"[3] Hydro Pump (60+)
<br>This attack does 20 more damage for each Water Energy attached to this Pokemon.",Gx2,None,2,,
175392,Quagsire,Quagsire,https://tcgplayer-cdn.tcgplayer.com/product/175392_200w.jpg,3,2295,https://cpt.tcgcsv.com/S9q2,2023-08-25T10:24:02.317,1,"<strong>Ability — Wash Out</strong>
<br>As often as you like during your turn <em>(before your attack)</em>, you may move a Water Energy from 1 of your Benched Pokemon to your Active Pokemon.",0.27,0.87,4.5,0.87,,Normal,26/70,Uncommon,Water,120,Stage 1,"[3] Hydro Pump (60+)
<br>This attack does 20 more damage for each Water Energy attached to this Pokemon.",Gx2,None,2,,
175400,Corsola,Corsola,https://tcgplayer-cdn.tcgplayer.com/product/175400_200w.jpg,3,2295,https://cpt.tcgcsv.com/0bq2,2024-07-26T17:29:20.617,1,,0.05,0.3,1.49,0.33,0.23,Normal,27/70,Common,Water,90,Basic,"[W] Bubble Jet
<br>This attack does 20 damage times the number of Water Energy attached to this Pokemon to 1 of your opponent’s Pokemon. <em>(Don’t apply Weakness and Resistance for Benched Pokemon.)</em>",Gx2,None,1,,
175400,Corsola,Corsola,https://tcgplayer-cdn.tcgplayer.com/product/175400_200w.jpg,3,2295,https://cpt.tcgcsv.com/0bq2,2024-07-26T17:29:20.617,1,,0.9,0.99,2.25,1.11,0.93,Reverse Holofoil,27/70,Common,Water,90,Basic,"[W] Bubble Jet
<br>This attack does 20 damage times the number of Water Energy attached to this Pokemon to 1 of your opponent’s Pokemon. <em>(Don’t apply Weakness and Resistance for Benched Pokemon.)</em>",Gx2,None,1,,
175403,Feebas,Feebas,https://tcgplayer-cdn.tcgplayer.com/product/175403_200w.jpg,3,2295,https://cpt.tcgcsv.com/5bq2,2025-11-21T00:58:03.027,1,"<strong>Ability — Submerge</strong>
<br>If this Pokemon is on your Bench, it takes no damage from attacks.",0.09,0.41,1.58,0.36,0.4,Normal,28/70,Common,Water,30,Basic,[W] Rain Splash (10),Gx2,None,1,,
175403,Feebas,Feebas,https://tcgplayer-cdn.tcgplayer.com/product/175403_200w.jpg,3,2295,https://cpt.tcgcsv.com/5bq2,2025-11-21T00:58:03.027,1,"<strong>Ability — Submerge</strong>
<br>If this Pokemon is on your Bench, it takes no damage from attacks.",1.75,3.05,29.99,2.82,,Reverse Holofoil,28/70,Common,Water,30,Basic,[W] Rain Splash (10),Gx2,None,1,,
175412,Milotic,Milotic,https://tcgplayer-cdn.tcgplayer.com/product/175412_200w.jpg,3,2295,https://cpt.tcgcsv.com/gbq2,2022-12-06T16:14:19.133,1,,0.59,1.08,4.0,1.36,,Reverse Holofoil,29/70,Uncommon,Water,120,Stage 1,"[W] Aurora Wave (30)
<br>Your opponent’s Active Pokemon is now Confused.",Gx2,None,1,"[WWW] Aqua Split (40)
<br>This attack does 40 damage to 2 of your opponent’s Benched Pokemon. <em>(Don’t apply Weakness and Resistance for Benched Pokemon.)</em>",
175412,Milotic,Milotic,https://tcgplayer-cdn.tcgplayer.com/product/175412_200w.jpg,3,2295,https://cpt.tcgcsv.com/gbq2,2022-12-06T16:14:19.133,1,,0.15,0.35,1.49,0.36,0.23,Normal,29/70,Uncommon,Water,120,Stage 1,"[W] Aurora Wave (30)
<br>Your opponent’s Active Pokemon is now Confused.",Gx2,None,1,"[WWW] Aqua Split (40)
<br>This attack does 40 damage to 2 of your opponent’s Benched Pokemon. <em>(Don’t apply Weakness and Resistance for Benched Pokemon.)</em>",
175416,Phione,Phione,https://tcgplayer-cdn.tcgplayer.com/product/175416_200w.jpg,3,2295,https://cpt.tcgcsv.com/lbq2,2024-07-26T17:29:20.663,1,"<strong>Ability — Ocean Whisper</strong>
<br>Your Water Pokemon can’t be Confused. <em>(Remove any Confusion affecting your Water Pokemon.)</em>",0.47,0.69,1.19,0.54,,Reverse Holofoil,30/70,Uncommon,Water,70,Basic,"[WW] Water Pulse (30)
<br>Your opponent’s Active Pokemon is now Asleep.",Gx2,None,1,,
175416,Phione,Phione,https://tcgplayer-cdn.tcgplayer.com/product/175416_200w.jpg,3,2295,https://cpt.tcgcsv.com/lbq2,2024-07-26T17:29:20.663,1,"<strong>Ability — Ocean Whisper</strong>
<br>Your Water Pokemon can’t be Confused. <em>(Remove any Confusion affecting your Water Pokemon.)</em>",0.06,0.36,1.49,0.36,,Normal,30/70,Uncommon,Water,70,Basic,"[WW] Water Pulse (30)
<br>Your opponent’s Active Pokemon is now Asleep.",Gx2,None,1,,
175417,Wishiwashi,Wishiwashi,https://tcgplayer-cdn.tcgplayer.com/product/175417_200w.jpg,3,2295,https://cpt.tcgcsv.com/mbq2,2024-07-26T17:29:20.71,1,"<strong>Ability — Meetup Pointr</strong>
<br>As long as this Pokémon is in play, each of your Wishiwashi GX get +20 HP and their attacks do 20 more damage to your opponent’s Active Pokemon <em>(before applying Weakness and Resistance)</em>.",0.35,0.5,2.0,0.44,,Reverse Holofoil,31/70,Common,Water,30,Basic,[W] Water Gun (20),Lx2,None,1,,
175417,Wishiwashi,Wishiwashi,https://tcgplayer-cdn.tcgplayer.com/product/175417_200w.jpg,3,2295,https://cpt.tcgcsv.com/mbq2,2024-07-26T17:29:20.71,1,"<strong>Ability — Meetup Pointr</strong>
<br>As long as this Pokémon is in play, each of your Wishiwashi GX get +20 HP and their attacks do 20 more damage to your opponent’s Active Pokemon <em>(before applying Weakness and Resistance)</em>.",0.03,0.2,1.49,0.18,0.1,Normal,31/70,Common,Water,30,Basic,[W] Water Gun (20),Lx2,None,1,,
175425,Trapinch,Trapinch,https://tcgplayer-cdn.tcgplayer.com/product/175425_200w.jpg,3,2295,https://cpt.tcgcsv.com/wbq2,2024-07-26T17:29:20.763,1,,0.2,0.53,2.0,0.5,,Reverse Holofoil,32/70,Common,Fighting,60,Basic,"[F] Tremor (20)
<br>This attack does 10 damage to each of your Benched Pokemon. <em>(Don’t apply Weakness and Resistance for Benched Pokemon.)</em>",Gx2,None,1,,
175425,Trapinch,Trapinch,https://tcgplayer-cdn.tcgplayer.com/product/175425_200w.jpg,3,2295,https://cpt.tcgcsv.com/wbq2,2024-07-26T17:29:20.763,1,,0.03,0.21,1.49,0.18,,Normal,32/70,Common,Fighting,60,Basic,"[F] Tremor (20)
<br>This attack does 10 damage to each of your Benched Pokemon. <em>(Don’t apply Weakness and Resistance for Benched Pokemon.)</em>",Gx2,None,1,,
175431,Hydreigon,Hydreigon,https://tcgplayer-cdn.tcgplayer.com/product/175431_200w.jpg,3,2295,https://cpt.tcgcsv.com/Fbq2,2022-12-06T16:14:45.8,1,"<strong>Ability — Weed Out</strong>
<br>Once during your turn <em>(before your attack)</em>, you may choose 3 of your Benched Pokemon. Then, discard your other Benched Pokemon.",0.2,0.58,2.0,0.57,0.49,Holofoil,33/70,Holo Rare,Darkness,160,Stage 2,"[1DD] Dark Destruction (120)
<br>You may discard an Energy from this Pokemon. If you do, discard an Energy from your opponent’s Active Pokemon.",Fx2,P-20,2,,
175431,Hydreigon,Hydreigon,https://tcgplayer-cdn.tcgplayer.com/product/175431_200w.jpg,3,2295,https://cpt.tcgcsv.com/Fbq2,2022-12-06T16:14:45.8,1,"<strong>Ability — Weed Out</strong>
<br>Once during your turn <em>(before your attack)</em>, you may choose 3 of your Benched Pokemon. Then, discard your other Benched Pokemon.",0.58,2.41,4.47,2.28,,Reverse Holofoil,33/70,Holo Rare,Darkness,160,Stage 2,"[1DD] Dark Destruction (120)
<br>You may discard an Energy from this Pokemon. If you do, discard an Energy from your opponent’s Active Pokemon.",Fx2,P-20,2,,
175438,Dratini (34),Dratini 34,https://tcgplayer-cdn.tcgplayer.com/product/175438_200w.jpg,3,2295,https://cpt.tcgcsv.com/Nbq2,2022-12-06T16:14:51.083,1,,0.06,0.28,1.49,0.33,0.25,Normal,34/70,Common,Dragon,60,Basic,"[L] Wrap (10)
<br>Flip a coin. If heads, your opponent’s Active Pokemon is now Paralyzed.",Yx2,None,2,,
175438,Dratini (34),Dratini 34,https://tcgplayer-cdn.tcgplayer.com/product/175438_200w.jpg,3,2295,https://cpt.tcgcsv.com/Nbq2,2022-12-06T16:14:51.083,1,,1.85,2.27,3.42,2.1,,Reverse Holofoil,34/70,Common,Dragon,60,Basic,"[L] Wrap (10)
<br>Flip a coin. If heads, your opponent’s Active Pokemon is now Paralyzed.",Yx2,None,2,,
175439,Dratini (35),Dratini 35,https://tcgplayer-cdn.tcgplayer.com/product/175439_200w.jpg,3,2295,https://cpt.tcgcsv.com/Pbq2,2022-12-06T16:14:56.907,1,,0.75,2.38,2.99,2.19,,Reverse Holofoil,35/70,Common,Dragon,70,Basic,[1W] Tail Whap (30),Yx2,None,2,,
175439,Dratini (35),Dratini 35,https://tcgplayer-cdn.tcgplayer.com/product/175439_200w.jpg,3,2295,https://cpt.tcgcsv.com/Pbq2,2022-12-06T16:14:56.907,1,,0.1,0.26,1.49,0.32,0.18,Normal,35/70,Common,Dragon,70,Basic,[1W] Tail Whap (30),Yx2,None,2,,
175441,Dragonair,Dragonair,https://tcgplayer-cdn.tcgplayer.com/product/175441_200w.jpg,3,2295,https://cpt.tcgcsv.com/Rbq2,2023-02-06T19:41:25.457,1,,0.2,0.52,1.66,0.54,,Normal,36/70,Uncommon,Dragon,100,Stage 1,"[3] Dragon Tail (60x)
<br>Flip 2 coins. This attack does 60 damage for each heads.",Yx2,None,2,[2WL] Waterfall (80),
175441,Dragonair,Dragonair,https://tcgplayer-cdn.tcgplayer.com/product/175441_200w.jpg,3,2295,https://cpt.tcgcsv.com/Rbq2,2023-02-06T19:41:25.457,1,,2.5,4.39,6.99,4.6,,Reverse Holofoil,36/70,Uncommon,Dragon,100,Stage 1,"[3] Dragon Tail (60x)
<br>Flip 2 coins. This attack does 60 damage for each heads.",Yx2,None,2,[2WL] Waterfall (80),
175450,Dragonite GX,Dragonite GX,https://tcgplayer-cdn.tcgplayer.com/product/175450_200w.jpg,3,2295,https://cpt.tcgcsv.com/0cq2,2022-12-06T16:15:09.11,1,,14.5,17.15,22.44,14.84,14.84,Holofoil,37/70,Ultra Rare,Dragon,250,Stage 2,[L] Dragon Claw (70),Yx2,None,3,"[2WL] Giga Impact (200)
<br>This Pokemon can’t attack during your next turn.","<span style=""color:Teal""><strong>[3] Dragonporter GX</strong>
<br>Put 3 Dragon Pokémon from your discard pile onto your Bench. <em>(You can't use more than 1 GX attack in a game.)</em></span>"
175451,Vibrava,Vibrava,https://tcgplayer-cdn.tcgplayer.com/product/175451_200w.jpg,3,2295,https://cpt.tcgcsv.com/2cq2,2024-07-26T17:29:20.807,1,,0.31,0.8,2.0,0.82,,Reverse Holofoil,38/70,Common,Dragon,80,Stage 1,"[1F] Sonic Edge (50)
<br>This attack’s damage isn’t affected by any effects on your opponent’s Active Pokemon.",Yx2,None,1,,
175451,Vibrava,Vibrava,https://tcgplayer-cdn.tcgplayer.com/product/175451_200w.jpg,3,2295,https://cpt.tcgcsv.com/2cq2,2024-07-26T17:29:20.807,1,,0.01,0.25,1.49,0.24,0.24,Normal,38/70,Common,Dragon,80,Stage 1,"[1F] Sonic Edge (50)
<br>This attack’s damage isn’t affected by any effects on your opponent’s Active Pokemon.",Yx2,None,1,,
175456,Flygon,Flygon,https://tcgplayer-cdn.tcgplayer.com/product/175456_200w.jpg,3,2295,https://cpt.tcgcsv.com/8cq2,2024-07-26T17:29:20.84,1,"<strong>Ability — Dragon Protection</strong>
<br>Prevent all effects of your opponent’s attacks, except damage, done to your Dragon Pokemon.",0.1,0.36,1.49,0.4,,Normal,39/70,Uncommon,Dragon,140,Stage 2,"[1FF] Sand Tomb (110)
<br>The Defending Pokemon can’t retreat during your opponent’s next turn.",Yx2,None,1,,
175456,Flygon,Flygon,https://tcgplayer-cdn.tcgplayer.com/product/175456_200w.jpg,3,2295,https://cpt.tcgcsv.com/8cq2,2024-07-26T17:29:20.84,1,"<strong>Ability — Dragon Protection</strong>
<br>Prevent all effects of your opponent’s attacks, except damage, done to your Dragon Pokemon.",0.99,1.99,4.99,1.32,,Reverse Holofoil,39/70,Uncommon,Dragon,140,Stage 2,"[1FF] Sand Tomb (110)
<br>The Defending Pokemon can’t retreat during your opponent’s next turn.",Yx2,None,1,,
175459,Altaria,Altaria,https://tcgplayer-cdn.tcgplayer.com/product/175459_200w.jpg,3,2295,https://cpt.tcgcsv.com/ccq2,2023-07-14T12:48:00.533,1,"<strong>Ability — Fight Song</strong>
<br>Your Dragon Pokemon’s attacks do 20 more damage to your opponent’s Active Pokemon (before applying Weakness and Resistance).",0.55,0.99,2.08,0.91,0.92,Holofoil,40/70,Holo Rare,Dragon,80,Stage 1,[2] Pierce (20),Yx2,None,1,,
175459,Altaria,Altaria,https://tcgplayer-cdn.tcgplayer.com/product/175459_200w.jpg,3,2295,https://cpt.tcgcsv.com/ccq2,2023-07-14T12:48:00.533,1,"<strong>Ability — Fight Song</strong>
<br>Your Dragon Pokemon’s attacks do 20 more damage to your opponent’s Active Pokemon (before applying Weakness and Resistance).",1.7,4.0,5.0,2.02,,Reverse Holofoil,40/70,Holo Rare,Dragon,80,Stage 1,[2] Pierce (20),Yx2,None,1,,
175467,Altaria GX,Altaria GX,https://tcgplayer-cdn.tcgplayer.com/product/175467_200w.jpg,3,2295,https://cpt.tcgcsv.com/mcq2,2023-05-17T10:43:23.523,1,,2.8,3.45,5.2,3.4,4.3,Holofoil,41/70,Ultra Rare,Dragon,200,Stage 1,"[1Y] Bright Tone (50)
<br>During your opponent’s next turn, this Pokemon can’t be damaged by attacks from your opponent’s Pokemon-GX and Pokemon-EX.",Yx2,None,1,"[1WY] Sonic Edge (110)
<br>This attack’s damage isn’t affected by effects on your opponent’s Active Pokemon.","<span style=""color:Teal""><strong>[1Y] Euphoria GX</strong>
<br>Your opponent’s Active Pokemon is now Asleep. Heal all damage from all of your Pokemon in play. <em>(You can't use more than 1 GX attack in a game.)</em></span>"
175468,Bagon,Bagon,https://tcgplayer-cdn.tcgplayer.com/product/175468_200w.jpg,3,2295,https://cpt.tcgcsv.com/ncq2,2022-12-06T16:16:05.987,1,,0.04,0.25,1.49,0.22,,Normal,42/70,Common,Dragon,60,Basic,"[1] Risky Kick (10)
<br>Flip a coin. If tails, this attack does nothing.",Yx2,None,1,"[RW] Dragon Eye (20)
<br>Your opponent’s Active Pokemon is now Asleep.",
175468,Bagon,Bagon,https://tcgplayer-cdn.tcgplayer.com/product/175468_200w.jpg,3,2295,https://cpt.tcgcsv.com/ncq2,2022-12-06T16:16:05.987,1,,0.4,0.87,2.99,0.87,,Reverse Holofoil,42/70,Common,Dragon,60,Basic,"[1] Risky Kick (10)
<br>Flip a coin. If tails, this attack does nothing.",Yx2,None,1,"[RW] Dragon Eye (20)
<br>Your opponent’s Active Pokemon is now Asleep.",
175469,Shelgon,Shelgon,https://tcgplayer-cdn.tcgplayer.com/product/175469_200w.jpg,3,2295,https://cpt.tcgcsv.com/pcq2,2025-12-10T05:23:58.427,1,"<strong>Ability — Energy Guard</strong>
<br>As long as this Pokemon has any basic Energy cards attached to it, damage done to this Pokemon by an opponent’s attack is reduced by 10 (after applying Weakness and Resistance).",1.5,2.53,96.95,2.63,,Reverse Holofoil,43/70,Uncommon,Dragon,80,Stage 1,"[2] Rollout (20)
<br>Flip a coin. If tails, this attack does nothing.",Yx2,None,2,,
175469,Shelgon,Shelgon,https://tcgplayer-cdn.tcgplayer.com/product/175469_200w.jpg,3,2295,https://cpt.tcgcsv.com/pcq2,2025-12-10T05:23:58.427,1,"<strong>Ability — Energy Guard</strong>
<br>As long as this Pokemon has any basic Energy cards attached to it, damage done to this Pokemon by an opponent’s attack is reduced by 10 (after applying Weakness and Resistance).",0.3,0.52,1.49,0.52,,Normal,43/70,Uncommon,Dragon,80,Stage 1,"[2] Rollout (20)
<br>Flip a coin. If tails, this attack does nothing.",Yx2,None,2,,
175472,Salamence GX,Salamence GX,https://tcgplayer-cdn.tcgplayer.com/product/175472_200w.jpg,3,2295,https://cpt.tcgcsv.com/scq2,2022-12-06T16:16:24.637,1,"<strong>Ability — Dragon Lift</strong>
<br>The Retreat Cost of each of your Pokemon (excluding Pokemon-EX and Pokemon-GX) is 0.",3.48,7.75,19.99,6.93,8.02,Holofoil,44/70,Ultra Rare,Dragon,250,Stage 2,"[2RW] Bright Flame (200)
<br>Discard 2 Energy from this Pokemon",Yx2,None,2,"<span style=""color:Teal""><strong>[2R] Flame Jet GX</strong>
<br>This attack does 120 damage to 1 of your opponent’s Pokemon. <em>(You can't use more than 1 GX attack in a game.)</em></span>",
175473,Druddigon,Druddigon,https://tcgplayer-cdn.tcgplayer.com/product/175473_200w.jpg,3,2295,https://cpt.tcgcsv.com/tcq2,2024-07-26T17:29:20.963,1,"<strong>Ability — Rough Skin</strong>
<br>If this Pokemon is your Active Pokemon and is damaged by an opponent’s attack, put 3 damage counters on the Attacking Pokemon.",0.35,0.71,1.99,0.63,,Reverse Holofoil,45/70,Uncommon,Dragon,110,Basic,[1RW] Dragon Claw (100),Yx2,None,1,,
175473,Druddigon,Druddigon,https://tcgplayer-cdn.tcgplayer.com/product/175473_200w.jpg,3,2295,https://cpt.tcgcsv.com/tcq2,2024-07-26T17:29:20.963,1,"<strong>Ability — Rough Skin</strong>
<br>If this Pokemon is your Active Pokemon and is damaged by an opponent’s attack, put 3 damage counters on the Attacking Pokemon.",0.09,0.35,2.0,0.35,,Normal,45/70,Uncommon,Dragon,110,Basic,[1RW] Dragon Claw (100),Yx2,None,1,,
175476,Zekrom,Zekrom,https://tcgplayer-cdn.tcgplayer.com/product/175476_200w.jpg,3,2295,https://cpt.tcgcsv.com/xcq2,2023-12-22T18:25:49.673,1,,1.5,1.95,2.91,1.73,,Reverse Holofoil,46/70,Holo Rare,Dragon,130,Basic,"[2L] Shred (70)
<br>This attack’s damage isn’t affected by any effects on your opponent’s Active Pokemon.",Yx2,None,3,"[2LL] Bolt Strike (150)
<br>Flip a coin. If tails, this Pokemon does 50 damage to itself.",
175476,Zekrom,Zekrom,https://tcgplayer-cdn.tcgplayer.com/product/175476_200w.jpg,3,2295,https://cpt.tcgcsv.com/xcq2,2023-12-22T18:25:49.673,1,,0.25,0.8,4.95,0.78,0.6,Holofoil,46/70,Holo Rare,Dragon,130,Basic,"[2L] Shred (70)
<br>This attack’s damage isn’t affected by any effects on your opponent’s Active Pokemon.",Yx2,None,3,"[2LL] Bolt Strike (150)
<br>Flip a coin. If tails, this Pokemon does 50 damage to itself.",
175477,Kyurem,Kyurem,https://tcgplayer-cdn.tcgplayer.com/product/175477_200w.jpg,3,2295,https://cpt.tcgcsv.com/zcq2,2025-11-21T01:00:02.357,1,,0.25,0.64,2.0,0.66,0.76,Holofoil,47/70,Holo Rare,Dragon,130,Basic,"[2] Outrage (20+)
<br>This attack does 10 more damage for each damage counter on this Pokemon.",Yx2,None,2,"[1WW] Frost Spear (100)
<br>This attack does 20 damage to 1 of your opponent’s Benched Pokemon. (Don’t apply Weakness and Resistance for Benched Pokemon.)",
175477,Kyurem,Kyurem,https://tcgplayer-cdn.tcgplayer.com/product/175477_200w.jpg,3,2295,https://cpt.tcgcsv.com/zcq2,2025-11-21T01:00:02.357,1,,1.38,1.83,3.22,1.92,,Reverse Holofoil,47/70,Holo Rare,Dragon,130,Basic,"[2] Outrage (20+)
<br>This attack does 10 more damage for each damage counter on this Pokemon.",Yx2,None,2,"[1WW] Frost Spear (100)
<br>This attack does 20 damage to 1 of your opponent’s Benched Pokemon. (Don’t apply Weakness and Resistance for Benched Pokemon.)",
175478,White Kyurem GX,White Kyurem GX,https://tcgplayer-cdn.tcgplayer.com/product/175478_200w.jpg,3,2295,https://cpt.tcgcsv.com/Bcq2,2026-02-16T14:33:02.413,1,,3.49,5.0,7.99,4.82,,Holofoil,48/70,Ultra Rare,Dragon,190,Basic,"[R] Shred (40)
<br>This attack’s damage isn’t affected by any effects on your opponent’s Active Pokemon.",Yx2,None,3,"[1RW] Enraged Blade (80+)
<br>If this Pokemon has any damage counters on it, this attack does 80 more damage.","<span style=""color:Teal""><strong>[1RRW] Dragon Nova GX (200)</strong>
<br>Your opponent’s Active Pokemon is now Burned and Paralyzed. <em>(You can't use more than 1 GX attack in a game.)</em></span>"
175479,Zygarde,Zygarde,https://tcgplayer-cdn.tcgplayer.com/product/175479_200w.jpg,3,2295,https://cpt.tcgcsv.com/Ccq2,2022-12-06T16:16:59.28,1,,0.15,0.35,1.49,0.35,0.34,Normal,49/70,Uncommon,Dragon,130,Basic,"[F] Rumble (20)
<br>The Defending Pokemon can’t retreat during your opponent’s next turn.",Yx2,None,3,"[2F] Enraged Blade (60)
<br>If this Pokemon has any damage counters on it, this attack does 60 more damage.",
175479,Zygarde,Zygarde,https://tcgplayer-cdn.tcgplayer.com/product/175479_200w.jpg,3,2295,https://cpt.tcgcsv.com/Ccq2,2022-12-06T16:16:59.28,1,,0.35,1.32,2.25,1.42,0.69,Reverse Holofoil,49/70,Uncommon,Dragon,130,Basic,"[F] Rumble (20)
<br>The Defending Pokemon can’t retreat during your opponent’s next turn.",Yx2,None,3,"[2F] Enraged Blade (60)
<br>If this Pokemon has any damage counters on it, this attack does 60 more damage.",
175480,Turtonator,Turtonator,https://tcgplayer-cdn.tcgplayer.com/product/175480_200w.jpg,3,2295,https://cpt.tcgcsv.com/Dcq2,2022-12-06T16:17:05.67,1,,0.15,0.62,2.4,0.62,,Reverse Holofoil,50/70,Uncommon,Dragon,110,Basic,"[RRR] Explosive Jet (50x)
<br>You may discard any number of Fire Energy attached to your Pokemon. This attack does 50 damage for each card discarded in this way.",Yx2,None,3,,
175480,Turtonator,Turtonator,https://tcgplayer-cdn.tcgplayer.com/product/175480_200w.jpg,3,2295,https://cpt.tcgcsv.com/Dcq2,2022-12-06T16:17:05.67,1,,0.05,0.25,1.49,0.21,0.23,Normal,50/70,Uncommon,Dragon,110,Basic,"[RRR] Explosive Jet (50x)
<br>You may discard any number of Fire Energy attached to your Pokemon. This attack does 50 damage for each card discarded in this way.",Yx2,None,3,,
175481,Drampa,Drampa,https://tcgplayer-cdn.tcgplayer.com/product/175481_200w.jpg,3,2295,https://cpt.tcgcsv.com/Fcq2,2024-07-26T17:29:21.003,1,,0.05,0.29,9.0,0.26,,Normal,51/70,Uncommon,Dragon,120,Basic,"[1] Dragon's Wisdom (20)
<br>Attach a basic Energy card from your discard pile to 1 of your Dragon Pokemon.",Yx2,None,1,[3] Hyper Voice (80),
175481,Drampa,Drampa,https://tcgplayer-cdn.tcgplayer.com/product/175481_200w.jpg,3,2295,https://cpt.tcgcsv.com/Fcq2,2024-07-26T17:29:21.003,1,,0.33,0.83,2.99,0.83,0.89,Reverse Holofoil,51/70,Uncommon,Dragon,120,Basic,"[1] Dragon's Wisdom (20)
<br>Attach a basic Energy card from your discard pile to 1 of your Dragon Pokemon.",Yx2,None,1,[3] Hyper Voice (80),
175482,Jangmo-o,Jangmo o,https://tcgplayer-cdn.tcgplayer.com/product/175482_200w.jpg,3,2295,https://cpt.tcgcsv.com/Gcq2,2026-02-28T03:31:03.107,1,,0.01,0.2,1.49,0.2,0.2,Normal,52/70,Common,Dragon,60,Basic,"[L] Rigidify
<br>During your opponent’s next turn, any damage done to this Pokemon by attacks is reduced by 20.",Yx2,None,1,[1F] Dragon Claw (20),
175482,Jangmo-o,Jangmo o,https://tcgplayer-cdn.tcgplayer.com/product/175482_200w.jpg,3,2295,https://cpt.tcgcsv.com/Gcq2,2026-02-28T03:31:03.107,1,,0.5,0.87,2.95,0.95,,Reverse Holofoil,52/70,Common,Dragon,60,Basic,"[L] Rigidify
<br>During your opponent’s next turn, any damage done to this Pokemon by attacks is reduced by 20.",Yx2,None,1,[1F] Dragon Claw (20),
175483,Hakamo-o,Hakamo o,https://tcgplayer-cdn.tcgplayer.com/product/175483_200w.jpg,3,2295,https://cpt.tcgcsv.com/Hcq2,2024-07-26T17:29:21.147,1,,0.4,1.04,1.97,1.25,,Reverse Holofoil,53/70,Common,Dragon,90,Basic,"[2] Guard Press (30)
<br>During your opponent’s next turn, any damage done to this Pokemon by attacks is reduced by 30.",Yx2,None,2,[1LF] Dragon Claw (70),
175483,Hakamo-o,Hakamo o,https://tcgplayer-cdn.tcgplayer.com/product/175483_200w.jpg,3,2295,https://cpt.tcgcsv.com/Hcq2,2024-07-26T17:29:21.147,1,,0.04,0.21,1.49,0.21,,Normal,53/70,Common,Dragon,90,Basic,"[2] Guard Press (30)
<br>During your opponent’s next turn, any damage done to this Pokemon by attacks is reduced by 30.",Yx2,None,2,[1LF] Dragon Claw (70),
175484,Kommo-o,Kommo o,https://tcgplayer-cdn.tcgplayer.com/product/175484_200w.jpg,3,2295,https://cpt.tcgcsv.com/Jcq2,2025-12-10T05:21:20.29,1,,0.3,0.88,2.0,0.89,0.98,Holofoil,54/70,Holo Rare,Dragon,160,Stage 2,"[1L] Guard Press (60)
<br>During your opponent’s next turn, any damage done to this Pokemon by attacks is reduced by 30.",Yx2,None,2,"[2F] Enraged Uppercut (90)
<br>If this Pokemon has 8 or more damage counters on it, this attack does 120 more damage.",
175484,Kommo-o,Kommo o,https://tcgplayer-cdn.tcgplayer.com/product/175484_200w.jpg,3,2295,https://cpt.tcgcsv.com/Jcq2,2025-12-10T05:21:20.29,1,,1.06,1.49,2.99,1.25,,Reverse Holofoil,54/70,Holo Rare,Dragon,160,Stage 2,"[1L] Guard Press (60)
<br>During your opponent’s next turn, any damage done to this Pokemon by attacks is reduced by 30.",Yx2,None,2,"[2F] Enraged Uppercut (90)
<br>If this Pokemon has 8 or more damage counters on it, this attack does 120 more damage.",
175485,Kangaskhan,Kangaskhan,https://tcgplayer-cdn.tcgplayer.com/product/175485_200w.jpg,3,2295,https://cpt.tcgcsv.com/Kcq2,2025-11-21T00:58:31.31,1,,0.05,0.25,1.49,0.23,,Normal,55/70,Common,Colorless,120,Basic,"[1] Fetch
<br>Draw a card.",Fx2,None,2,[2] Headbutt (30),"[3] One-Two Punch (60+)
<br>Flip a coin. If heads, this attack does 30 more damage."
175485,Kangaskhan,Kangaskhan,https://tcgplayer-cdn.tcgplayer.com/product/175485_200w.jpg,3,2295,https://cpt.tcgcsv.com/Kcq2,2025-11-21T00:58:31.31,1,,0.4,0.56,19.99,0.56,1.09,Reverse Holofoil,55/70,Common,Colorless,120,Basic,"[1] Fetch
<br>Draw a card.",Fx2,None,2,[2] Headbutt (30),"[3] One-Two Punch (60+)
<br>Flip a coin. If heads, this attack does 30 more damage."
175486,Swablu (56),Swablu 56,https://tcgplayer-cdn.tcgplayer.com/product/175486_200w.jpg,3,2295,https://cpt.tcgcsv.com/Lcq2,2025-12-10T05:24:37.703,1,,0.06,0.25,1.49,0.28,,Normal,56/70,Common,Colorless,50,Basic,"[1] Collect
<br>Draw a card.",Lx2,F-20,1,[2] Peck (20),
175486,Swablu (56),Swablu 56,https://tcgplayer-cdn.tcgplayer.com/product/175486_200w.jpg,3,2295,https://cpt.tcgcsv.com/Lcq2,2025-12-10T05:24:37.703,1,,0.5,0.69,1.0,0.69,0.7,Reverse Holofoil,56/70,Common,Colorless,50,Basic,"[1] Collect
<br>Draw a card.",Lx2,F-20,1,[2] Peck (20),
175487,Swablu (57),Swablu 57,https://tcgplayer-cdn.tcgplayer.com/product/175487_200w.jpg,3,2295,https://cpt.tcgcsv.com/Mcq2,2024-07-26T17:29:21.287,1,,0.17,0.35,1.49,0.37,,Normal,57/70,Common,Colorless,60,Basic,"[1] Sing 
<br>Your opponent’s Active Pokemon is now Asleep.",Lx2,F-20,1,,
175487,Swablu (57),Swablu 57,https://tcgplayer-cdn.tcgplayer.com/product/175487_200w.jpg,3,2295,https://cpt.tcgcsv.com/Mcq2,2024-07-26T17:29:21.287,1,,0.58,1.74,10.0,1.49,,Reverse Holofoil,57/70,Common,Colorless,60,Basic,"[1] Sing 
<br>Your opponent’s Active Pokemon is now Asleep.",Lx2,F-20,1,,
175488,Blaine's Last Stand,Blaines Last Stand,https://tcgplayer-cdn.tcgplayer.com/product/175488_200w.jpg,3,2295,https://cpt.tcgcsv.com/Ncq2,2024-07-26T17:29:21.317,1,"You can only play this card if it is the only card in your hand.
<br>For each of your Fire Pokemon in play, draw 2 cards.",0.25,0.45,1.66,0.41,,Reverse Holofoil,58/70,Holo Rare,Supporter,,,,,,,,
175488,Blaine's Last Stand,Blaines Last Stand,https://tcgplayer-cdn.tcgplayer.com/product/175488_200w.jpg,3,2295,https://cpt.tcgcsv.com/Ncq2,2024-07-26T17:29:21.317,1,"You can only play this card if it is the only card in your hand.
<br>For each of your Fire Pokemon in play, draw 2 cards.",0.1,0.36,1.99,0.33,0.26,Holofoil,58/70,Holo Rare,Supporter,,,,,,,,
175489,Dragon Talon,Dragon Talon,https://tcgplayer-cdn.tcgplayer.com/product/175489_200w.jpg,3,2295,https://cpt.tcgcsv.com/Pcq2,2026-02-27T06:14:47.537,1,"If the Dragon Pokemon this Pokemon Tool is attached to is your Active Pokemon and is damaged by an opponent’s attack, put 3 damage counters on the Attacking Pokemon.",0.25,0.75,1.38,0.73,,Reverse Holofoil,59/70,Uncommon,Tool,,,,,,,,
175489,Dragon Talon,Dragon Talon,https://tcgplayer-cdn.tcgplayer.com/product/175489_200w.jpg,3,2295,https://cpt.tcgcsv.com/Pcq2,2026-02-27T06:14:47.537,1,"If the Dragon Pokemon this Pokemon Tool is attached to is your Active Pokemon and is damaged by an opponent’s attack, put 3 damage counters on the Attacking Pokemon.",0.12,0.29,1.49,0.25,0.12,Normal,59/70,Uncommon,Tool,,,,,,,,
175490,Fiery Flint,Fiery Flint,https://tcgplayer-cdn.tcgplayer.com/product/175490_200w.jpg,3,2295,https://cpt.tcgcsv.com/Qcq2,2025-12-10T05:19:59.54,1,"Discard 2 cards from your hand in order to play this card.
<br>Search your deck for up to 4 Fire Energy, reveal them, and put them into your hand. Then, shuffle your deck.",0.79,1.4,2.99,1.51,,Reverse Holofoil,60/70,Uncommon,Item,,,,,,,,
175490,Fiery Flint,Fiery Flint,https://tcgplayer-cdn.tcgplayer.com/product/175490_200w.jpg,3,2295,https://cpt.tcgcsv.com/Qcq2,2025-12-10T05:19:59.54,1,"Discard 2 cards from your hand in order to play this card.
<br>Search your deck for up to 4 Fire Energy, reveal them, and put them into your hand. Then, shuffle your deck.",0.3,0.5,1.99,0.48,0.39,Normal,60/70,Uncommon,Item,,,,,,,,
175491,Lance Prism Star,Lance Prism Star,https://tcgplayer-cdn.tcgplayer.com/product/175491_200w.jpg,3,2295,https://cpt.tcgcsv.com/Rcq2,2026-02-16T14:32:33.11,1,"You can only play this card if 1 of your Pokemon was Knocked Out during your opponent’s last turn.
<br>Search your deck for 2 Dragon Pokemon and put them onto your Bench. Then, shuffle your deck.",0.5,1.71,4.99,1.89,,Holofoil,61/70,Prism Rare,Supporter,,,,,,,,
175492,Switch Raft,Switch Raft,https://tcgplayer-cdn.tcgplayer.com/product/175492_200w.jpg,3,2295,https://cpt.tcgcsv.com/Scq2,2022-12-06T16:20:44.81,1,"Switch your Active Water Pokemon with 1 of your Benched Pokemon. Then, heal 30 damage from the Pokemon you moved to your Bench.",2.5,3.49,5.77,3.44,,Reverse Holofoil,62/70,Uncommon,Item,,,,,,,,
175492,Switch Raft,Switch Raft,https://tcgplayer-cdn.tcgplayer.com/product/175492_200w.jpg,3,2295,https://cpt.tcgcsv.com/Scq2,2022-12-06T16:20:44.81,1,"Switch your Active Water Pokemon with 1 of your Benched Pokemon. Then, heal 30 damage from the Pokemon you moved to your Bench.",1.75,2.11,3.57,2.15,,Normal,62/70,Uncommon,Item,,,,,,,,
175493,Wela Volcano Park,Wela Volcano Park,https://tcgplayer-cdn.tcgplayer.com/product/175493_200w.jpg,3,2295,https://cpt.tcgcsv.com/Tcq2,2024-07-26T17:29:21.353,1,Each player’s Burned Pokemon remains Burned between turns (even if the coin flip is heads).,0.1,0.33,1.49,0.32,0.25,Normal,63/70,Uncommon,Stadium,,,,,,,,
175493,Wela Volcano Park,Wela Volcano Park,https://tcgplayer-cdn.tcgplayer.com/product/175493_200w.jpg,3,2295,https://cpt.tcgcsv.com/Tcq2,2024-07-26T17:29:21.353,1,Each player’s Burned Pokemon remains Burned between turns (even if the coin flip is heads).,0.25,0.63,2.0,0.6,,Reverse Holofoil,63/70,Uncommon,Stadium,,,,,,,,
175494,Zinnia,Zinnia,https://tcgplayer-cdn.tcgplayer.com/product/175494_200w.jpg,3,2295,https://cpt.tcgcsv.com/Vcq2,2025-05-10T05:40:08.657,1,"You can only play this card if 1 of your Pokemon was Knocked Out during your opponent’s last turn.
<br>Attach up to 2 basic Energy cards from your hand to 1 of your Dragon Pokemon.",0.7,0.94,2.99,0.94,,Reverse Holofoil,64/70,Uncommon,Supporter,,,,,,,,
175494,Zinnia,Zinnia,https://tcgplayer-cdn.tcgplayer.com/product/175494_200w.jpg,3,2295,https://cpt.tcgcsv.com/Vcq2,2025-05-10T05:40:08.657,1,"You can only play this card if 1 of your Pokemon was Knocked Out during your opponent’s last turn.
<br>Attach up to 2 basic Energy cards from your hand to 1 of your Dragon Pokemon.",0.08,0.29,10.29,0.29,,Normal,64/70,Uncommon,Supporter,,,,,,,,
175495,Reshiram GX (Full Art),Reshiram GX Full Art,https://tcgplayer-cdn.tcgplayer.com/product/175495_200w.jpg,3,2295,https://cpt.tcgcsv.com/Wcq2,2025-12-10T05:22:34.713,1,,24.7,32.88,75.0,28.56,32.84,Holofoil,65/70,Ultra Rare,Fire,180,Basic,"[1] Flame Charge
<br>Search your deck for 2 basic Fire Energy card and attach them to this Pokemon. Then, shuffle your deck.",Wx2,None,2,"[1RRR] Scorching Pillar (110)
<br>Your opponent’s Active Pokemon is now Burned.","<span style=""color:Teal""><strong>[1RRR] Vermilion GX (180)</strong>
<br>You may attach up to 5 Fire Energy from your hand to your Pokemon in any way you like.<em> (You can't use more than 1 GX attack in a game.)</em></span>"
175496,Kingdra GX (Full Art),Kingdra GX Full Art,https://tcgplayer-cdn.tcgplayer.com/product/175496_200w.jpg,3,2295,https://cpt.tcgcsv.com/Xcq2,2022-12-06T16:21:08.313,1,,6.0,8.44,29.99,7.6,,Holofoil,66/70,Ultra Rare,Water,230,Stage 2,"[1] Hydro Pump (10+)
<br>This attack does 50 more damage for each Water Energy attached to this Pokemon.",Gx2,None,2,"[W] Reverse Thrust (30)
<br>Switch this Pokemon with 1 of your Benched Pokemon.","<span style=""color:Teal""><strong>[W] Maelstrom GX </strong>
<br>This attack does 40 damage to each of your opponent’s Pokemon. <em>(You can't use more than 1 GX attack in a game.)</em></span>"
175497,Dragonite GX (Full Art),Dragonite GX Full Art,https://tcgplayer-cdn.tcgplayer.com/product/175497_200w.jpg,3,2295,https://cpt.tcgcsv.com/Zcq2,2025-11-21T00:57:38.88,1,,63.33,66.66,80.0,52.46,63.33,Holofoil,67/70,Ultra Rare,Dragon,250,Stage 2,[L] Dragon Claw (70),Yx2,None,3,"[2WL] Giga Impact (200)
<br>This Pokemon can’t attack during your next turn.","<span style=""color:Teal""><strong>[3] Dragonporter GX</strong>
<br>Put 3 Dragon Pokémon from your discard pile onto your Bench. <em>(You can't use more than 1 GX attack in a game.)</em></span>"
175498,Altaria GX (Full Art),Altaria GX Full Art,https://tcgplayer-cdn.tcgplayer.com/product/175498_200w.jpg,3,2295,https://cpt.tcgcsv.com/-cq2,2022-12-06T16:21:20.653,1,,7.46,9.99,25.3,7.79,8.48,Holofoil,68/70,Ultra Rare,Dragon,200,Stage 1,"[1Y] Bright Tone (50)
<br>During your opponent’s next turn, this Pokemon can’t be damaged by attacks from your opponent’s Pokemon-GX and Pokemon-EX.",Yx2,None,1,"[1WY] Sonic Edge (110)
<br>This attack’s damage isn’t affected by effects on your opponent’s Active Pokemon.","<span style=""color:Teal""><strong>[1Y] Euphoria GX</strong>
<br>Your opponent’s Active Pokemon is now Asleep. Heal all damage from all of your Pokemon in play. <em>(You can't use more than 1 GX attack in a game.)</em></span>"
175499,Blaine's Last Stand (Full Art),Blaines Last Stand Full Art,https://tcgplayer-cdn.tcgplayer.com/product/175499_200w.jpg,3,2295,https://cpt.tcgcsv.com/_cq2,2022-12-06T16:21:28.16,1,"You can only play this card if it is the only card in your hand.
<br>For each of your Fire Pokemon in play, draw 2 cards.",44.67,49.98,81.0,49.68,,Holofoil,69/70,Ultra Rare,Supporter,,,,,,,,
175500,Zinnia (Full Art),Zinnia Full Art,https://tcgplayer-cdn.tcgplayer.com/product/175500_200w.jpg,3,2295,https://cpt.tcgcsv.com/0dq2,2026-02-16T14:33:09.133,1,"You can only play this card if 1 of your Pokemon was Knocked Out during your opponent’s last turn.
<br>Attach up to 2 basic Energy cards from your hand to 1 of your Dragon Pokemon.",52.15,61.4,100.24,61.33,,Holofoil,70/70,Ultra Rare,Supporter,,,,,,,,
175501,Reshiram GX (Secret),Reshiram GX Secret,https://tcgplayer-cdn.tcgplayer.com/product/175501_200w.jpg,3,2295,https://cpt.tcgcsv.com/2dq2,2022-12-06T16:26:52.12,1,,57.51,74.99,120.0,73.42,,Holofoil,71/70,Secret Rare,Fire,180,Basic,"[1] Flame Charge
<br>Search your deck for 2 basic Fire Energy card and attach them to this Pokemon. Then, shuffle your deck.",Wx2,None,2,"[1RRR] Scorching Pillar (110)
<br>Your opponent’s Active Pokemon is now Burned.","<span style=""color:Teal""><strong>[1RRR] Vermilion GX (180)</strong>
<br>You may attach up to 5 Fire Energy from your hand to your Pokemon in any way you like.<em> (You can't use more than 1 GX attack in a game.)</em></span>"
175502,Altaria GX (Secret),Altaria GX Secret,https://tcgplayer-cdn.tcgplayer.com/product/175502_200w.jpg,3,2295,https://cpt.tcgcsv.com/3dq2,2022-12-06T16:27:01.453,1,,32.65,37.15,44.99,37.62,,Holofoil,72/70,Secret Rare,Dragon,200,Stage 1,"[1Y] Bright Tone (50)
<br>During your opponent’s next turn, this Pokemon can’t be damaged by attacks from your opponent’s Pokemon-GX and Pokemon-EX.",Yx2,None,1,"[1WY] Sonic Edge (110)
<br>This attack’s damage isn’t affected by effects on your opponent’s Active Pokemon.","<span style=""color:Teal""><strong>[1Y] Euphoria GX</strong>
<br>Your opponent’s Active Pokemon is now Asleep. Heal all damage from all of your Pokemon in play. <em>(You can't use more than 1 GX attack in a game.)</em></span>"
175503,Salamence GX (Secret),Salamence GX Secret,https://tcgplayer-cdn.tcgplayer.com/product/175503_200w.jpg,3,2295,https://cpt.tcgcsv.com/5dq2,2026-02-16T14:32:50.613,1,"<strong>Ability — Dragon Lift</strong>
<br>The Retreat Cost of each of your Pokemon (excluding Pokemon-EX and Pokemon-GX) is 0.",37.49,43.88,131.98,43.2,45.13,Holofoil,73/70,Secret Rare,Dragon,250,Stage 2,"[2RW] Bright Flame (200)
<br>Discard 2 Energy from this Pokemon",Yx2,None,2,"<span style=""color:Teal""><strong>[2R] Flame Jet GX</strong>
<br>This attack does 120 damage to 1 of your opponent’s Pokemon. <em>(You can't use more than 1 GX attack in a game.)</em></span>",
175504,White Kyurem GX (Secret),White Kyurem GX Secret,https://tcgplayer-cdn.tcgplayer.com/product/175504_200w.jpg,3,2295,https://cpt.tcgcsv.com/6dq2,2025-11-21T01:01:13.58,1,,49.99,55.91,80.0,55.78,59.87,Holofoil,74/70,Secret Rare,Dragon,190,Basic,"[R] Shred (40)
<br>This attack’s damage isn’t affected by any effects on your opponent’s Active Pokemon.",Yx2,None,3,"[1RW] Enraged Blade (80+)
<br>If this Pokemon has any damage counters on it, this attack does 80 more damage.","<span style=""color:Teal""><strong>[1RRW] Dragon Nova GX (200)</strong>
<br>Your opponent’s Active Pokemon is now Burned and Paralyzed. <em>(You can't use more than 1 GX attack in a game.)</em></span>"
175505,Dragon Talon (Secret),Dragon Talon Secret,https://tcgplayer-cdn.tcgplayer.com/product/175505_200w.jpg,3,2295,https://cpt.tcgcsv.com/7dq2,2022-12-06T16:27:26.707,1,"If the Dragon Pokemon this Pokemon Tool is attached to is your Active Pokemon and is damaged by an opponent’s attack, put 3 damage counters on the Attacking Pokemon.",6.84,7.92,14.99,7.36,,Holofoil,75/70,Secret Rare,Tool,,,,,,,,
175506,Fiery Flint (Secret),Fiery Flint Secret,https://tcgplayer-cdn.tcgplayer.com/product/175506_200w.jpg,3,2295,https://cpt.tcgcsv.com/8dq2,2025-12-10T05:20:46.41,1,"Discard 2 cards from your hand in order to play this card.
<br>Search your deck for up to 4 Fire Energy, reveal them, and put them into your hand. Then, shuffle your deck.",9.5,11.03,19.99,10.13,9.51,Holofoil,76/70,Secret Rare,Item,,,,,,,,
175507,Switch Raft (Secret),Switch Raft Secret,https://tcgplayer-cdn.tcgplayer.com/product/175507_200w.jpg,3,2295,https://cpt.tcgcsv.com/9dq2,2022-12-06T16:27:57.073,1,"Switch your Active Water Pokemon with 1 of your Benched Pokemon. Then, heal 30 damage from the Pokemon you moved to your Bench.",9.95,12.62,19.13,12.01,,Holofoil,77/70,Secret Rare,Item,,,,,,,,
175508,Ultra Necrozma GX (Secret),Ultra Necrozma GX Secret,https://tcgplayer-cdn.tcgplayer.com/product/175508_200w.jpg,3,2295,https://cpt.tcgcsv.com/bdq2,2026-01-06T14:53:50.297,1,,94.08,102.24,227.0,94.06,96.88,Holofoil,78/70,Secret Rare,Dragon,190,Basic,"[PM] Photon Geyser (20+)
<br>Discard all basic Psychic Energy from this Pokémon. This attack does 80 more damage for each card you discarded in this way.",Yx2,None,2,"<span style=""color:DarkRed""><strong>[PM] Sky-Scorching Light GX (Damage)</strong>
<br>You can use this attack only if the total of both players' remaining Prize cards is 6 or less. Put 6 damage counters on each of your opponent's Pokémon. <em>(You can't use more than 1 GX attack in a game.)</em></span>",
175560,Dragon Majesty Super-Premium Collection,Dragon Majesty Super Premium Collection,https://tcgplayer-cdn.tcgplayer.com/product/175560_200w.jpg,3,2295,https://cpt.tcgcsv.com/dfq2,2025-05-07T19:59:06.547,1,"This Super-Premium Collection contains the following:
<br>• 1 Rare Rainbow Foil promo card featuring Kingdra-GX (SM155)
<br>• 1 Rare Rainbow Foil promo card featuring Dragonite-GX (SM156)
<br>• 1 awesome figure of Dragonite
<br>• 10 Dragon Majesty booster packs
<br>• 3 collector’s boxes to store your cards
<br>• 1 playmat for tournaments or for your desk
<br>• 1 Dragons Then & Now booklet
<br>• A code card for the Pokemon TCG Online",2499.0,2499.5,2500.0,1250.0,,Normal,,,,,,,,,,,
179033,Legends of Unova GX Premium Collection,Legends of Unova GX Premium Collection,https://tcgplayer-cdn.tcgplayer.com/product/179033_200w.jpg,3,2295,https://cpt.tcgcsv.com/HDr2,2018-10-25T18:22:46.357,1,"Harness the awesome powers of fire, lightning, and ice with this huge collection featuring a trio of Legendary Pokémon from the Unova region! The blazing Reshiram GX and the electrifying Zekrom GX are here as playable foil promo cards, and they unite with the freezing Kyurem on an amazing oversize card that pushes the boundaries of draconic power!",,,,,,,,,,,,,,,,,
179038,Ultra Necrozma GX Figure Collection,Ultra Necrozma GX Figure Collection,https://tcgplayer-cdn.tcgplayer.com/product/179038_200w.jpg,3,2295,https://cpt.tcgcsv.com/NDr2,2018-10-26T11:58:28.973,1,"After absorbing a Legendary Pokémon, Ultra Necrozma-GX has emerged as a mysterious Pokémon with strong psychic powers! Now this amazing Legendary Pokémon is ready to join your team, both as a playable Pokémon-GX and as a detailed, sculpted figure! This Pokémon adds a touch of danger and the unknown to your collection!
<br>
<br>Each collection comes with:
<br>• 4 Dragon Majesty booster packs
<br>• 1 sculpted figure of Ultra Necrozma
<br>• 1 holofoil promo of Ultra Necrozma GX
<br>• 1 code card for the Pokemon Trading Card Game Online",,,,,,,,,,,,,,,,,
180522,Dragon Majesty Special Collection: Salamence GX,Dragon Majesty Special Collection Salamence GX,https://tcgplayer-cdn.tcgplayer.com/product/180522_200w.jpg,3,2295,https://cpt.tcgcsv.com/sds2,2018-11-15T14:13:07.577,1,"Each Dragon Majesty Special Collection: Salamence GX comes with:
<br>• 1 Full Art holofoil promo of Salamence GX <em>(and 1 Jumbo version)</em>
<br>• 1 holofoil promo of Salamence
<br>• 5 Dragon Majesty booster packs
<br>• A Salamence collectible coin
<br>• A Pokemon Trading Card Game Online code card",489.99,489.99,489.99,414.98,,Normal,,,,,,,,,,,
180526,Dragon Majesty Special Collection: White Kyurem GX,Dragon Majesty Special Collection White Kyurem GX,https://tcgplayer-cdn.tcgplayer.com/product/180526_200w.jpg,3,2295,https://cpt.tcgcsv.com/xds2,2018-11-15T14:20:36.17,1,"Each Dragon Majesty Special Collection: White Kyurem GX comes with:
<br>• 1 Full Art holofoil promo of White Kyurem GX <em>(and 1 Jumbo version)</em>
<br>• 1 holofoil promo of Kyurem
<br>• 5 Dragon Majesty booster packs
<br>• A Salamence collectible coin
<br>• A Pokemon Trading Card Game Online code card",599.99,599.99,599.99,,,Normal,,,,,,,,,,,
267728,Code Card - Dragon Majesty Booster Pack,Code Card Dragon Majesty Booster Pack,https://tcgplayer-cdn.tcgplayer.com/product/267728_200w.jpg,3,2295,https://cpt.tcgcsv.com/B693,2023-03-31T16:07:39.087,1,"This listing is <strong>not</strong> a physical item. Please keep in mind that this <strong>Code Card</strong> listing represents a digital copy of the stated item for the Pokémon TCG Online <strong>and/or</strong> the Pokémon TCG Live games. You may receive the physical <strong>Code Card</strong>. Upon purchase, please work with your specific Seller by sending them a message using the <strong>Contact Seller</strong> button on the order details in your <a href=https://store.tcgplayer.com/myaccount/orderhistory>Order History</a> to opt in to having your <strong>Code Card</strong> code delivered digitally due to the nature of the product.",0.12,0.5,0.99,0.5,,Normal,,Code Card,,,,,,,,,
267744,Code Card - Dragon Majesty Special Collection [Salamence GX],Code Card Dragon Majesty Special Collection Salamence GX,https://tcgplayer-cdn.tcgplayer.com/product/267744_200w.jpg,3,2295,https://cpt.tcgcsv.com/V693,2023-03-31T16:08:41.35,1,"This listing is <strong>not</strong> a physical item. Please keep in mind that this <strong>Code Card</strong> listing represents a digital copy of the stated item for the Pokémon TCG Online <strong>and/or</strong> the Pokémon TCG Live games. You may receive the physical <strong>Code Card</strong>. Upon purchase, please work with your specific Seller by sending them a message using the <strong>Contact Seller</strong> button on the order details in your <a href=https://store.tcgplayer.com/myaccount/orderhistory>Order History</a> to opt in to having your <strong>Code Card</strong> code delivered digitally due to the nature of the product.",5.0,5.0,5.0,,,Normal,,Code Card,,,,,,,,,
267745,Code Card - Dragon Majesty Special Collection [White Kyurem GX],Code Card Dragon Majesty Special Collection White Kyurem GX,https://tcgplayer-cdn.tcgplayer.com/product/267745_200w.jpg,3,2295,https://cpt.tcgcsv.com/W693,2023-03-31T16:08:55.003,1,"This listing is <strong>not</strong> a physical item. Please keep in mind that this <strong>Code Card</strong> listing represents a digital copy of the stated item for the Pokémon TCG Online <strong>and/or</strong> the Pokémon TCG Live games. You may receive the physical <strong>Code Card</strong>. Upon purchase, please work with your specific Seller by sending them a message using the <strong>Contact Seller</strong> button on the order details in your <a href=https://store.tcgplayer.com/myaccount/orderhistory>Order History</a> to opt in to having your <strong>Code Card</strong> code delivered digitally due to the nature of the product.",,,,,,,,Code Card,,,,,,,,,
487691,Code Card - Dragon Majesty Elite Trainer Box,Code Card Dragon Majesty Elite Trainer Box,https://tcgplayer-cdn.tcgplayer.com/product/487691_200w.jpg,3,2295,https://cpt.tcgcsv.com/R5W5,2023-06-20T15:40:42.81,1,"This listing is <strong>not</strong> a physical item. Please keep in mind that this <strong>Code Card</strong> listing represents a digital copy of the stated item for the Pokémon TCG Online <strong>and/or</strong> the Pokémon TCG Live games. You may receive the physical <strong>Code Card</strong>. Upon purchase, please work with your specific Seller by sending them a message using the <strong>Contact Seller</strong> button on the order details in your <a href=https://store.tcgplayer.com/myaccount/orderhistory>Order History</a> to opt in to having your <strong>Code Card</strong> code delivered digitally due to the nature of the product.",3.99,4.0,4.5,,,Normal,,Code Card,,,,,,,,,
