productId,name,cleanName,imageUrl,categoryId,groupId,url,modifiedOn,imageCount,extNumber,extRarity,extCardType,extHP,extStage,extCardText,extAttack1,extAttack2,extWeakness,extResistance,extRetreatCost,lowPrice,midPrice,highPrice,marketPrice,directLowPrice,subTypeName,extAttack3,extAttack4
83524,Altaria ex,Altaria ex,https://tcgplayer-cdn.tcgplayer.com/product/83524_200w.jpg,3,1410,https://cpt.tcgcsv.com/vqH,2024-04-11T15:05:23.18,1,90/106,Ultra Rare,Colorless,100,Stage 1,"<b>Poke-BODY</b> Mist <br>
<br>Any damage done to Altaria ex by attacks from Stage 2 Evolved Pokemon <em>(both yours and your opponent's)</em> is reduced by 30 <em>(after applying Weakness and Resistance).J<  (Poke-BODY)",[1] Dive (20),"[1LW] Dragon Mist (70) 
<br>This attack's damage isn't affected by Resistance, Poke-Powers, Poke-Bodies, or any other effects on the Defending Pokemon.",None,None,1,80.0,80.0,80.0,120.0,,Normal,,
83524,Altaria ex,Altaria ex,https://tcgplayer-cdn.tcgplayer.com/product/83524_200w.jpg,3,1410,https://cpt.tcgcsv.com/vqH,2024-04-11T15:05:23.18,1,90/106,Ultra Rare,Colorless,100,Stage 1,"<b>Poke-BODY</b> Mist <br>
<br>Any damage done to Altaria ex by attacks from Stage 2 Evolved Pokemon <em>(both yours and your opponent's)</em> is reduced by 30 <em>(after applying Weakness and Resistance).J<  (Poke-BODY)",[1] Dive (20),"[1LW] Dragon Mist (70) 
<br>This attack's damage isn't affected by Resistance, Poke-Powers, Poke-Bodies, or any other effects on the Defending Pokemon.",None,None,1,54.99,71.38,299.99,103.49,,Holofoil,,
83713,Baltoy,Baltoy,https://tcgplayer-cdn.tcgplayer.com/product/83713_200w.jpg,3,1410,https://cpt.tcgcsv.com/hvH,2024-04-11T15:05:23.677,1,43/106,Common,Fighting,50,Basic,,[1] Slap (10),[3] Pierce (30),G,None,1,1.09,2.85,4.5,2.01,,Normal,,
83713,Baltoy,Baltoy,https://tcgplayer-cdn.tcgplayer.com/product/83713_200w.jpg,3,1410,https://cpt.tcgcsv.com/hvH,2024-04-11T15:05:23.677,1,43/106,Common,Fighting,50,Basic,,[1] Slap (10),[3] Pierce (30),G,None,1,7.49,10.72,19.37,15.23,,Reverse Holofoil,,
83740,Battle Frontier,Battle Frontier,https://tcgplayer-cdn.tcgplayer.com/product/83740_200w.jpg,3,1410,https://cpt.tcgcsv.com/QvH,2024-04-11T15:07:21.997,1,75/106,Uncommon,Stadium,,,"Each player's Colorless Evolved Pokemon, Darkness Evolved Pokemon, and Metal Evolved Pokemon can't use any Poke-Powers or Poke-Bodies.",,,,,,2.85,4.49,14.98,4.77,,Normal,,
83740,Battle Frontier,Battle Frontier,https://tcgplayer-cdn.tcgplayer.com/product/83740_200w.jpg,3,1410,https://cpt.tcgcsv.com/QvH,2024-04-11T15:07:21.997,1,75/106,Uncommon,Stadium,,,"Each player's Colorless Evolved Pokemon, Darkness Evolved Pokemon, and Metal Evolved Pokemon can't use any Poke-Powers or Poke-Bodies.",,,,,,19.08,27.0,35.55,28.84,,Reverse Holofoil,,
83906,Blaziken,Blaziken,https://tcgplayer-cdn.tcgplayer.com/product/83906_200w.jpg,3,1410,https://cpt.tcgcsv.com/8BH,2026-02-27T03:09:32.547,1,1/106,Holo Rare,Fire,110,Stage 2,"<b>Poke-BODY</b> Blaze 
<br>
<br>As long as Blaziken's remaining HP is 40 or less, Blaziken does 40 more damage to the Defending Pokemon <em>(before applying Weakness and Resistance). </em>","[1] Searing Flame (10) 
<br>The Defending Pokemon is now Burned.","[1RR] Damage Burn (50+) 
<br>If the Defending Pokemon already has any damage counters on it, this attack does 50 damage plus 20 more damage.",W,None,2,42.22,49.34,79.99,25.64,,Normal,,
83906,Blaziken,Blaziken,https://tcgplayer-cdn.tcgplayer.com/product/83906_200w.jpg,3,1410,https://cpt.tcgcsv.com/8BH,2026-02-27T03:09:32.547,1,1/106,Holo Rare,Fire,110,Stage 2,"<b>Poke-BODY</b> Blaze 
<br>
<br>As long as Blaziken's remaining HP is 40 or less, Blaziken does 40 more damage to the Defending Pokemon <em>(before applying Weakness and Resistance). </em>","[1] Searing Flame (10) 
<br>The Defending Pokemon is now Burned.","[1RR] Damage Burn (50+) 
<br>If the Defending Pokemon already has any damage counters on it, this attack does 50 damage plus 20 more damage.",W,None,2,52.39,53.88,66.86,58.65,48.98,Holofoil,,
83906,Blaziken,Blaziken,https://tcgplayer-cdn.tcgplayer.com/product/83906_200w.jpg,3,1410,https://cpt.tcgcsv.com/8BH,2026-02-27T03:09:32.547,1,1/106,Holo Rare,Fire,110,Stage 2,"<b>Poke-BODY</b> Blaze 
<br>
<br>As long as Blaziken's remaining HP is 40 or less, Blaziken does 40 more damage to the Defending Pokemon <em>(before applying Weakness and Resistance). </em>","[1] Searing Flame (10) 
<br>The Defending Pokemon is now Burned.","[1RR] Damage Burn (50+) 
<br>If the Defending Pokemon already has any damage counters on it, this attack does 50 damage plus 20 more damage.",W,None,2,41.2,42.34,52.0,80.0,,Reverse Holofoil,,
83956,Breloom,Breloom,https://tcgplayer-cdn.tcgplayer.com/product/83956_200w.jpg,3,1410,https://cpt.tcgcsv.com/8CH,2024-04-11T15:05:24.337,1,22/106,Uncommon,Grass,80,Stage 1,,"[1] Power Blow (10+) 
<br>Does 10 damage plus 10 more damage for each Energy attached to Breloom.","[1GG] Body Slam (40) 
<br>Flip a coin.  If heads, the Defending Pokemon is now Paralyzed.",P,None,1,1.25,1.5,5.69,1.57,,Normal,,
83956,Breloom,Breloom,https://tcgplayer-cdn.tcgplayer.com/product/83956_200w.jpg,3,1410,https://cpt.tcgcsv.com/8CH,2024-04-11T15:05:24.337,1,22/106,Uncommon,Grass,80,Stage 1,,"[1] Power Blow (10+) 
<br>Does 10 damage plus 10 more damage for each Energy attached to Breloom.","[1GG] Body Slam (40) 
<br>Flip a coin.  If heads, the Defending Pokemon is now Paralyzed.",P,None,1,15.0,15.0,21.34,35.5,,Reverse Holofoil,,
84071,Cacnea,Cacnea,https://tcgplayer-cdn.tcgplayer.com/product/84071_200w.jpg,3,1410,https://cpt.tcgcsv.com/rFH,2024-04-11T15:05:24.583,1,44/106,Common,Grass,50,Basic,,"[1] Spike Cannon (10x) 
<br>Flip 3 coins.  This attack does 10 damage times the number of heads.",,F,None,1,0.2,0.5,1.99,0.98,,Normal,,
84071,Cacnea,Cacnea,https://tcgplayer-cdn.tcgplayer.com/product/84071_200w.jpg,3,1410,https://cpt.tcgcsv.com/rFH,2024-04-11T15:05:24.583,1,44/106,Common,Grass,50,Basic,,"[1] Spike Cannon (10x) 
<br>Flip 3 coins.  This attack does 10 damage times the number of heads.",,F,None,1,12.0,16.0,20.0,6.89,,Reverse Holofoil,,
84084,Cacturne ex,Cacturne ex,https://tcgplayer-cdn.tcgplayer.com/product/84084_200w.jpg,3,1410,https://cpt.tcgcsv.com/JFH,2024-04-11T15:05:24.82,1,91/106,Ultra Rare,Grass,110,Stage 1,"<b>Poke-BODY</b> Cursed Glare <br>
<br>As long as Cacturne ex is your Active Pokemon, your opponent can't attach any Special Energy cards (except for Darkness and Metal Energy cards) from his or her hand to his or her Active Pokemon.","[G] Psybeam (20) 
<br>The Defending Pokemon is now Confused.","[2G] Spike Rend (50+) 
<br>If the Defending Pokemon already has any damage counters on it, this attack does 50 damage plus 20 more damage.",R,None,1,90.17,90.17,90.17,,,Normal,,
84084,Cacturne ex,Cacturne ex,https://tcgplayer-cdn.tcgplayer.com/product/84084_200w.jpg,3,1410,https://cpt.tcgcsv.com/JFH,2024-04-11T15:05:24.82,1,91/106,Ultra Rare,Grass,110,Stage 1,"<b>Poke-BODY</b> Cursed Glare <br>
<br>As long as Cacturne ex is your Active Pokemon, your opponent can't attach any Special Energy cards (except for Darkness and Metal Energy cards) from his or her hand to his or her Active Pokemon.","[G] Psybeam (20) 
<br>The Defending Pokemon is now Confused.","[2G] Spike Rend (50+) 
<br>If the Defending Pokemon already has any damage counters on it, this attack does 50 damage plus 20 more damage.",R,None,1,59.99,94.99,129.99,84.0,,Holofoil,,
84090,Camerupt,Camerupt,https://tcgplayer-cdn.tcgplayer.com/product/84090_200w.jpg,3,1410,https://cpt.tcgcsv.com/QFH,2024-04-11T15:05:24.963,1,23/106,Uncommon,Fire,80,Stage 1,,"[2] Extra Flame (20+) 
<br>If the Defending Pokemon is Pokemon-ex, this attack does 20 damage plus 30 more damage.","[2R] Super Singe (40) 
<br>The Defending Pokemon is now Burned.",W,None,2,0.2,0.66,20.7,0.64,0.64,Normal,,
84090,Camerupt,Camerupt,https://tcgplayer-cdn.tcgplayer.com/product/84090_200w.jpg,3,1410,https://cpt.tcgcsv.com/QFH,2024-04-11T15:05:24.963,1,23/106,Uncommon,Fire,80,Stage 1,,"[2] Extra Flame (20+) 
<br>If the Defending Pokemon is Pokemon-ex, this attack does 20 damage plus 30 more damage.","[2R] Super Singe (40) 
<br>The Defending Pokemon is now Burned.",W,None,2,30.0,37.07,44.13,11.56,,Reverse Holofoil,,
84096,Camerupt ex,Camerupt ex,https://tcgplayer-cdn.tcgplayer.com/product/84096_200w.jpg,3,1410,https://cpt.tcgcsv.com/XFH,2024-04-11T15:05:25.073,1,92/106,Ultra Rare,Fire,120,Stage 1,"<b>Poke-BODY</b> Magma Armor <br>
<br>Camerupt ex can't be Asleep or Paralyzed.","[2] Searing Flame (30) 
<br>The Defending Pokemon is now Burned.","[1RR] Eruption (60+) 
<br>Each player discard the top card of his or her deck.  This attack does 60 damage plus 20 more damage for each Energy card discarded in this way.",W,None,2,21.18,25.59,29.99,74.43,,Holofoil,,
84294,Chimecho,Chimecho,https://tcgplayer-cdn.tcgplayer.com/product/84294_200w.jpg,3,1410,https://cpt.tcgcsv.com/VKH,2024-04-11T15:05:25.33,1,12/106,Rare,Psychic,70,Basic,,"[1] Collect  
<br>Draw a card.","[1P] Warp Sounds (20) 
<br>If the Defending Pokemon is an Evolved Pokemon, the Defending Pokemon is now Confused.",P,None,1,0.97,1.69,7.85,1.89,,Normal,,
84294,Chimecho,Chimecho,https://tcgplayer-cdn.tcgplayer.com/product/84294_200w.jpg,3,1410,https://cpt.tcgcsv.com/VKH,2024-04-11T15:05:25.33,1,12/106,Rare,Psychic,70,Basic,,"[1] Collect  
<br>Draw a card.","[1P] Warp Sounds (20) 
<br>If the Defending Pokemon is an Evolved Pokemon, the Defending Pokemon is now Confused.",P,None,1,20.04,22.04,31.06,21.45,,Reverse Holofoil,,
84335,Claydol,Claydol,https://tcgplayer-cdn.tcgplayer.com/product/84335_200w.jpg,3,1410,https://cpt.tcgcsv.com/KLH,2024-04-11T15:05:25.447,1,24/106,Uncommon,Fighting,80,Stage 1,"<b>Poke-BODY</b> Levitate <br>
<br>As long as Claydol has any Energy attached to it, the Retreat Cost for Claydol is 0.","[1F] Rock Smash (30+) 
<br>Flip a coin.  If heads, this attack does 30 damage plus 10 more damage.",,G,None,2,12.99,15.99,18.99,12.95,,Normal,,
84335,Claydol,Claydol,https://tcgplayer-cdn.tcgplayer.com/product/84335_200w.jpg,3,1410,https://cpt.tcgcsv.com/KLH,2024-04-11T15:05:25.447,1,24/106,Uncommon,Fighting,80,Stage 1,"<b>Poke-BODY</b> Levitate <br>
<br>As long as Claydol has any Energy attached to it, the Retreat Cost for Claydol is 0.","[1F] Rock Smash (30+) 
<br>Flip a coin.  If heads, this attack does 30 damage plus 10 more damage.",,G,None,2,33.12,40.79,46.17,36.66,,Reverse Holofoil,,
84404,Combusken,Combusken,https://tcgplayer-cdn.tcgplayer.com/product/84404_200w.jpg,3,1410,https://cpt.tcgcsv.com/6NH,2024-04-11T15:05:25.553,1,25/106,Uncommon,Fire,70,Stage 1,,"[1R] Lava Burn (20) 
<br>Does 10 damage to 1 of your opponent's Benched Pokemon.  <i>(Don't apply Weakness and Resistance for Benched Pokemon.)</i>","[2R] Sharp Claws (40+) 
<br>Flip a coin.  If heads, this attack does 40 damage plus 10 more damage.",W,None,1,0.3,0.87,2.79,0.86,,Normal,,
84404,Combusken,Combusken,https://tcgplayer-cdn.tcgplayer.com/product/84404_200w.jpg,3,1410,https://cpt.tcgcsv.com/6NH,2024-04-11T15:05:25.553,1,25/106,Uncommon,Fire,70,Stage 1,,"[1R] Lava Burn (20) 
<br>Does 10 damage to 1 of your opponent's Benched Pokemon.  <i>(Don't apply Weakness and Resistance for Benched Pokemon.)</i>","[2R] Sharp Claws (40+) 
<br>Flip a coin.  If heads, this attack does 40 damage plus 10 more damage.",W,None,1,15.39,32.7,50.0,29.99,,Reverse Holofoil,,
84684,Darkness Energy (Special),Darkness Energy Special,https://tcgplayer-cdn.tcgplayer.com/product/84684_200w.jpg,3,1410,https://cpt.tcgcsv.com/JTH,2026-02-05T19:04:33.46,1,86/106,Rare,Special Energy,,,"If the Pokemon Darkness Energy is attached to attacks, the attack does 10 more damage to the Active Pokemon <em>(before applying Weakness and Resistance).</em>  Ignore this effect unless the Attacking Pokemon is Darkness or has Dark in its name.  Darkness Energy provides Darkness energy.  <em>(Doesn't count as a basic Energy card.)</em>",,,,,,0.75,1.25,4.0,1.8,,Normal,,
84684,Darkness Energy (Special),Darkness Energy Special,https://tcgplayer-cdn.tcgplayer.com/product/84684_200w.jpg,3,1410,https://cpt.tcgcsv.com/JTH,2026-02-05T19:04:33.46,1,86/106,Rare,Special Energy,,,"If the Pokemon Darkness Energy is attached to attacks, the attack does 10 more damage to the Active Pokemon <em>(before applying Weakness and Resistance).</em>  Ignore this effect unless the Attacking Pokemon is Darkness or has Dark in its name.  Darkness Energy provides Darkness energy.  <em>(Doesn't count as a basic Energy card.)</em>",,,,,,10.98,15.62,20.25,20.5,,Reverse Holofoil,,
84766,Deoxys (Speed Forme),Deoxys Speed Forme,https://tcgplayer-cdn.tcgplayer.com/product/84766_200w.jpg,3,1410,https://cpt.tcgcsv.com/lWH,2024-04-11T15:05:25.797,1,2/106,Holo Rare,Psychic,70,Basic,"<b>Poke-BODY</b>Form Change  <br>
<br>Once during your turn <em>(before your attack)</em>, you may search your deck for another Deoxys and switch it with Deoxys.  <em>(Any cards attached to Deoxys, damage counters, Special Conditions, and effects on it are now on the new Pokemon.)</em> If you do, put Deoxys on top of your deck.  Shuffle your deck afterward.  You can't use more than 1 Form Change Poke-Power each turn.","[2] Swift (30) 
<br>This attack's damage isn't affected by Weakness, Resistance, Poke-Powers, Poke-Bodies, or any other effects on the Defending Pokemon.",,P,None,1,34.99,62.47,89.95,59.69,,Normal,,
84766,Deoxys (Speed Forme),Deoxys Speed Forme,https://tcgplayer-cdn.tcgplayer.com/product/84766_200w.jpg,3,1410,https://cpt.tcgcsv.com/lWH,2024-04-11T15:05:25.797,1,2/106,Holo Rare,Psychic,70,Basic,"<b>Poke-BODY</b>Form Change  <br>
<br>Once during your turn <em>(before your attack)</em>, you may search your deck for another Deoxys and switch it with Deoxys.  <em>(Any cards attached to Deoxys, damage counters, Special Conditions, and effects on it are now on the new Pokemon.)</em> If you do, put Deoxys on top of your deck.  Shuffle your deck afterward.  You can't use more than 1 Form Change Poke-Power each turn.","[2] Swift (30) 
<br>This attack's damage isn't affected by Weakness, Resistance, Poke-Powers, Poke-Bodies, or any other effects on the Defending Pokemon.",,P,None,1,75.96,100.78,169.99,67.98,,Holofoil,,
84766,Deoxys (Speed Forme),Deoxys Speed Forme,https://tcgplayer-cdn.tcgplayer.com/product/84766_200w.jpg,3,1410,https://cpt.tcgcsv.com/lWH,2024-04-11T15:05:25.797,1,2/106,Holo Rare,Psychic,70,Basic,"<b>Poke-BODY</b>Form Change  <br>
<br>Once during your turn <em>(before your attack)</em>, you may search your deck for another Deoxys and switch it with Deoxys.  <em>(Any cards attached to Deoxys, damage counters, Special Conditions, and effects on it are now on the new Pokemon.)</em> If you do, put Deoxys on top of your deck.  Shuffle your deck afterward.  You can't use more than 1 Form Change Poke-Power each turn.","[2] Swift (30) 
<br>This attack's damage isn't affected by Weakness, Resistance, Poke-Powers, Poke-Bodies, or any other effects on the Defending Pokemon.",,P,None,1,599.99,599.99,599.99,81.5,,Reverse Holofoil,,
84773,Deoxys ex (Speed Forme),Deoxys ex Speed Forme,https://tcgplayer-cdn.tcgplayer.com/product/84773_200w.jpg,3,1410,https://cpt.tcgcsv.com/tWH,2024-04-11T15:05:25.937,1,93/106,Ultra Rare,Psychic,110,Basic,"<b>Poke-POWER</b> Form Change  <br>
<br>Once during your turn <em>(before your attack)</em>, you may search your deck for another Deoxys ex and switch it with Deoxys ex.  <em>(Any cards attached to Deoxys ex, damage counters, Special Conditions, and effects on it are now on the new Pokemon.)</em> If you do, put Deoxys ex on top of your deck.  Shuffle your deck afterward.  You can't use more than 1 Form Change Poke-Power each turn.","[3] Fastwave (50) 
<br>This attack's damage isn't affected by Resistance, Poke-Powers, Poke-Bodies, or any other effects on the Defending Pokemon.",,P,None,1,,,,,,,,
84851,Dodrio,Dodrio,https://tcgplayer-cdn.tcgplayer.com/product/84851_200w.jpg,3,1410,https://cpt.tcgcsv.com/2ZH,2024-04-11T15:05:26.04,1,26/106,Uncommon,Colorless,70,Stage 1,,[2] Smash Kick (30),"[3] Smash Turn (40) 
<br>After your attack, you may switch Dodrio with 1 of your Benched Pokemon.",L,F,1,0.65,1.41,4.19,1.48,,Normal,,
84851,Dodrio,Dodrio,https://tcgplayer-cdn.tcgplayer.com/product/84851_200w.jpg,3,1410,https://cpt.tcgcsv.com/2ZH,2024-04-11T15:05:26.04,1,26/106,Uncommon,Colorless,70,Stage 1,,[2] Smash Kick (30),"[3] Smash Turn (40) 
<br>After your attack, you may switch Dodrio with 1 of your Benched Pokemon.",L,F,1,14.96,14.96,14.96,16.84,,Reverse Holofoil,,
84862,Doduo,Doduo,https://tcgplayer-cdn.tcgplayer.com/product/84862_200w.jpg,3,1410,https://cpt.tcgcsv.com/gZH,2024-04-11T15:05:26.133,1,45/106,Common,Colorless,40,Basic,,"[1] Paralyzing Gaze 
<br>Flip a coin.  If heads, the Defending Pokemon is now Paralyzed.",,L,F,1,0.29,0.47,1.75,0.51,,Normal,,
84862,Doduo,Doduo,https://tcgplayer-cdn.tcgplayer.com/product/84862_200w.jpg,3,1410,https://cpt.tcgcsv.com/gZH,2024-04-11T15:05:26.133,1,45/106,Common,Colorless,40,Basic,,"[1] Paralyzing Gaze 
<br>Flip a coin.  If heads, the Defending Pokemon is now Paralyzed.",,L,F,1,7.0,13.99,17.0,9.46,,Reverse Holofoil,,
84888,Double Full Heal,Double Full Heal,https://tcgplayer-cdn.tcgplayer.com/product/84888_200w.jpg,3,1410,https://cpt.tcgcsv.com/NZH,2024-04-11T15:12:10.173,1,76/106,Uncommon,Item,,,Remove all Special Conditions from each of your Active Pokemon.,,,,,,0.21,0.51,4.84,0.64,,Normal,,
84888,Double Full Heal,Double Full Heal,https://tcgplayer-cdn.tcgplayer.com/product/84888_200w.jpg,3,1410,https://cpt.tcgcsv.com/NZH,2024-04-11T15:12:10.173,1,76/106,Uncommon,Item,,,Remove all Special Conditions from each of your Active Pokemon.,,,,,,5.0,7.49,12.32,7.54,,Reverse Holofoil,,
84892,Double Rainbow Energy,Double Rainbow Energy,https://tcgplayer-cdn.tcgplayer.com/product/84892_200w.jpg,3,1410,https://cpt.tcgcsv.com/SZH,2024-04-11T15:12:17.363,1,87/106,Rare,Special Energy,,,"Double Rainbow Energy can be attached only to an Evolved Pokemon <em>(excluding Pokemon-ex).</em>
<br>
<br>While in play, Double Rainbow Energy provides every type of Energy but provides 2 Energy at a time.  <em>(Has no effect other than providing Energy.)</em>  Damage done to your opponent's Pokemon by the Pokemon Double Rainbow Energy is attached to is reduced by 10 <em>(before applying Weakness and Resistance). </em> When the Pokemon Double Rainbow Energy is attached to is no longer an Evolved Pokemon, discard Double Rainbow Energy.",,,,,,4.25,9.75,19.95,9.19,,Normal,,
84892,Double Rainbow Energy,Double Rainbow Energy,https://tcgplayer-cdn.tcgplayer.com/product/84892_200w.jpg,3,1410,https://cpt.tcgcsv.com/SZH,2024-04-11T15:12:17.363,1,87/106,Rare,Special Energy,,,"Double Rainbow Energy can be attached only to an Evolved Pokemon <em>(excluding Pokemon-ex).</em>
<br>
<br>While in play, Double Rainbow Energy provides every type of Energy but provides 2 Energy at a time.  <em>(Has no effect other than providing Energy.)</em>  Damage done to your opponent's Pokemon by the Pokemon Double Rainbow Energy is attached to is reduced by 10 <em>(before applying Weakness and Resistance). </em> When the Pokemon Double Rainbow Energy is attached to is no longer an Evolved Pokemon, discard Double Rainbow Energy.",,,,,,12.0,23.49,34.98,23.99,,Reverse Holofoil,,
85032,Dusclops ex,Dusclops ex,https://tcgplayer-cdn.tcgplayer.com/product/85032_200w.jpg,3,1410,https://cpt.tcgcsv.com/G0J,2024-04-11T15:05:26.473,1,94/106,Ultra Rare,Psychic,100,Stage 1,"<b>Poke-BODY</b> Dark Hole <br>
<br>As long as Dusclops ex is on your Bench, don't apply Darkness Weakness for all of your Pokemon in play.","[P] Shadow Beam
<br>Put 2 damage counters on the Defending Pokemon for each Energy attached to Dusclops ex.",,D,FC,2,71.62,95.35,110.0,71.67,,Holofoil,,
85047,Duskull,Duskull,https://tcgplayer-cdn.tcgplayer.com/product/85047_200w.jpg,3,1410,https://cpt.tcgcsv.com/Z0J,2024-04-11T15:05:26.647,1,46/106,Common,Psychic,40,Basic,,[1] Pound (10),,D,F,1,0.2,0.46,2.29,0.65,,Normal,,
85047,Duskull,Duskull,https://tcgplayer-cdn.tcgplayer.com/product/85047_200w.jpg,3,1410,https://cpt.tcgcsv.com/Z0J,2024-04-11T15:05:26.647,1,46/106,Common,Psychic,40,Basic,,[1] Pound (10),,D,F,1,42.9,50.0,79.95,39.09,,Reverse Holofoil,,
85134,Electrike - 047/106,Electrike 047 106,https://tcgplayer-cdn.tcgplayer.com/product/85134_200w.jpg,3,1410,https://cpt.tcgcsv.com/J3J,2026-03-09T13:56:18.73,1,47/106,Common,Lightning,50,Basic,,[1] Double Kick (10x),,F,M,1,0.12,0.4,20.47,0.47,0.33,Normal,,
85134,Electrike - 047/106,Electrike 047 106,https://tcgplayer-cdn.tcgplayer.com/product/85134_200w.jpg,3,1410,https://cpt.tcgcsv.com/J3J,2026-03-09T13:56:18.73,1,47/106,Common,Lightning,50,Basic,,[1] Double Kick (10x),,F,M,1,22.97,30.76,48.95,15.47,,Reverse Holofoil,,
85135,Electrike - 048/106,Electrike 048 106,https://tcgplayer-cdn.tcgplayer.com/product/85135_200w.jpg,3,1410,https://cpt.tcgcsv.com/K3J,2024-04-11T15:05:26.867,1,48/106,Common,Lightning,40,Basic,,[1] Rear Kick (10),[1L] Skull Bash (30),F,M,1,0.23,0.63,2.63,0.91,,Normal,,
85135,Electrike - 048/106,Electrike 048 106,https://tcgplayer-cdn.tcgplayer.com/product/85135_200w.jpg,3,1410,https://cpt.tcgcsv.com/K3J,2024-04-11T15:05:26.867,1,48/106,Common,Lightning,40,Basic,,[1] Rear Kick (10),[1L] Skull Bash (30),F,M,1,24.27,32.68,44.63,19.56,,Reverse Holofoil,,
85154,Electrode,Electrode,https://tcgplayer-cdn.tcgplayer.com/product/85154_200w.jpg,3,1410,https://cpt.tcgcsv.com/65J,2024-04-11T15:05:27.187,1,27/106,Uncommon,Lightning,70,Stage 1,,"[L] Thundershock (20) 
<br>Flip a coin.  If heads, the Defending Pokemon is now Paralyzed.",[3] Speed Ball (50),F,None,1,0.71,1.45,3.75,1.59,,Normal,,
85154,Electrode,Electrode,https://tcgplayer-cdn.tcgplayer.com/product/85154_200w.jpg,3,1410,https://cpt.tcgcsv.com/65J,2024-04-11T15:05:27.187,1,27/106,Uncommon,Lightning,70,Stage 1,,"[L] Thundershock (20) 
<br>Flip a coin.  If heads, the Defending Pokemon is now Paralyzed.",[3] Speed Ball (50),F,None,1,13.5,28.7,36.0,23.65,,Reverse Holofoil,,
85371,Exploud,Exploud,https://tcgplayer-cdn.tcgplayer.com/product/85371_200w.jpg,3,1410,https://cpt.tcgcsv.com/r9J,2024-04-11T15:05:27.353,1,3/106,Holo Rare,Colorless,120,Stage 2,,"[1] Collect 
<br>Draw 3 cards.","[2] Body Slam (30) 
<br>Flip a coin.  If heads, the Defending Pokemon is now Paralyzed.",F,None,2,19.99,19.99,24.99,17.9,,Normal,[3] Hyper Voice (50),"[5] Mega Throw (60+) 
<br>If the Defending Pokemon is Pokemon-ex, this attack does 60 damage plus 40 more damage."
85371,Exploud,Exploud,https://tcgplayer-cdn.tcgplayer.com/product/85371_200w.jpg,3,1410,https://cpt.tcgcsv.com/r9J,2024-04-11T15:05:27.353,1,3/106,Holo Rare,Colorless,120,Stage 2,,"[1] Collect 
<br>Draw 3 cards.","[2] Body Slam (30) 
<br>Flip a coin.  If heads, the Defending Pokemon is now Paralyzed.",F,None,2,13.0,15.95,27.85,16.9,,Holofoil,[3] Hyper Voice (50),"[5] Mega Throw (60+) 
<br>If the Defending Pokemon is Pokemon-ex, this attack does 60 damage plus 40 more damage."
85371,Exploud,Exploud,https://tcgplayer-cdn.tcgplayer.com/product/85371_200w.jpg,3,1410,https://cpt.tcgcsv.com/r9J,2024-04-11T15:05:27.353,1,3/106,Holo Rare,Colorless,120,Stage 2,,"[1] Collect 
<br>Draw 3 cards.","[2] Body Slam (30) 
<br>Flip a coin.  If heads, the Defending Pokemon is now Paralyzed.",F,None,2,24.93,37.47,50.0,28.47,,Reverse Holofoil,[3] Hyper Voice (50),"[5] Mega Throw (60+) 
<br>If the Defending Pokemon is Pokemon-ex, this attack does 60 damage plus 40 more damage."
85385,Farfetch'd (Secret Rare),Farfetchd Secret Rare,https://tcgplayer-cdn.tcgplayer.com/product/85385_200w.jpg,3,1410,https://cpt.tcgcsv.com/K9J,2024-04-11T15:05:27.507,1,107/106,Secret Rare,Colorless,70,Basic,,"[1] Spearhead 
<br>Draw a card.","[2] Nosedive(30) 
<br>Farfetch'd does 10 damage to itself.",L,F,1,52.95,73.53,94.1,93.33,,Holofoil,,
85402,Feebas - 049/106,Feebas 049 106,https://tcgplayer-cdn.tcgplayer.com/product/85402_200w.jpg,3,1410,https://cpt.tcgcsv.com/3bJ,2024-04-11T15:05:27.693,1,49/106,Common,Water,30,Basic,"<b>Poke-BODY</b> Submerge <br>
<br>As long as Feebas is on your Bench, prevent all damage done to Feebas by attacks <em>(both yours and your opponent's). </em>","[1W] Lunge (20) 
<br>Flip a coin.  If tails, this attack does nothing.",,L,None,1,0.65,1.75,5.2,1.15,,Normal,,
85403,Feebas - 050/106,Feebas 050 106,https://tcgplayer-cdn.tcgplayer.com/product/85403_200w.jpg,3,1410,https://cpt.tcgcsv.com/5bJ,2025-11-20T03:50:51.81,1,50/106,Common,Water,30,Basic,,"[W] Water Arrow 
<br>Choose 1 of your opponent's Pokemon.  This attack does 10 damage to that Pokemon. <i> (Don't apply Weakness and Resistance for Benched Pokemon.)</i>",,L,None,1,0.1,0.43,4.9,0.59,1.49,Normal,,
85403,Feebas - 050/106,Feebas 050 106,https://tcgplayer-cdn.tcgplayer.com/product/85403_200w.jpg,3,1410,https://cpt.tcgcsv.com/5bJ,2025-11-20T03:50:51.81,1,50/106,Common,Water,30,Basic,,"[W] Water Arrow 
<br>Choose 1 of your opponent's Pokemon.  This attack does 10 damage to that Pokemon. <i> (Don't apply Weakness and Resistance for Benched Pokemon.)</i>",,L,None,1,28.95,29.45,65.0,36.23,,Reverse Holofoil,,
85439,Fighting Energy,Fighting Energy,https://tcgplayer-cdn.tcgplayer.com/product/85439_200w.jpg,3,1410,https://cpt.tcgcsv.com/PbJ,2024-04-11T15:12:25.213,1,106/106,Holo Rare,Energy,,,,,,,,,8.0,9.0,9.99,10.09,,Normal,,
85439,Fighting Energy,Fighting Energy,https://tcgplayer-cdn.tcgplayer.com/product/85439_200w.jpg,3,1410,https://cpt.tcgcsv.com/PbJ,2024-04-11T15:12:25.213,1,106/106,Holo Rare,Energy,,,,,,,,,7.99,14.95,24.99,10.52,,Holofoil,,
85459,Fire Energy,Fire Energy,https://tcgplayer-cdn.tcgplayer.com/product/85459_200w.jpg,3,1410,https://cpt.tcgcsv.com/ccJ,2024-04-11T15:12:35.647,1,102/106,Holo Rare,Energy,,,,,,,,,13.0,14.64,23.99,17.07,,Normal,,
85459,Fire Energy,Fire Energy,https://tcgplayer-cdn.tcgplayer.com/product/85459_200w.jpg,3,1410,https://cpt.tcgcsv.com/ccJ,2024-04-11T15:12:35.647,1,102/106,Holo Rare,Energy,,,,,,,,,12.68,15.25,30.02,18.32,,Holofoil,,
85633,Gardevoir,Gardevoir,https://tcgplayer-cdn.tcgplayer.com/product/85633_200w.jpg,3,1410,https://cpt.tcgcsv.com/HgJ,2024-04-11T15:05:28.527,1,4/106,Holo Rare,Psychic,100,Stage 2,"<b>Poke-POWER</b> Heal Dance <br>
<br>Once during your turn <em>(before you attack)</em>, you may remove 2 damage counters from 1 of your Pokemon.  You can't use more than 1 Heal Dance Poke-Power each turn.  This power can't be used if Gardevoir is affected by a Special Condition.",[1P] Psypunch (30),"[3P] Mind Shock (60) 
<br>This attack's damage isn't affected by Weakness or Resistance.",P,None,2,39.01,46.65,51.77,48.54,,Holofoil,,
85753,Glalie,Glalie,https://tcgplayer-cdn.tcgplayer.com/product/85753_200w.jpg,3,1410,https://cpt.tcgcsv.com/5kJ,2024-04-11T15:05:28.623,1,13/106,Rare,Water,80,Stage 1,,"[1] Hailstone 
<br>Does 10 damage to each of your opponent's Pokemon.  <i>(Don't apply Weakness and Resistance for Benched Pokemon.)</i>","[2W] Super Slash (40+) 
<br>If the Defending Pokemon is an Evolved Pokemon, this attack does 40 damage plus 20 more damage.",M,None,1,0.43,1.04,3.0,1.09,,Normal,,
85753,Glalie,Glalie,https://tcgplayer-cdn.tcgplayer.com/product/85753_200w.jpg,3,1410,https://cpt.tcgcsv.com/5kJ,2024-04-11T15:05:28.623,1,13/106,Rare,Water,80,Stage 1,,"[1] Hailstone 
<br>Does 10 damage to each of your opponent's Pokemon.  <i>(Don't apply Weakness and Resistance for Benched Pokemon.)</i>","[2W] Super Slash (40+) 
<br>If the Defending Pokemon is an Evolved Pokemon, this attack does 40 damage plus 20 more damage.",M,None,1,4.99,10.0,15.0,16.48,,Reverse Holofoil,,
85875,Grass Energy,Grass Energy,https://tcgplayer-cdn.tcgplayer.com/product/85875_200w.jpg,3,1410,https://cpt.tcgcsv.com/wmJ,2024-04-11T15:12:42.52,1,101/106,Holo Rare,Energy,,,,,,,,,15.72,20.0,22.3,18.58,,Normal,,
85875,Grass Energy,Grass Energy,https://tcgplayer-cdn.tcgplayer.com/product/85875_200w.jpg,3,1410,https://cpt.tcgcsv.com/wmJ,2024-04-11T15:12:42.52,1,101/106,Holo Rare,Energy,,,,,,,,,15.05,20.3,24.99,19.56,,Holofoil,,
85922,Groudon - 005/106,Groudon 005 106,https://tcgplayer-cdn.tcgplayer.com/product/85922_200w.jpg,3,1410,https://cpt.tcgcsv.com/snJ,2025-11-11T02:38:29.26,1,5/106,Holo Rare,Fighting,80,Basic,,[F] Slash (10),"[2F] Rock Tumble (40) 
<br>This attack's damage isn't affected by Resistance.",W,None,1,107.16,107.16,107.16,146.1,,Normal,,
85922,Groudon - 005/106,Groudon 005 106,https://tcgplayer-cdn.tcgplayer.com/product/85922_200w.jpg,3,1410,https://cpt.tcgcsv.com/snJ,2025-11-11T02:38:29.26,1,5/106,Holo Rare,Fighting,80,Basic,,[F] Slash (10),"[2F] Rock Tumble (40) 
<br>This attack's damage isn't affected by Resistance.",W,None,1,34.36,42.0,209.88,42.93,,Holofoil,,
85922,Groudon - 005/106,Groudon 005 106,https://tcgplayer-cdn.tcgplayer.com/product/85922_200w.jpg,3,1410,https://cpt.tcgcsv.com/snJ,2025-11-11T02:38:29.26,1,5/106,Holo Rare,Fighting,80,Basic,,[F] Slash (10),"[2F] Rock Tumble (40) 
<br>This attack's damage isn't affected by Resistance.",W,None,1,202.0,251.0,299.99,202.0,,Reverse Holofoil,,
85923,Groudon - 014/106,Groudon 014 106,https://tcgplayer-cdn.tcgplayer.com/product/85923_200w.jpg,3,1410,https://cpt.tcgcsv.com/tnJ,2024-04-11T15:05:29.113,1,14/106,Rare,Fighting,80,Basic,,[1F] Slash (20),"[3F] Eruption (40+) 
<br>Each player discards the top card of his or her deck.  This attack does 40 damage plus 10 more damage for each Energy card discarded in this way.",W,None,2,5.5,12.43,25.0,8.2,,Normal,,
85923,Groudon - 014/106,Groudon 014 106,https://tcgplayer-cdn.tcgplayer.com/product/85923_200w.jpg,3,1410,https://cpt.tcgcsv.com/tnJ,2024-04-11T15:05:29.113,1,14/106,Rare,Fighting,80,Basic,,[1F] Slash (20),"[3F] Eruption (40+) 
<br>Each player discards the top card of his or her deck.  This attack does 40 damage plus 10 more damage for each Energy card discarded in this way.",W,None,2,80.0,225.0,231.0,51.43,,Reverse Holofoil,,
85938,Grovyle,Grovyle,https://tcgplayer-cdn.tcgplayer.com/product/85938_200w.jpg,3,1410,https://cpt.tcgcsv.com/NnJ,2024-04-11T15:05:29.223,1,28/106,Uncommon,Grass,70,Stage 1,,"[G] Tail Shake (10) 
<br>The Defending Pokemon is now Asleep.",[3] Razor Leaf (40),R,W,1,0.29,0.85,3.5,0.81,,Normal,,
85938,Grovyle,Grovyle,https://tcgplayer-cdn.tcgplayer.com/product/85938_200w.jpg,3,1410,https://cpt.tcgcsv.com/NnJ,2024-04-11T15:05:29.223,1,28/106,Uncommon,Grass,70,Stage 1,,"[G] Tail Shake (10) 
<br>The Defending Pokemon is now Asleep.",[3] Razor Leaf (40),R,W,1,15.0,54.37,93.73,75.0,,Reverse Holofoil,,
85966,Grumpig - 029/106,Grumpig 029 106,https://tcgplayer-cdn.tcgplayer.com/product/85966_200w.jpg,3,1410,https://cpt.tcgcsv.com/lpJ,2024-04-11T15:05:29.363,1,29/106,Uncommon,Psychic,80,Stage 1,,"[P] Psyshock (20) 
<br>Flip a coin.  If heads, the Defending Pokemon is now Paralyzed.","[3] Teleport Blast (40) 
<br>After your attack, you may switch Grumpig with 1 of your Benched Pokemon.",P,None,2,0.5,0.99,4.0,1.12,,Normal,,
85966,Grumpig - 029/106,Grumpig 029 106,https://tcgplayer-cdn.tcgplayer.com/product/85966_200w.jpg,3,1410,https://cpt.tcgcsv.com/lpJ,2024-04-11T15:05:29.363,1,29/106,Uncommon,Psychic,80,Stage 1,,"[P] Psyshock (20) 
<br>Flip a coin.  If heads, the Defending Pokemon is now Paralyzed.","[3] Teleport Blast (40) 
<br>After your attack, you may switch Grumpig with 1 of your Benched Pokemon.",P,None,2,30.0,34.0,38.0,9.99,,Reverse Holofoil,,
85967,Grumpig - 030/106,Grumpig 030 106,https://tcgplayer-cdn.tcgplayer.com/product/85967_200w.jpg,3,1410,https://cpt.tcgcsv.com/mpJ,2024-04-11T15:05:29.98,1,30/106,Uncommon,Psychic,70,Stage 1,,"[1] Snap Tail 
<br>Choose 1 of your opponent's Pokemon.  This attack does 10 damage to that Pokemon.  <i>(Don't apply Weakness and Resistance for Benched Pokemon.)</i>",[1P] Psypunch (40),P,None,1,0.99,1.36,4.0,1.36,,Normal,,
85967,Grumpig - 030/106,Grumpig 030 106,https://tcgplayer-cdn.tcgplayer.com/product/85967_200w.jpg,3,1410,https://cpt.tcgcsv.com/mpJ,2024-04-11T15:05:29.98,1,30/106,Uncommon,Psychic,70,Stage 1,,"[1] Snap Tail 
<br>Choose 1 of your opponent's Pokemon.  This attack does 10 damage to that Pokemon.  <i>(Don't apply Weakness and Resistance for Benched Pokemon.)</i>",[1P] Psypunch (40),P,None,1,18.89,63.48,67.95,13.49,,Reverse Holofoil,,
85975,Gulpin,Gulpin,https://tcgplayer-cdn.tcgplayer.com/product/85975_200w.jpg,3,1410,https://cpt.tcgcsv.com/wpJ,2024-04-11T15:05:30.12,1,51/106,Common,Grass,50,Basic,,[1] Headbutt (10),[2] Drool (20),P,None,1,0.2,0.5,2.25,0.67,,Normal,,
85975,Gulpin,Gulpin,https://tcgplayer-cdn.tcgplayer.com/product/85975_200w.jpg,3,1410,https://cpt.tcgcsv.com/wpJ,2024-04-11T15:05:30.12,1,51/106,Common,Grass,50,Basic,,[1] Headbutt (10),[2] Drool (20),P,None,1,13.6,13.6,13.6,21.25,,Reverse Holofoil,,
86012,Hariyama,Hariyama,https://tcgplayer-cdn.tcgplayer.com/product/86012_200w.jpg,3,1410,https://cpt.tcgcsv.com/gqJ,2024-04-11T15:05:30.34,1,31/106,Uncommon,Fighting,80,Stage 1,,"[1F] Cross-Cut (20+) 
<br>If the Defending Pokemon is an Evolved Pokemon, this attack does 20 damage plus 20 more damage.","[2F] Shove (40) 
<br>Flip a coin.  If heads, the Defending Pokemon is now Paralyzed.",P,None,1,0.67,0.98,5.0,1.36,,Normal,,
86265,Illumise,Illumise,https://tcgplayer-cdn.tcgplayer.com/product/86265_200w.jpg,3,1410,https://cpt.tcgcsv.com/kwJ,2024-04-11T15:05:30.513,1,32/106,Uncommon,Grass,60,Basic,,"[1] Collect 
<br>Draw a card.",[2] Tackle (20),R,None,1,0.89,1.97,5.0,2.12,3.07,Normal,,
86265,Illumise,Illumise,https://tcgplayer-cdn.tcgplayer.com/product/86265_200w.jpg,3,1410,https://cpt.tcgcsv.com/kwJ,2024-04-11T15:05:30.513,1,32/106,Uncommon,Grass,60,Basic,,"[1] Collect 
<br>Draw a card.",[2] Tackle (20),R,None,1,18.69,26.98,49.99,23.89,,Reverse Holofoil,,
86462,Kirlia,Kirlia,https://tcgplayer-cdn.tcgplayer.com/product/86462_200w.jpg,3,1410,https://cpt.tcgcsv.com/gCJ,2024-04-11T15:05:30.84,1,33/106,Uncommon,Psychic,70,Stage 1,,[1P] Psypunch (30),"[3] Mind Shock (40) 
<br>This attack's damage isn't affected by Weakness or Resistance.",P,None,1,1.25,2.99,8.0,2.79,,Normal,,
86462,Kirlia,Kirlia,https://tcgplayer-cdn.tcgplayer.com/product/86462_200w.jpg,3,1410,https://cpt.tcgcsv.com/gCJ,2024-04-11T15:05:30.84,1,33/106,Uncommon,Psychic,70,Stage 1,,[1P] Psypunch (30),"[3] Mind Shock (40) 
<br>This attack's damage isn't affected by Weakness or Resistance.",P,None,1,21.28,21.28,21.28,27.95,,Reverse Holofoil,,
86547,Kyogre - 006/106,Kyogre 006 106,https://tcgplayer-cdn.tcgplayer.com/product/86547_200w.jpg,3,1410,https://cpt.tcgcsv.com/ZDJ,2024-04-11T15:05:31.007,1,6/106,Holo Rare,Water,80,Basic,,[1] Ram (10),"[2W] Aqua Sonic (40) 
<br>This attack's damage isn't affected by Resistance.",L,None,2,52.99,59.23,79.99,37.02,,Holofoil,,
86547,Kyogre - 006/106,Kyogre 006 106,https://tcgplayer-cdn.tcgplayer.com/product/86547_200w.jpg,3,1410,https://cpt.tcgcsv.com/ZDJ,2024-04-11T15:05:31.007,1,6/106,Holo Rare,Water,80,Basic,,[1] Ram (10),"[2W] Aqua Sonic (40) 
<br>This attack's damage isn't affected by Resistance.",L,None,2,180.0,194.4,220.0,65.0,,Reverse Holofoil,,
86548,Kyogre - 015/106,Kyogre 015 106,https://tcgplayer-cdn.tcgplayer.com/product/86548_200w.jpg,3,1410,https://cpt.tcgcsv.com/-DJ,2024-04-11T15:05:31.27,1,15/106,Rare,Water,80,Basic,,"[1] Scary Face 
<br>Flip a coin.  If heads, the Defending Pokemon can't attack or retreat during your opponent's next turn.","[1WW] Hydro Pump (40+) 
<br>Does 40 damage plus 10 more damage for each Water Energy attached to Kyogre but not used to pay for this attack's Energy cost.  You can't add more than 20 damage in this way.",L,None,2,5.7,11.5,19.98,6.61,,Normal,,
86548,Kyogre - 015/106,Kyogre 015 106,https://tcgplayer-cdn.tcgplayer.com/product/86548_200w.jpg,3,1410,https://cpt.tcgcsv.com/-DJ,2024-04-11T15:05:31.27,1,15/106,Rare,Water,80,Basic,,"[1] Scary Face 
<br>Flip a coin.  If heads, the Defending Pokemon can't attack or retreat during your opponent's next turn.","[1WW] Hydro Pump (40+) 
<br>Does 40 damage plus 10 more damage for each Water Energy attached to Kyogre but not used to pay for this attack's Energy cost.  You can't add more than 20 damage in this way.",L,None,2,105.0,167.5,229.99,155.51,,Reverse Holofoil,,
86598,Lanette's Net Search,Lanettes Net Search,https://tcgplayer-cdn.tcgplayer.com/product/86598_200w.jpg,3,1410,https://cpt.tcgcsv.com/-FJ,2026-03-09T14:04:04.137,1,77/106,Uncommon,Supporter,,,"Search your deck for up to 3 different types of Basic Pokemon cards <em>(excluding Baby Pokemon)</em>, show them to your opponent and put them into your hand.  Shuffle your deck afterward.",,,,,,2.33,2.99,5.54,3.32,,Normal,,
86598,Lanette's Net Search,Lanettes Net Search,https://tcgplayer-cdn.tcgplayer.com/product/86598_200w.jpg,3,1410,https://cpt.tcgcsv.com/-FJ,2026-03-09T14:04:04.137,1,77/106,Uncommon,Supporter,,,"Search your deck for up to 3 different types of Basic Pokemon cards <em>(excluding Baby Pokemon)</em>, show them to your opponent and put them into your hand.  Shuffle your deck afterward.",,,,,,9.83,13.49,19.99,19.99,,Reverse Holofoil,,
86639,Larvitar,Larvitar,https://tcgplayer-cdn.tcgplayer.com/product/86639_200w.jpg,3,1410,https://cpt.tcgcsv.com/PGJ,2024-04-11T15:05:31.567,1,52/106,Common,Fighting,50,Basic,,"[1F] Dig Under  
<br>Choose 1 of your opponent's Pokemon.  This attack does 20 damage to that Pokemon.  This attack's damage isn't affected by Weakness or Resistance.",,G,None,1,0.39,0.74,3.35,0.79,,Normal,,
86639,Larvitar,Larvitar,https://tcgplayer-cdn.tcgplayer.com/product/86639_200w.jpg,3,1410,https://cpt.tcgcsv.com/PGJ,2024-04-11T15:05:31.567,1,52/106,Common,Fighting,50,Basic,,"[1F] Dig Under  
<br>Choose 1 of your opponent's Pokemon.  This attack does 20 damage to that Pokemon.  This attack's damage isn't affected by Weakness or Resistance.",,G,None,1,15.0,19.95,30.0,19.51,,Reverse Holofoil,,
86762,Lightning Energy,Lightning Energy,https://tcgplayer-cdn.tcgplayer.com/product/86762_200w.jpg,3,1410,https://cpt.tcgcsv.com/gKJ,2024-04-11T15:13:10.887,1,104/106,Holo Rare,Energy,,,,,,,,,11.96,13.3,21.95,13.3,,Normal,,
86762,Lightning Energy,Lightning Energy,https://tcgplayer-cdn.tcgplayer.com/product/86762_200w.jpg,3,1410,https://cpt.tcgcsv.com/gKJ,2024-04-11T15:13:10.887,1,104/106,Holo Rare,Energy,,,,,,,,,9.9,14.11,32.37,19.82,,Holofoil,,
86806,Linoone,Linoone,https://tcgplayer-cdn.tcgplayer.com/product/86806_200w.jpg,3,1410,https://cpt.tcgcsv.com/8LJ,2024-04-11T15:05:31.817,1,34/106,Uncommon,Colorless,70,Stage 1,,"[1] Body Slam (10) 
<br>Flip a coin.  If heads, the Defending Pokemon is now Paralyzed.",[2] Claw Swipe (30),F,None,0,12.95,14.93,16.1,12.54,,Normal,,
86806,Linoone,Linoone,https://tcgplayer-cdn.tcgplayer.com/product/86806_200w.jpg,3,1410,https://cpt.tcgcsv.com/8LJ,2024-04-11T15:05:31.817,1,34/106,Uncommon,Colorless,70,Stage 1,,"[1] Body Slam (10) 
<br>Flip a coin.  If heads, the Defending Pokemon is now Paralyzed.",[2] Claw Swipe (30),F,None,0,76.6,79.67,82.73,53.32,,Reverse Holofoil,,
86841,Loudred,Loudred,https://tcgplayer-cdn.tcgplayer.com/product/86841_200w.jpg,3,1410,https://cpt.tcgcsv.com/RLJ,2024-04-11T15:05:31.97,1,35/106,Uncommon,Colorless,80,Stage 1,,"[1] Body Slam (10) 
<br>Flip a coin.  If heads, the Defending Pokemon is now Paralyzed.","[3] Double-edge (50) 
<br>Loudred does 10 damage to itself.",F,None,2,0.98,1.7,5.0,1.91,,Normal,,
86841,Loudred,Loudred,https://tcgplayer-cdn.tcgplayer.com/product/86841_200w.jpg,3,1410,https://cpt.tcgcsv.com/RLJ,2024-04-11T15:05:31.97,1,35/106,Uncommon,Colorless,80,Stage 1,,"[1] Body Slam (10) 
<br>Flip a coin.  If heads, the Defending Pokemon is now Paralyzed.","[3] Double-edge (50) 
<br>Loudred does 10 damage to itself.",F,None,2,59.99,67.49,74.98,11.52,,Reverse Holofoil,,
86920,Lum Berry,Lum Berry,https://tcgplayer-cdn.tcgplayer.com/product/86920_200w.jpg,3,1410,https://cpt.tcgcsv.com/qNJ,2024-04-11T15:13:29.72,1,78/106,Uncommon,Tool,,,"Attach Lum Berry to 1 of your Pokemon that doesn't already have a Pokemon Tool attached to it.  If that Pokemon is Knocked Out, discard this card.
<br>
<br>
<br>
<br>
<br>
<br>At any time between turns, if the Pokemon this card is attached to is affected by any Special Conditions, remove all of them.  Then discard Lum Berry.",,,,,,0.25,0.75,19.97,0.66,,Normal,,
86920,Lum Berry,Lum Berry,https://tcgplayer-cdn.tcgplayer.com/product/86920_200w.jpg,3,1410,https://cpt.tcgcsv.com/qNJ,2024-04-11T15:13:29.72,1,78/106,Uncommon,Tool,,,"Attach Lum Berry to 1 of your Pokemon that doesn't already have a Pokemon Tool attached to it.  If that Pokemon is Knocked Out, discard this card.
<br>
<br>
<br>
<br>
<br>
<br>At any time between turns, if the Pokemon this card is attached to is affected by any Special Conditions, remove all of them.  Then discard Lum Berry.",,,,,,5.99,9.99,9.99,6.5,,Reverse Holofoil,,
86933,Luvdisc,Luvdisc,https://tcgplayer-cdn.tcgplayer.com/product/86933_200w.jpg,3,1410,https://cpt.tcgcsv.com/HNJ,2024-04-11T15:05:32.417,1,53/106,Common,Water,60,Basic,,"[1] Call for Friend 
<br>Search your deck for a Basic Pokemon and put it onto your Bench.  Shuffle your deck afterward.","[1W] Strange Scale (20) 
<br>If the Defending Pokemon is an Evolved Pokemon, the Defending Pokemon is now Confused.",L,None,1,0.36,0.83,2.99,1.0,,Normal,,
87129,Makuhita,Makuhita,https://tcgplayer-cdn.tcgplayer.com/product/87129_200w.jpg,3,1410,https://cpt.tcgcsv.com/CSJ,2024-04-11T15:05:32.657,1,54/106,Common,Fighting,50,Basic,,"[F] Cross Chop (10+) 
<br>Flip a coin.  If heads, this attack does 10 damage plus 10 more damage.",,P,None,1,0.25,0.47,2.55,0.62,1.25,Normal,,
87129,Makuhita,Makuhita,https://tcgplayer-cdn.tcgplayer.com/product/87129_200w.jpg,3,1410,https://cpt.tcgcsv.com/CSJ,2024-04-11T15:05:32.657,1,54/106,Common,Fighting,50,Basic,,"[F] Cross Chop (10+) 
<br>Flip a coin.  If heads, this attack does 10 damage plus 10 more damage.",,P,None,1,24.44,34.9,34.99,13.99,,Reverse Holofoil,,
87156,Manectric - 007/106,Manectric 007 106,https://tcgplayer-cdn.tcgplayer.com/product/87156_200w.jpg,3,1410,https://cpt.tcgcsv.com/8TJ,2024-04-11T15:05:32.767,1,7/106,Holo Rare,Lightning,80,Stage 1,,"[1L] Swift (20) 
<br>This attack's damage isn't affected by Weakness, Resistance, Poke-Powers, Poke-Bodies, or any other effects on the Defending Pokemon.","[2L] Tail Shock (40) 
<br>Does 10 damage to each of your opponent's Benched Pokemon.  <i>(Don't apply Weakness and Resistance for Benched Pokemon.)</i>",F,M,1,3.0,3.99,9.75,6.38,,Normal,,
87156,Manectric - 007/106,Manectric 007 106,https://tcgplayer-cdn.tcgplayer.com/product/87156_200w.jpg,3,1410,https://cpt.tcgcsv.com/8TJ,2024-04-11T15:05:32.767,1,7/106,Holo Rare,Lightning,80,Stage 1,,"[1L] Swift (20) 
<br>This attack's damage isn't affected by Weakness, Resistance, Poke-Powers, Poke-Bodies, or any other effects on the Defending Pokemon.","[2L] Tail Shock (40) 
<br>Does 10 damage to each of your opponent's Benched Pokemon.  <i>(Don't apply Weakness and Resistance for Benched Pokemon.)</i>",F,M,1,6.25,10.0,24.98,7.16,,Holofoil,,
87156,Manectric - 007/106,Manectric 007 106,https://tcgplayer-cdn.tcgplayer.com/product/87156_200w.jpg,3,1410,https://cpt.tcgcsv.com/8TJ,2024-04-11T15:05:32.767,1,7/106,Holo Rare,Lightning,80,Stage 1,,"[1L] Swift (20) 
<br>This attack's damage isn't affected by Weakness, Resistance, Poke-Powers, Poke-Bodies, or any other effects on the Defending Pokemon.","[2L] Tail Shock (40) 
<br>Does 10 damage to each of your opponent's Benched Pokemon.  <i>(Don't apply Weakness and Resistance for Benched Pokemon.)</i>",F,M,1,14.99,27.49,39.99,31.47,,Reverse Holofoil,,
87157,Manectric - 016/106,Manectric 016 106,https://tcgplayer-cdn.tcgplayer.com/product/87157_200w.jpg,3,1410,https://cpt.tcgcsv.com/9TJ,2024-04-11T15:05:32.877,1,16/106,Rare,Lightning,70,Stage 1,,"[1] Dazzle Blast (10) 
<br>Flip a coin.  If heads, the Defending Pokemon is now Confused.",[1L] Zap Kick (40),F,M,1,0.89,1.95,5.0,2.02,,Normal,,
87235,Marshtomp,Marshtomp,https://tcgplayer-cdn.tcgplayer.com/product/87235_200w.jpg,3,1410,https://cpt.tcgcsv.com/KVJ,2024-04-11T15:05:33.043,1,36/106,Uncommon,Water,70,Stage 1,,"[1] Super Hypno Wave (10) 
<br>The Defending Pokemon is now Asleep.",[1WW] Surf (50),G,None,1,0.8,1.25,3.99,1.24,,Normal,,
87235,Marshtomp,Marshtomp,https://tcgplayer-cdn.tcgplayer.com/product/87235_200w.jpg,3,1410,https://cpt.tcgcsv.com/KVJ,2024-04-11T15:05:33.043,1,36/106,Uncommon,Water,70,Stage 1,,"[1] Super Hypno Wave (10) 
<br>The Defending Pokemon is now Asleep.",[1WW] Surf (50),G,None,1,17.95,59.47,100.99,87.0,,Reverse Holofoil,,
87277,Medicham ex,Medicham ex,https://tcgplayer-cdn.tcgplayer.com/product/87277_200w.jpg,3,1410,https://cpt.tcgcsv.com/zWJ,2024-04-11T15:05:33.137,1,95/106,Ultra Rare,Fighting,110,Stage 1,"<b>Poke-BODY</b> Wise Aura  <br>
<br>As long as Medicham ex is your Active Pokemon, each Pokemon <em>(excluding Pokemon-ex) (both yours and your opponent's)</em> can't use any Poke-Powers.","[2] Pure Power  
<br>Put 3 damage counters on your opponent's Pokemon in any way you like.","[2F] Sky Kick (60+) 
<br>If the Defending Pokemon has F Resistance, this attack does 60 damage plus 40 more damage.",P,None,1,29.99,119.99,200.0,,,Normal,,
87277,Medicham ex,Medicham ex,https://tcgplayer-cdn.tcgplayer.com/product/87277_200w.jpg,3,1410,https://cpt.tcgcsv.com/zWJ,2024-04-11T15:05:33.137,1,95/106,Ultra Rare,Fighting,110,Stage 1,"<b>Poke-BODY</b> Wise Aura  <br>
<br>As long as Medicham ex is your Active Pokemon, each Pokemon <em>(excluding Pokemon-ex) (both yours and your opponent's)</em> can't use any Poke-Powers.","[2] Pure Power  
<br>Put 3 damage counters on your opponent's Pokemon in any way you like.","[2F] Sky Kick (60+) 
<br>If the Defending Pokemon has F Resistance, this attack does 60 damage plus 40 more damage.",P,None,1,38.54,120.01,201.47,75.98,,Holofoil,,
87281,Meditite,Meditite,https://tcgplayer-cdn.tcgplayer.com/product/87281_200w.jpg,3,1410,https://cpt.tcgcsv.com/FWJ,2024-04-11T15:05:33.51,1,55/106,Common,Fighting,50,Basic,,[1] High Jump Kick (10),"[1F] Fake Out (20) 
<br>Flip a coin.  If heads, the Defending Pokemon is now Paralyzed.",P,None,1,0.1,0.47,1.99,0.65,,Normal,,
87281,Meditite,Meditite,https://tcgplayer-cdn.tcgplayer.com/product/87281_200w.jpg,3,1410,https://cpt.tcgcsv.com/FWJ,2024-04-11T15:05:33.51,1,55/106,Common,Fighting,50,Basic,,[1] High Jump Kick (10),"[1F] Fake Out (20) 
<br>Flip a coin.  If heads, the Defending Pokemon is now Paralyzed.",P,None,1,14.09,15.37,23.07,13.42,,Reverse Holofoil,,
87357,Metal Energy (Special),Metal Energy Special,https://tcgplayer-cdn.tcgplayer.com/product/87357_200w.jpg,3,1410,https://cpt.tcgcsv.com/9ZJ,2024-04-11T15:13:34.307,1,88/106,Rare,Energy,,,"Damage done by attacks to the Pokemon that Metal Energy is attached to is reduced by 10 <em>(after applying Weakness and Resistance.)</em>
<br>
<br> Ignore this effect if the Pokemon that Metal Energy is attached to isn't Metal.  Metal Energy provides Metal Energy.  <em>(Doesn't count as a basic Energy card.)</em>",,,,,,0.85,1.05,6.29,1.27,,Normal,,
87357,Metal Energy (Special),Metal Energy Special,https://tcgplayer-cdn.tcgplayer.com/product/87357_200w.jpg,3,1410,https://cpt.tcgcsv.com/9ZJ,2024-04-11T15:13:34.307,1,88/106,Rare,Energy,,,"Damage done by attacks to the Pokemon that Metal Energy is attached to is reduced by 10 <em>(after applying Weakness and Resistance.)</em>
<br>
<br> Ignore this effect if the Pokemon that Metal Energy is attached to isn't Metal.  Metal Energy provides Metal Energy.  <em>(Doesn't count as a basic Energy card.)</em>",,,,,,5.59,5.86,12.0,9.47,,Reverse Holofoil,,
87453,Milotic,Milotic,https://tcgplayer-cdn.tcgplayer.com/product/87453_200w.jpg,3,1410,https://cpt.tcgcsv.com/5_J,2024-04-11T15:05:33.79,1,8/106,Holo Rare,Water,90,Stage 1,,[1] Surf (20),"[2W] Super Hypno Wave (50) 
<br>The Defending Pokemon is now Asleep.",L,None,2,7.2,7.2,7.2,22.65,,Normal,,
87453,Milotic,Milotic,https://tcgplayer-cdn.tcgplayer.com/product/87453_200w.jpg,3,1410,https://cpt.tcgcsv.com/5_J,2024-04-11T15:05:33.79,1,8/106,Holo Rare,Water,90,Stage 1,,[1] Surf (20),"[2W] Super Hypno Wave (50) 
<br>The Defending Pokemon is now Asleep.",L,None,2,17.5,28.18,70.0,28.87,,Holofoil,,
87453,Milotic,Milotic,https://tcgplayer-cdn.tcgplayer.com/product/87453_200w.jpg,3,1410,https://cpt.tcgcsv.com/5_J,2024-04-11T15:05:33.79,1,8/106,Holo Rare,Water,90,Stage 1,,[1] Surf (20),"[2W] Super Hypno Wave (50) 
<br>The Defending Pokemon is now Asleep.",L,None,2,199.98,199.99,299.0,107.5,,Reverse Holofoil,,
87460,Milotic ex,Milotic ex,https://tcgplayer-cdn.tcgplayer.com/product/87460_200w.jpg,3,1410,https://cpt.tcgcsv.com/d_J,2024-04-11T15:05:34.43,1,96/106,Ultra Rare,Water,130,Stage 1,"<b>Poke-BODY</b> Mystery Scale  <br>
<br>As long as Milotic ex is in play, each player can't play Technical Machine cards.  Discard any Technical Machine cards attached to all Pokemon in play.","[W] Mega Bite (30) 
<br>The Defending Pokemon can't retreat until the end of your opponent's turn.","[2W] Energy Reflect (70) 
<br>Move 1 basic Energy card attached to Milotic ex to 1 of your Benched Pokemon.",L,None,2,200.0,322.22,444.44,409.43,,Holofoil,,
87485,Minun,Minun,https://tcgplayer-cdn.tcgplayer.com/product/87485_200w.jpg,3,1410,https://cpt.tcgcsv.com/K_J,2024-04-11T15:05:34.68,1,37/106,Uncommon,Lightning,60,Basic,"<b>Poke-BODY</b> Electro-guard <br>
<br>As long as Minun has any L Energy attached to it, Minun has no Weakness.","[2] Quick Attack (20+) 
<br>Flip a coin.  If heads, this attack does 20 damage plus 20 more damage.",,F,M,1,2.25,2.91,6.79,2.83,,Normal,,
87485,Minun,Minun,https://tcgplayer-cdn.tcgplayer.com/product/87485_200w.jpg,3,1410,https://cpt.tcgcsv.com/K_J,2024-04-11T15:05:34.68,1,37/106,Uncommon,Lightning,60,Basic,"<b>Poke-BODY</b> Electro-guard <br>
<br>As long as Minun has any L Energy attached to it, Minun has no Weakness.","[2] Quick Attack (20+) 
<br>Flip a coin.  If heads, this attack does 20 damage plus 20 more damage.",,F,M,1,60.0,74.13,88.26,42.65,,Reverse Holofoil,,
87600,Mr. Stone's Project,Mr Stones Project,https://tcgplayer-cdn.tcgplayer.com/product/87600_200w.jpg,3,1410,https://cpt.tcgcsv.com/03K,2025-11-20T21:46:18.093,1,79/106,Uncommon,Supporter,,,"Search your deck for up to 2 basic Energy cards, show them to your opponent, and put them into your hand.  Shuffle your deck afterward.  Or, search your discard pile for up to 2 basic Energy cards, show them to your opponent, and put them into your hand.",,,,,,0.85,1.78,2.49,1.89,,Normal,,
87600,Mr. Stone's Project,Mr Stones Project,https://tcgplayer-cdn.tcgplayer.com/product/87600_200w.jpg,3,1410,https://cpt.tcgcsv.com/03K,2025-11-20T21:46:18.093,1,79/106,Uncommon,Supporter,,,"Search your deck for up to 2 basic Energy cards, show them to your opponent, and put them into your hand.  Shuffle your deck afterward.  Or, search your discard pile for up to 2 basic Energy cards, show them to your opponent, and put them into your hand.",,,,,,4.74,8.99,75.8,9.19,,Reverse Holofoil,,
87610,Mudkip,Mudkip,https://tcgplayer-cdn.tcgplayer.com/product/87610_200w.jpg,3,1410,https://cpt.tcgcsv.com/d3K,2024-04-11T15:05:35.12,1,56/106,Common,Water,50,Basic,,"[W] Tail Strike (10+) 
<br>Flip a coin.  If heads, this attack does 10 damage plus 10 more damage.",,G,None,1,0.5,3.0,96.95,4.11,2.62,Normal,,
87610,Mudkip,Mudkip,https://tcgplayer-cdn.tcgplayer.com/product/87610_200w.jpg,3,1410,https://cpt.tcgcsv.com/d3K,2024-04-11T15:05:35.12,1,56/106,Common,Water,50,Basic,,"[W] Tail Strike (10+) 
<br>Flip a coin.  If heads, this attack does 10 damage plus 10 more damage.",,G,None,1,51.0,52.21,119.99,49.0,,Reverse Holofoil,,
87631,Multi Energy,Multi Energy,https://tcgplayer-cdn.tcgplayer.com/product/87631_200w.jpg,3,1410,https://cpt.tcgcsv.com/F3K,2024-04-11T15:13:56.907,1,89/106,Rare,Special Energy,,,"Attach Multi Energy to 1 of your Pokemon.  While in play, Multi Energy provides every type of Energy but provides only 1 energy at a time. <em> (Has no effect other than providing Energy.)</em>  Multi Energy provides Colorless Energy when attached to a Pokemon that already has Special Energy cards attached to it.",,,,,,1.0,2.01,6.27,2.05,,Normal,,
87631,Multi Energy,Multi Energy,https://tcgplayer-cdn.tcgplayer.com/product/87631_200w.jpg,3,1410,https://cpt.tcgcsv.com/F3K,2024-04-11T15:13:56.907,1,89/106,Rare,Special Energy,,,"Attach Multi Energy to 1 of your Pokemon.  While in play, Multi Energy provides every type of Energy but provides only 1 energy at a time. <em> (Has no effect other than providing Energy.)</em>  Multi Energy provides Colorless Energy when attached to a Pokemon that already has Special Energy cards attached to it.",,,,,,22.49,25.24,27.99,25.37,,Reverse Holofoil,,
87770,Ninetales,Ninetales,https://tcgplayer-cdn.tcgplayer.com/product/87770_200w.jpg,3,1410,https://cpt.tcgcsv.com/q7K,2024-04-11T15:05:35.347,1,38/106,Uncommon,Fire,80,Stage 1,,"[R] Confuse Ray (10) 
<br>The Defending Pokemon is now Confused.","[2R] Searing Flame (40) 
<br>The Defending Pokemon is now Burned.",W,None,1,2.59,3.98,15.0,3.92,,Normal,,
87770,Ninetales,Ninetales,https://tcgplayer-cdn.tcgplayer.com/product/87770_200w.jpg,3,1410,https://cpt.tcgcsv.com/q7K,2024-04-11T15:05:35.347,1,38/106,Uncommon,Fire,80,Stage 1,,"[R] Confuse Ray (10) 
<br>The Defending Pokemon is now Confused.","[2R] Searing Flame (40) 
<br>The Defending Pokemon is now Burned.",W,None,1,90.0,90.0,90.0,102.49,,Reverse Holofoil,,
87799,Nosepass,Nosepass,https://tcgplayer-cdn.tcgplayer.com/product/87799_200w.jpg,3,1410,https://cpt.tcgcsv.com/_7K,2024-04-11T15:05:35.453,1,17/106,Rare,Fighting,70,Basic,,"[1] Collect 
<br>Draw a card.","[2] Wide Laser 
<br>Does 10 damage to each of your opponent's Pokemon.  <i>(Don't apply Weakness and Resistance for Benched Pokemon.)</i>",W,None,1,0.65,1.29,5.99,1.26,,Normal,,
87799,Nosepass,Nosepass,https://tcgplayer-cdn.tcgplayer.com/product/87799_200w.jpg,3,1410,https://cpt.tcgcsv.com/_7K,2024-04-11T15:05:35.453,1,17/106,Rare,Fighting,70,Basic,,"[1] Collect 
<br>Draw a card.","[2] Wide Laser 
<br>Does 10 damage to each of your opponent's Pokemon.  <i>(Don't apply Weakness and Resistance for Benched Pokemon.)</i>",W,None,1,15.99,18.0,20.0,8.99,,Reverse Holofoil,,
87810,Numel - 057/106,Numel 057 106,https://tcgplayer-cdn.tcgplayer.com/product/87810_200w.jpg,3,1410,https://cpt.tcgcsv.com/d8K,2024-04-11T15:05:35.563,1,57/106,Common,Fire,50,Basic,,"[1] Collect 
<br>Draw a card.","[R] Lunge (20) 
<br>Flip a coin.  If tails, this attack does nothing.",W,None,1,0.25,0.7,1.55,0.94,0.89,Normal,,
87810,Numel - 057/106,Numel 057 106,https://tcgplayer-cdn.tcgplayer.com/product/87810_200w.jpg,3,1410,https://cpt.tcgcsv.com/d8K,2024-04-11T15:05:35.563,1,57/106,Common,Fire,50,Basic,,"[1] Collect 
<br>Draw a card.","[R] Lunge (20) 
<br>Flip a coin.  If tails, this attack does nothing.",W,None,1,28.88,36.94,45.0,45.0,,Reverse Holofoil,,
87811,Numel - 058/106,Numel 058 106,https://tcgplayer-cdn.tcgplayer.com/product/87811_200w.jpg,3,1410,https://cpt.tcgcsv.com/f8K,2024-04-11T15:05:35.673,1,58/106,Common,Fire,50,Basic,,[1] Stampede (10),[1R] Steady Firebreathing (20),W,None,2,0.18,0.4,1.99,0.52,,Normal,,
87811,Numel - 058/106,Numel 058 106,https://tcgplayer-cdn.tcgplayer.com/product/87811_200w.jpg,3,1410,https://cpt.tcgcsv.com/f8K,2024-04-11T15:05:35.673,1,58/106,Common,Fire,50,Basic,,[1] Stampede (10),[1R] Steady Firebreathing (20),W,None,2,11.61,20.0,40.99,31.35,,Reverse Holofoil,,
87889,Oran Berry,Oran Berry,https://tcgplayer-cdn.tcgplayer.com/product/87889_200w.jpg,3,1410,https://cpt.tcgcsv.com/P9K,2024-04-11T15:13:56.97,1,80/106,Uncommon,Tool,,,"Attach Oran Berry to 1 of your Pokemon that doesn't already have a Pokemon Tool attached to it.  If that Pokemon is Knocked Out, discard this card.
<br>
<br>
<br>
<br>
<br>
<br>At any time between turns, if the Pokemon this card is attached to has at least 2 damage counters on it, remove 2 damage counters from it.  The discard Oran Berry.",,,,,,0.2,0.57,1.99,0.69,,Normal,,
87889,Oran Berry,Oran Berry,https://tcgplayer-cdn.tcgplayer.com/product/87889_200w.jpg,3,1410,https://cpt.tcgcsv.com/P9K,2024-04-11T15:13:56.97,1,80/106,Uncommon,Tool,,,"Attach Oran Berry to 1 of your Pokemon that doesn't already have a Pokemon Tool attached to it.  If that Pokemon is Knocked Out, discard this card.
<br>
<br>
<br>
<br>
<br>
<br>At any time between turns, if the Pokemon this card is attached to has at least 2 damage counters on it, remove 2 damage counters from it.  The discard Oran Berry.",,,,,,1.5,3.0,28.99,3.61,,Reverse Holofoil,,
88016,Pichu,Pichu,https://tcgplayer-cdn.tcgplayer.com/product/88016_200w.jpg,3,1410,https://cpt.tcgcsv.com/ldK,2024-04-11T15:05:35.893,1,59/106,Common,Lightning,40,Basic,"<b>Poke-POWER</b> Baby Evolution <br>
<br>Once during your turn <em>(before your attack)</em>, you may put Pikachu from your hand onto Pichu <em>(this counts as evolving Pichu)</em> and remove all damage counters from Pichu.","[1] Collect 
<br>Draw a card.",,F,None,1,3.27,4.99,10.0,5.36,,Normal,,
88016,Pichu,Pichu,https://tcgplayer-cdn.tcgplayer.com/product/88016_200w.jpg,3,1410,https://cpt.tcgcsv.com/ldK,2024-04-11T15:05:35.893,1,59/106,Common,Lightning,40,Basic,"<b>Poke-POWER</b> Baby Evolution <br>
<br>Once during your turn <em>(before your attack)</em>, you may put Pikachu from your hand onto Pichu <em>(this counts as evolving Pichu)</em> and remove all damage counters from Pichu.","[1] Collect 
<br>Draw a card.",,F,None,1,70.0,71.5,73.0,83.18,,Reverse Holofoil,,
88080,Pikachu,Pikachu,https://tcgplayer-cdn.tcgplayer.com/product/88080_200w.jpg,3,1410,https://cpt.tcgcsv.com/DfK,2024-04-11T15:05:36.007,1,60/106,Common,Lightning,50,Basic,,[L] Pika Ball (10),"[2] Thundershock (20) 
<br>Flip a coin.  If heads, the Defending Pokemon is now Paralyzed.",F,None,1,8.0,16.19,24.0,11.91,,Normal,,
88165,Plusle,Plusle,https://tcgplayer-cdn.tcgplayer.com/product/88165_200w.jpg,3,1410,https://cpt.tcgcsv.com/khK,2024-04-11T15:05:36.183,1,39/106,Uncommon,Lightning,60,Basic,,"[1] Collect 
<br>Draw a card.","[1L] Thundershock (20) 
<br>Flip a coin.  If heads, the Defending Pokemon is now Paralyzed.",F,M,1,3.1,4.47,10.0,3.38,,Normal,,
88165,Plusle,Plusle,https://tcgplayer-cdn.tcgplayer.com/product/88165_200w.jpg,3,1410,https://cpt.tcgcsv.com/khK,2024-04-11T15:05:36.183,1,39/106,Uncommon,Lightning,60,Basic,,"[1] Collect 
<br>Draw a card.","[1L] Thundershock (20) 
<br>Flip a coin.  If heads, the Defending Pokemon is now Paralyzed.",F,M,1,50.0,75.0,100.0,20.45,,Reverse Holofoil,,
88244,Pokenav,Pokenav,https://tcgplayer-cdn.tcgplayer.com/product/88244_200w.jpg,3,1410,https://cpt.tcgcsv.com/VjK,2024-04-11T15:14:01.677,1,81/106,Uncommon,Item,,,"Look at the top 3 cards of your deck, and choose a Basic Pokemon, Evolution, or Energy Card.  Show it to your opponent and put it into your hand.  Put the 2 other cards back on top of your deck in any order.",,,,,,0.23,0.47,1.99,0.47,,Normal,,
88244,Pokenav,Pokenav,https://tcgplayer-cdn.tcgplayer.com/product/88244_200w.jpg,3,1410,https://cpt.tcgcsv.com/VjK,2024-04-11T15:14:01.677,1,81/106,Uncommon,Item,,,"Look at the top 3 cards of your deck, and choose a Basic Pokemon, Evolution, or Energy Card.  Show it to your opponent and put it into your hand.  Put the 2 other cards back on top of your deck in any order.",,,,,,3.13,3.99,4.99,4.36,,Reverse Holofoil,,
88382,Professor Birch,Professor Birch,https://tcgplayer-cdn.tcgplayer.com/product/88382_200w.jpg,3,1410,https://cpt.tcgcsv.com/GmK,2024-04-11T15:14:07.133,1,82/106,Uncommon,Supporter,,,Draw cards from your deck until you have 6 cards in your hand.,,,,,,0.15,0.3,1.99,0.34,,Normal,,
88382,Professor Birch,Professor Birch,https://tcgplayer-cdn.tcgplayer.com/product/88382_200w.jpg,3,1410,https://cpt.tcgcsv.com/GmK,2024-04-11T15:14:07.133,1,82/106,Uncommon,Supporter,,,Draw cards from your deck until you have 6 cards in your hand.,,,,,,4.12,8.5,12.54,8.52,,Reverse Holofoil,,
88419,Psychic Energy,Psychic Energy,https://tcgplayer-cdn.tcgplayer.com/product/88419_200w.jpg,3,1410,https://cpt.tcgcsv.com/pnK,2025-11-11T02:43:09.923,1,105/106,Holo Rare,Energy,,,,,,,,,9.13,14.0,18.0,19.0,,Normal,,
88419,Psychic Energy,Psychic Energy,https://tcgplayer-cdn.tcgplayer.com/product/88419_200w.jpg,3,1410,https://cpt.tcgcsv.com/pnK,2025-11-11T02:43:09.923,1,105/106,Holo Rare,Energy,,,,,,,,,15.59,19.16,34.99,19.38,,Holofoil,,
88526,Raichu ex,Raichu ex,https://tcgplayer-cdn.tcgplayer.com/product/88526_200w.jpg,3,1410,https://cpt.tcgcsv.com/xqK,2024-04-11T15:05:37.11,1,97/106,Ultra Rare,Lightning,100,Stage 1,"<b>Poke-BODY</b> Rai-shield  <br>
<br>Damage done to any of your Raichu ex in play by attacks from your opponent's Pokemon-ex is reduced by 30 <em>(after applying Weakness and Resistance).</em>  You can't use more than 1 Rai-shield Poke-Body each turn.","[1L] Power Short 
<br>Choose 1 of your opponent's Pokemon.  This attack does 30 damage to that Pokemon.  <i>(Don't apply Weakness and Resistance for Benched Pokemon.)</i>  If that Pokemon has Poke-Powers, this attack does 30 damage plus 20 more damage.",[3L] Pika Bolt (70),F,None,0,61.46,122.75,149.99,124.74,,Holofoil,,
88557,Ralts,Ralts,https://tcgplayer-cdn.tcgplayer.com/product/88557_200w.jpg,3,1410,https://cpt.tcgcsv.com/9rK,2025-11-20T21:47:17.573,1,61/106,Common,Psychic,50,Basic,,"[P] Hypnotic Ray (10) 
<br>The Defending Pokemon is now Asleep.",,P,None,1,0.59,0.8,5.0,1.44,,Normal,,
88557,Ralts,Ralts,https://tcgplayer-cdn.tcgplayer.com/product/88557_200w.jpg,3,1410,https://cpt.tcgcsv.com/9rK,2025-11-20T21:47:17.573,1,61/106,Common,Psychic,50,Basic,,"[P] Hypnotic Ray (10) 
<br>The Defending Pokemon is now Asleep.",,P,None,1,29.21,53.0,80.0,11.0,,Reverse Holofoil,,
88590,Rare Candy,Rare Candy,https://tcgplayer-cdn.tcgplayer.com/product/88590_200w.jpg,3,1410,https://cpt.tcgcsv.com/QrK,2024-04-11T15:14:16.597,1,83/106,Uncommon,Item,,,"Choose 1 of your Basic Pokemon in play.  If you have a Stage 1 or Stage 2 card that evolves from that Pokemon in your hand, put that card on the Basic Pokemon.  <em>(This counts as evolving that Pokemon.)</em>",,,,,,5.71,6.7,11.95,6.61,,Normal,,
88590,Rare Candy,Rare Candy,https://tcgplayer-cdn.tcgplayer.com/product/88590_200w.jpg,3,1410,https://cpt.tcgcsv.com/QrK,2024-04-11T15:14:16.597,1,83/106,Uncommon,Item,,,"Choose 1 of your Basic Pokemon in play.  If you have a Stage 1 or Stage 2 card that evolves from that Pokemon in your hand, put that card on the Basic Pokemon.  <em>(This counts as evolving that Pokemon.)</em>",,,,,,44.43,49.25,100.0,50.0,,Reverse Holofoil,,
88626,Rayquaza,Rayquaza,https://tcgplayer-cdn.tcgplayer.com/product/88626_200w.jpg,3,1410,https://cpt.tcgcsv.com/xsK,2024-04-11T15:05:37.56,1,9/106,Holo Rare,Colorless,80,Basic,,"[2] Dragon Dance 
<br>During your next turn, if any of your current Active Pokemon does damage to any Defending Pokemon, the attack does 30 more damage <i>(before applying Weakness and Resistance).</i>",[1LR] Dragon Claw (40),C,None,2,350.0,350.0,350.0,102.19,,Normal,,
88626,Rayquaza,Rayquaza,https://tcgplayer-cdn.tcgplayer.com/product/88626_200w.jpg,3,1410,https://cpt.tcgcsv.com/xsK,2024-04-11T15:05:37.56,1,9/106,Holo Rare,Colorless,80,Basic,,"[2] Dragon Dance 
<br>During your next turn, if any of your current Active Pokemon does damage to any Defending Pokemon, the attack does 30 more damage <i>(before applying Weakness and Resistance).</i>",[1LR] Dragon Claw (40),C,None,2,149.81,224.5,699.99,174.98,,Holofoil,,
88626,Rayquaza,Rayquaza,https://tcgplayer-cdn.tcgplayer.com/product/88626_200w.jpg,3,1410,https://cpt.tcgcsv.com/xsK,2024-04-11T15:05:37.56,1,9/106,Holo Rare,Colorless,80,Basic,,"[2] Dragon Dance 
<br>During your next turn, if any of your current Active Pokemon does damage to any Defending Pokemon, the attack does 30 more damage <i>(before applying Weakness and Resistance).</i>",[1LR] Dragon Claw (40),C,None,2,399.99,599.99,799.99,525.0,,Reverse Holofoil,,
88660,Regice ex,Regice ex,https://tcgplayer-cdn.tcgplayer.com/product/88660_200w.jpg,3,1410,https://cpt.tcgcsv.com/dtK,2024-04-11T15:05:37.84,1,98/106,Ultra Rare,Water,100,Basic,,"[W] Ice Beam (10) 
<br>Flip a coin.  If heads, the Defending Pokemon is now Paralyzed.","[1WW] Iceberg Crush (40) 
<br>If Regirock ex is in play, flip a coin.  If heads, discard 1 Energy card attached to the Defending Pokemon.",M,None,3,290.0,299.99,314.58,189.78,,Holofoil,,
88675,Regirock ex,Regirock ex,https://tcgplayer-cdn.tcgplayer.com/product/88675_200w.jpg,3,1410,https://cpt.tcgcsv.com/wtK,2024-04-11T15:05:38.187,1,99/106,Ultra Rare,Fighting,110,Basic,,"[1] Mend 
<br>Search your discard pile for a F Energy card and attach it to Regirock ex.  If you do, remove 1 damage counter from Regirock ex.","[1FF] Metal Crush (40+) 
<br>If Registeel ex is in play, this attack does 40 damage plus 20 more damage.",W,None,3,130.0,130.0,130.0,58.0,,Normal,,
88675,Regirock ex,Regirock ex,https://tcgplayer-cdn.tcgplayer.com/product/88675_200w.jpg,3,1410,https://cpt.tcgcsv.com/wtK,2024-04-11T15:05:38.187,1,99/106,Ultra Rare,Fighting,110,Basic,,"[1] Mend 
<br>Search your discard pile for a F Energy card and attach it to Regirock ex.  If you do, remove 1 damage counter from Regirock ex.","[1FF] Metal Crush (40+) 
<br>If Registeel ex is in play, this attack does 40 damage plus 20 more damage.",W,None,3,115.13,143.98,222.1,170.0,,Holofoil,,
88680,Registeel ex,Registeel ex,https://tcgplayer-cdn.tcgplayer.com/product/88680_200w.jpg,3,1410,https://cpt.tcgcsv.com/DtK,2024-04-11T15:05:38.5,1,100/106,Ultra Rare,Metal,90,Basic,,"[1] Block Signal (10) 
<br>If Regice ex is in play, flip a coin.  If heads, the Defending Pokemon is now Confused.","[1MM] Wide Laser  
<br>Does 20 damage to each of your opponent's Pokemon.  <i>(Don't apply Weakness and Resistance for Benched Pokemon.)</i>",R,None,2,85.0,97.78,110.55,110.0,,Holofoil,,
88685,Relicanth,Relicanth,https://tcgplayer-cdn.tcgplayer.com/product/88685_200w.jpg,3,1410,https://cpt.tcgcsv.com/KtK,2024-04-11T15:05:38.623,1,18/106,Rare,Water,70,Basic,,[1] Sharp Fin (10),"[1W] Hypno Splash (20) 
<br>The Defending Pokemon is now Asleep.",L,None,1,1.0,1.88,5.7,1.88,,Normal,,
88685,Relicanth,Relicanth,https://tcgplayer-cdn.tcgplayer.com/product/88685_200w.jpg,3,1410,https://cpt.tcgcsv.com/KtK,2024-04-11T15:05:38.623,1,18/106,Rare,Water,70,Basic,,[1] Sharp Fin (10),"[1W] Hypno Splash (20) 
<br>The Defending Pokemon is now Asleep.",L,None,1,31.62,42.58,59.14,45.21,,Reverse Holofoil,,
88733,Rhydon,Rhydon,https://tcgplayer-cdn.tcgplayer.com/product/88733_200w.jpg,3,1410,https://cpt.tcgcsv.com/HvK,2024-04-11T15:05:38.75,1,19/106,Rare,Fighting,90,Stage 1,,[1F] Horn Attack (30),"[4] Rock Tumble (60) 
<br>This attack's damage isn't affected by Resistance.",W,None,2,0.98,1.49,7.5,1.55,,Normal,,
88741,Rhyhorn,Rhyhorn,https://tcgplayer-cdn.tcgplayer.com/product/88741_200w.jpg,3,1410,https://cpt.tcgcsv.com/RvK,2024-04-11T15:05:38.917,1,62/106,Common,Fighting,60,Basic,,[1] Horn Attack (10),[1F] Horn Drill (20),W,None,1,0.29,0.5,3.49,0.47,,Normal,,
88741,Rhyhorn,Rhyhorn,https://tcgplayer-cdn.tcgplayer.com/product/88741_200w.jpg,3,1410,https://cpt.tcgcsv.com/RvK,2024-04-11T15:05:38.917,1,62/106,Common,Fighting,60,Basic,,[1] Horn Attack (10),[1F] Horn Drill (20),W,None,1,14.78,45.95,60.0,48.73,,Reverse Holofoil,,
88975,Scott,Scott,https://tcgplayer-cdn.tcgplayer.com/product/88975_200w.jpg,3,1410,https://cpt.tcgcsv.com/wCK,2024-04-11T15:14:21.323,1,84/106,Uncommon,Supporter,,,"You can play only one Supporter card each turn.  When you play this card, put it next to your Active Pokemon.  When your turn ends, discard this card.
<br>
<br>
<br>
<br>
<br>
<br>Search your deck for up to 3 cards in any combination of Supporter cards and Stadium cards, show them to your opponent, and put them into your hand.  Shuffle your deck afterward.",,,,,,2.8,4.99,14.67,4.98,2.79,Normal,,
88975,Scott,Scott,https://tcgplayer-cdn.tcgplayer.com/product/88975_200w.jpg,3,1410,https://cpt.tcgcsv.com/wCK,2024-04-11T15:14:21.323,1,84/106,Uncommon,Supporter,,,"You can play only one Supporter card each turn.  When you play this card, put it next to your Active Pokemon.  When your turn ends, discard this card.
<br>
<br>
<br>
<br>
<br>
<br>Search your deck for up to 3 cards in any combination of Supporter cards and Stadium cards, show them to your opponent, and put them into your hand.  Shuffle your deck afterward.",,,,,,39.99,44.99,58.8,23.71,,Reverse Holofoil,,
89083,Seviper,Seviper,https://tcgplayer-cdn.tcgplayer.com/product/89083_200w.jpg,3,1410,https://cpt.tcgcsv.com/HFK,2024-04-11T15:05:39.333,1,20/106,Rare,Grass,80,Basic,,[1] Pierce (10),"[2G] Bite Off (30+)
<br>If the Defending Pokemon is Pokemon-ex, this attack does 30 damage plus 30 more damage.",P,None,1,0.75,2.22,5.0,2.08,,Normal,,
89083,Seviper,Seviper,https://tcgplayer-cdn.tcgplayer.com/product/89083_200w.jpg,3,1410,https://cpt.tcgcsv.com/HFK,2024-04-11T15:05:39.333,1,20/106,Rare,Grass,80,Basic,,[1] Pierce (10),"[2G] Bite Off (30+)
<br>If the Defending Pokemon is Pokemon-ex, this attack does 30 damage plus 30 more damage.",P,None,1,38.71,6433.78,12828.85,21.43,,Reverse Holofoil,,
89184,Shroomish,Shroomish,https://tcgplayer-cdn.tcgplayer.com/product/89184_200w.jpg,3,1410,https://cpt.tcgcsv.com/JHK,2024-04-11T15:05:39.47,1,63/106,Common,Grass,40,Basic,,[1] Ram (10),[2] Headbutt (20),R,W,1,0.23,0.64,2.99,0.78,,Normal,,
89184,Shroomish,Shroomish,https://tcgplayer-cdn.tcgplayer.com/product/89184_200w.jpg,3,1410,https://cpt.tcgcsv.com/JHK,2024-04-11T15:05:39.47,1,63/106,Common,Grass,40,Basic,,[1] Ram (10),[2] Headbutt (20),R,W,1,7.93,15.02,22.11,13.15,,Reverse Holofoil,,
89400,Snorunt,Snorunt,https://tcgplayer-cdn.tcgplayer.com/product/89400_200w.jpg,3,1410,https://cpt.tcgcsv.com/0NK,2024-04-11T15:05:39.597,1,64/106,Common,Water,50,Basic,,[1] Beat (10),,M,None,1,0.23,0.37,1.99,0.57,,Normal,,
89400,Snorunt,Snorunt,https://tcgplayer-cdn.tcgplayer.com/product/89400_200w.jpg,3,1410,https://cpt.tcgcsv.com/0NK,2024-04-11T15:05:39.597,1,64/106,Common,Water,50,Basic,,[1] Beat (10),,M,None,1,9.0,15.33,21.99,19.62,,Reverse Holofoil,,
89473,Spoink - 065/106,Spoink 065 106,https://tcgplayer-cdn.tcgplayer.com/product/89473_200w.jpg,3,1410,https://cpt.tcgcsv.com/tPK,2024-04-11T15:05:39.813,1,65/106,Common,Psychic,50,Basic,,"[P] Knock Away (10+) 
<br>Flip a coin.  If heads, this attack does 10 damage plus 10 more damage.",,P,None,1,0.25,0.49,1.99,0.52,,Normal,,
89473,Spoink - 065/106,Spoink 065 106,https://tcgplayer-cdn.tcgplayer.com/product/89473_200w.jpg,3,1410,https://cpt.tcgcsv.com/tPK,2024-04-11T15:05:39.813,1,65/106,Common,Psychic,50,Basic,,"[P] Knock Away (10+) 
<br>Flip a coin.  If heads, this attack does 10 damage plus 10 more damage.",,P,None,1,19.25,49.99,60.0,11.9,,Reverse Holofoil,,
89474,Spoink - 066/106,Spoink 066 106,https://tcgplayer-cdn.tcgplayer.com/product/89474_200w.jpg,3,1410,https://cpt.tcgcsv.com/vPK,2024-04-11T15:05:40.067,1,66/106,Common,Psychic,50,Basic,,"[1] Lunge (20) 
<br>Flip a coin.  If tails, this attack does nothing.",,P,None,1,0.25,0.42,1.5,0.46,,Normal,,
89474,Spoink - 066/106,Spoink 066 106,https://tcgplayer-cdn.tcgplayer.com/product/89474_200w.jpg,3,1410,https://cpt.tcgcsv.com/vPK,2024-04-11T15:05:40.067,1,66/106,Common,Psychic,50,Basic,,"[1] Lunge (20) 
<br>Flip a coin.  If tails, this attack does nothing.",,P,None,1,25.0,35.25,50.0,45.55,,Reverse Holofoil,,
89655,Swablu,Swablu,https://tcgplayer-cdn.tcgplayer.com/product/89655_200w.jpg,3,1410,https://cpt.tcgcsv.com/7TK,2024-04-11T15:05:40.357,1,67/106,Common,Colorless,40,Basic,"<b>Poke-BODY</b> Feathery <br>
<br>As long as Swablu is on your Bench, prevent all damage done to Swablu by opponent's attacks.","[1] Razor Wind (20) 
<br>Flip a coin.  If tails, this attack does nothing.",,L,F,1,0.65,1.3,96.95,1.58,3.19,Normal,,
89655,Swablu,Swablu,https://tcgplayer-cdn.tcgplayer.com/product/89655_200w.jpg,3,1410,https://cpt.tcgcsv.com/7TK,2024-04-11T15:05:40.357,1,67/106,Common,Colorless,40,Basic,"<b>Poke-BODY</b> Feathery <br>
<br>As long as Swablu is on your Bench, prevent all damage done to Swablu by opponent's attacks.","[1] Razor Wind (20) 
<br>Flip a coin.  If tails, this attack does nothing.",,L,F,1,21.0,30.17,39.99,27.49,,Reverse Holofoil,,
89671,Swalot,Swalot,https://tcgplayer-cdn.tcgplayer.com/product/89671_200w.jpg,3,1410,https://cpt.tcgcsv.com/rTK,2024-04-11T15:05:40.573,1,40/106,Uncommon,Grass,80,Stage 1,,"[2] Blot (20) 
<br>Remove 1 damage counter from Swalot.","[2G] Poison Breath (40) 
<br>The Defending Pokemon is now Poisoned.",P,None,2,1.0,1.4,4.5,1.44,,Normal,,
89671,Swalot,Swalot,https://tcgplayer-cdn.tcgplayer.com/product/89671_200w.jpg,3,1410,https://cpt.tcgcsv.com/rTK,2024-04-11T15:05:40.573,1,40/106,Uncommon,Grass,80,Stage 1,,"[2] Blot (20) 
<br>Remove 1 damage counter from Swalot.","[2G] Poison Breath (40) 
<br>The Defending Pokemon is now Poisoned.",P,None,2,22.0,25.0,35.95,9.54,,Reverse Holofoil,,
89692,Swellow,Swellow,https://tcgplayer-cdn.tcgplayer.com/product/89692_200w.jpg,3,1410,https://cpt.tcgcsv.com/STK,2024-04-11T15:05:40.887,1,41/106,Uncommon,Colorless,70,Stage 1,,[1] Peck (20),"[3] Skill Dive 
<br>Choose 1 of your opponent's Pokemon.  This attack does 40 damage to that Pokemon.  <i>(Don't apply Weakness and Resistance for Benched Pokemon.)</i>",L,F,0,0.62,1.5,4.5,1.54,1.49,Normal,,
89733,Taillow,Taillow,https://tcgplayer-cdn.tcgplayer.com/product/89733_200w.jpg,3,1410,https://cpt.tcgcsv.com/HVK,2024-04-11T15:05:41.023,1,68/106,Common,Colorless,50,Basic,,"[1] Razor Wind (10)
<br>Flip a coin.  If tails, this attack does nothing.",,L,F,1,0.24,0.46,1.99,0.51,,Normal,,
89733,Taillow,Taillow,https://tcgplayer-cdn.tcgplayer.com/product/89733_200w.jpg,3,1410,https://cpt.tcgcsv.com/HVK,2024-04-11T15:05:41.023,1,68/106,Common,Colorless,50,Basic,,"[1] Razor Wind (10)
<br>Flip a coin.  If tails, this attack does nothing.",,L,F,1,21.69,30.84,39.99,10.31,,Reverse Holofoil,,
89955,Torchic,Torchic,https://tcgplayer-cdn.tcgplayer.com/product/89955_200w.jpg,3,1410,https://cpt.tcgcsv.com/7_K,2024-07-26T17:56:05.487,1,69/106,Common,Fire,50,Basic,,"[R] Hypnotic Gaze 
<br>The Defending Pokemon is now Asleep.",,W,None,1,0.25,0.5,2.69,0.69,,Normal,,
89955,Torchic,Torchic,https://tcgplayer-cdn.tcgplayer.com/product/89955_200w.jpg,3,1410,https://cpt.tcgcsv.com/7_K,2024-07-26T17:56:05.487,1,69/106,Common,Fire,50,Basic,,"[R] Hypnotic Gaze 
<br>The Defending Pokemon is now Asleep.",,W,None,1,17.46,22.71,127.95,28.76,,Reverse Holofoil,,
90037,Treecko,Treecko,https://tcgplayer-cdn.tcgplayer.com/product/90037_200w.jpg,3,1410,https://cpt.tcgcsv.com/M0L,2024-04-11T15:05:41.283,1,70/106,Common,Grass,50,Basic,,"[G] Tail Smash (10) 
<br>Flip a coin.  If tails, this attack does nothing.",,R,W,1,0.25,0.59,4.19,0.65,,Normal,,
90037,Treecko,Treecko,https://tcgplayer-cdn.tcgplayer.com/product/90037_200w.jpg,3,1410,https://cpt.tcgcsv.com/M0L,2024-04-11T15:05:41.283,1,70/106,Common,Grass,50,Basic,,"[G] Tail Smash (10) 
<br>Flip a coin.  If tails, this attack does nothing.",,R,W,1,89.99,2205.5,4321.0,23.04,,Reverse Holofoil,,
90397,Volbeat,Volbeat,https://tcgplayer-cdn.tcgplayer.com/product/90397_200w.jpg,3,1410,https://cpt.tcgcsv.com/Z9L,2024-04-11T15:05:41.407,1,42/106,Uncommon,Grass,60,Basic,,"[1] Confuse Ray 
<br>Flip a coin.  If heads, the Defending Pokemon is now Confused.","[1G] Double-edge (30) 
<br>Volbeat does 10 damage to itself.",R,None,1,1.0,1.5,5.0,1.68,,Normal,,
90397,Volbeat,Volbeat,https://tcgplayer-cdn.tcgplayer.com/product/90397_200w.jpg,3,1410,https://cpt.tcgcsv.com/Z9L,2024-04-11T15:05:41.407,1,42/106,Uncommon,Grass,60,Basic,,"[1] Confuse Ray 
<br>Flip a coin.  If heads, the Defending Pokemon is now Confused.","[1G] Double-edge (30) 
<br>Volbeat does 10 damage to itself.",R,None,1,30.6,32.12,46.17,30.66,,Reverse Holofoil,,
90416,Voltorb,Voltorb,https://tcgplayer-cdn.tcgplayer.com/product/90416_200w.jpg,3,1410,https://cpt.tcgcsv.com/lbL,2024-04-11T15:05:41.543,1,71/106,Common,Lightning,50,Basic,,[1] Ram (10),[3] Speed Ball (30),F,None,1,0.25,0.5,1.99,0.9,,Normal,,
90416,Voltorb,Voltorb,https://tcgplayer-cdn.tcgplayer.com/product/90416_200w.jpg,3,1410,https://cpt.tcgcsv.com/lbL,2024-04-11T15:05:41.543,1,71/106,Common,Lightning,50,Basic,,[1] Ram (10),[3] Speed Ball (30),F,None,1,15.0,19.99,60.0,22.5,,Reverse Holofoil,,
90438,Vulpix,Vulpix,https://tcgplayer-cdn.tcgplayer.com/product/90438_200w.jpg,3,1410,https://cpt.tcgcsv.com/NbL,2024-04-11T15:05:41.713,1,72/106,Common,Fire,50,Basic,,[1] Bite (10),"[1R] Firebreathing (20+) 
<br>Flip a coin.  If heads, this attack does 20 damage plus 10 more damage.",W,None,1,0.3,1.0,4.75,1.46,,Normal,,
90438,Vulpix,Vulpix,https://tcgplayer-cdn.tcgplayer.com/product/90438_200w.jpg,3,1410,https://cpt.tcgcsv.com/NbL,2024-04-11T15:05:41.713,1,72/106,Common,Fire,50,Basic,,[1] Bite (10),"[1R] Firebreathing (20+) 
<br>Flip a coin.  If heads, this attack does 20 damage plus 10 more damage.",W,None,1,24.99,45.0,65.0,42.14,,Reverse Holofoil,,
90465,Wally's Training,Wallys Training,https://tcgplayer-cdn.tcgplayer.com/product/90465_200w.jpg,3,1410,https://cpt.tcgcsv.com/kcL,2024-04-11T15:15:18.343,1,85/106,Uncommon,Supporter,,,"You can play only one Supporter card each turn.  When you play this card, put it next to your Active Pokemon.  When your turn ends, discard this card.
<br>
<br>
<br>
<br>
<br>
<br>Search your deck for a card that evolves from your Active Pokemon <em>(choose 1 if there are 2)</em> and put it on your Active Pokemon.  <em>(This counts as evolving that Pokemon.)</em> Shuffle your deck afterward.",,,,,,0.19,0.6,2.25,0.81,,Normal,,
90465,Wally's Training,Wallys Training,https://tcgplayer-cdn.tcgplayer.com/product/90465_200w.jpg,3,1410,https://cpt.tcgcsv.com/kcL,2024-04-11T15:15:18.343,1,85/106,Uncommon,Supporter,,,"You can play only one Supporter card each turn.  When you play this card, put it next to your Active Pokemon.  When your turn ends, discard this card.
<br>
<br>
<br>
<br>
<br>
<br>Search your deck for a card that evolves from your Active Pokemon <em>(choose 1 if there are 2)</em> and put it on your Active Pokemon.  <em>(This counts as evolving that Pokemon.)</em> Shuffle your deck afterward.",,,,,,50.0,50.0,50.0,15.59,,Reverse Holofoil,,
90507,Water Energy,Water Energy,https://tcgplayer-cdn.tcgplayer.com/product/90507_200w.jpg,3,1410,https://cpt.tcgcsv.com/9dL,2025-11-11T02:49:08.14,1,103/106,Holo Rare,Energy,,,,,,,,,13.0,14.94,19.99,13.49,,Normal,,
90507,Water Energy,Water Energy,https://tcgplayer-cdn.tcgplayer.com/product/90507_200w.jpg,3,1410,https://cpt.tcgcsv.com/9dL,2025-11-11T02:49:08.14,1,103/106,Holo Rare,Energy,,,,,,,,,12.72,16.19,24.99,15.74,,Holofoil,,
90581,Whismur,Whismur,https://tcgplayer-cdn.tcgplayer.com/product/90581_200w.jpg,3,1410,https://cpt.tcgcsv.com/FfL,2024-07-26T17:56:05.54,1,73/106,Common,Colorless,50,Basic,,[1] Tackle (10),[2] Rollout (20),F,None,1,0.29,0.51,4.49,0.57,,Normal,,
90581,Whismur,Whismur,https://tcgplayer-cdn.tcgplayer.com/product/90581_200w.jpg,3,1410,https://cpt.tcgcsv.com/FfL,2024-07-26T17:56:05.54,1,73/106,Common,Colorless,50,Basic,,[1] Tackle (10),[2] Rollout (20),F,None,1,21.36,30.15,34.25,9.94,,Reverse Holofoil,,
90703,Zangoose,Zangoose,https://tcgplayer-cdn.tcgplayer.com/product/90703_200w.jpg,3,1410,https://cpt.tcgcsv.com/5jL,2024-04-11T15:05:42.403,1,21/106,Rare,Colorless,70,Basic,,"[1] Extra Claws (10+) 
<br>If the Defending Pokemon is Pokemon-ex, this attack does 10 damage plus 20 more damage.","[2] Quick Attack (20+) 
<br>Flip a coin.  If heads, this attack does 20 damage plus 10 more damage.",F,None,1,2.5,4.22,8.99,4.05,,Normal,,
90747,Zigzagoon,Zigzagoon,https://tcgplayer-cdn.tcgplayer.com/product/90747_200w.jpg,3,1410,https://cpt.tcgcsv.com/ZjL,2024-04-11T15:05:42.543,1,74/106,Common,Colorless,40,Basic,,[1] Gnaw (10),"[2] Body Slam (10) 
<br>Flip a coin.  If heads, the Defending Pokemon is now Paralyzed.",F,None,1,4.0,5.92,7.25,4.39,,Normal,,
90747,Zigzagoon,Zigzagoon,https://tcgplayer-cdn.tcgplayer.com/product/90747_200w.jpg,3,1410,https://cpt.tcgcsv.com/ZjL,2024-04-11T15:05:42.543,1,74/106,Common,Colorless,40,Basic,,[1] Gnaw (10),"[2] Body Slam (10) 
<br>Flip a coin.  If heads, the Defending Pokemon is now Paralyzed.",F,None,1,9.95,45.0,96.95,15.65,,Reverse Holofoil,,
97730,Sceptile,Sceptile,https://tcgplayer-cdn.tcgplayer.com/product/97730_200w.jpg,3,1410,https://cpt.tcgcsv.com/D6P,2024-04-11T15:05:42.687,1,10/106,Holo Rare,Grass,100,Stage 2,"<b>Poke-BODY</b> Green Essence <br>
<br>As long as Sceptile is in play, each of your Active Pokemon that has G Energy attached to it can't be affected by any Special Conditions.",[G] Razor Leaf (30),"[3G] Swift (60) 
<br>This attack's damage isn't affected by Weakness, Resistance, Poke-Powers, Poke-Bodies, or any other effects on the Defending Pokemon.",R,W,2,11.72,14.5,39.69,32.37,,Holofoil,,
97731,Swampert,Swampert,https://tcgplayer-cdn.tcgplayer.com/product/97731_200w.jpg,3,1410,https://cpt.tcgcsv.com/F6P,2026-01-30T23:21:23.78,1,11/106,Holo Rare,Water,110,Stage 2,"<b>Poke-POWER</b> Water Cyclone
<br>
<br>As often as you like during your turn <em>(before your attack)</em>, you may move a Water Energy attached to 1 of your Active Pokemon to 1 of your Benched Pokemon.  This power can't be used if Swampert is affected by a Special Condition.","[1] Spinning Tail 
<br>Does 10 damage to each of your opponent's Pokemon. <i> (Don't apply Weakness and Resistance for Benched Pokemon.)</i>","[1WW] Aqua Sonic (60) 
<br>This attack's damage isn't affected by Resistance.",G,None,2,38.61,100.0,299.69,74.85,,Holofoil,,
98546,Emerald Booster Pack,Emerald Booster Pack,https://tcgplayer-cdn.tcgplayer.com/product/98546_200w.jpg,3,1410,https://cpt.tcgcsv.com/XqP,2017-07-22T16:58:16.017,1,,,,,,,,,,,,1000.0,1000.0,1000.0,450.0,,Normal,,
98547,Emerald Booster Box,Emerald Booster Box,https://tcgplayer-cdn.tcgplayer.com/product/98547_200w.jpg,3,1410,https://cpt.tcgcsv.com/ZqP,2015-05-06T13:54:15.633,1,,,,,,,,,,,,,,,,,,,
232874,"Emerald Theme Deck - ""Hydrobloom"" [Milotic]",Emerald Theme Deck Hydrobloom Milotic,https://tcgplayer-cdn.tcgplayer.com/product/232874_200w.jpg,3,1410,https://cpt.tcgcsv.com/v9T2,2021-02-17T16:06:31.37,1,,,,,,"Swamp your opponents with the Hydrobloom theme deck. Rain down on them with Water and Grass Pokémon before Milotic surfs to victory with a Super Hypno Wave attack!
<br><br><strong>Contents for each Deck:</strong>
<br>• 1 60-card pre-constructed deck 
<br>• Damage counters 
<br>• 1 coin",,,,,,159.99,162.98,199.95,,,Normal,,
232875,"Emerald Theme Deck - ""Wildfire"" [Manectric]",Emerald Theme Deck Wildfire Manectric,https://tcgplayer-cdn.tcgplayer.com/product/232875_200w.jpg,3,1410,https://cpt.tcgcsv.com/w9T2,2021-02-17T16:07:40.053,1,,,,,,"Let your skills race out of control with the Wildfire theme deck. First, blaze through your opponent's defenses with Fire and Lightning Pokémon, then take them all by surprise when Manectric performs a Tail Shock attack!
<br><br><strong>Contents for each Deck:</strong>
<br>• 1 60-card pre-constructed deck 
<br>• Damage counters 
<br>• 1 coin",,,,,,177.0,178.48,179.95,169.97,,Normal,,
