productId,name,cleanName,imageUrl,categoryId,groupId,url,modifiedOn,imageCount,extNumber,extRarity,extCardType,extHP,extStage,extAttack1,extWeakness,lowPrice,midPrice,highPrice,marketPrice,directLowPrice,subTypeName,extCardText,extRetreatCost,extAttack2,extResistance
83446,Abra,Abra,https://tcgplayer-cdn.tcgplayer.com/product/83446_200w.jpg,3,1374,https://cpt.tcgcsv.com/XnH,2022-11-29T16:38:34.213,1,067/110,Common,Psychic,30,Basic,"[P] Psyshock (10)
<br>Flip a coin. If heads, the Defending Pokémon is now Paralyzed.",P,0.45,0.97,3.0,0.89,,Normal,,,,
83496,Alakazam,Alakazam,https://tcgplayer-cdn.tcgplayer.com/product/83496_200w.jpg,3,1374,https://cpt.tcgcsv.com/XpH,2022-11-29T16:40:07.343,1,001/110,Holo Rare,Psychic,80,Stage 2,"[PPP] Confuse Ray (30)
<br>Flip a coin. Flip a coin. If heads, the Defending Pokémon is now Confused.",P,50.49,55.74,79.69,56.85,,Holofoil,"<strong>Pokémon Power: Damage Swap</strong> As often as you like during your turn <em>(before your attack)</em>, you may move 1 damage counter from 1 of your Pokémon to another as long as you don't Knock Out that Pokémon. This power can't be used if Alakazam is affected by a Special Condition.",3,,
83496,Alakazam,Alakazam,https://tcgplayer-cdn.tcgplayer.com/product/83496_200w.jpg,3,1374,https://cpt.tcgcsv.com/XpH,2022-11-29T16:40:07.343,1,001/110,Holo Rare,Psychic,80,Stage 2,"[PPP] Confuse Ray (30)
<br>Flip a coin. Flip a coin. If heads, the Defending Pokémon is now Confused.",P,229.99,500.0,501.98,237.5,,Reverse Holofoil,"<strong>Pokémon Power: Damage Swap</strong> As often as you like during your turn <em>(before your attack)</em>, you may move 1 damage counter from 1 of your Pokémon to another as long as you don't Knock Out that Pokémon. This power can't be used if Alakazam is affected by a Special Condition.",3,,
83581,Arcanine,Arcanine,https://tcgplayer-cdn.tcgplayer.com/product/83581_200w.jpg,3,1374,https://cpt.tcgcsv.com/FrH,2025-11-24T21:43:14.69,1,036/110,Uncommon,Fire,100,Stage 1,"[1RR] Flamethrower (50)
<br>Discard 1 Fire Energy card attached to Arcanine or this attack does nothing.",W,2.32,3.38,96.95,4.08,96.95,Normal,,3,"[2RR] Take Down (80)
<br>Arcanine does 30 damage to itself.",
83581,Arcanine,Arcanine,https://tcgplayer-cdn.tcgplayer.com/product/83581_200w.jpg,3,1374,https://cpt.tcgcsv.com/FrH,2025-11-24T21:43:14.69,1,036/110,Uncommon,Fire,100,Stage 1,"[1RR] Flamethrower (50)
<br>Discard 1 Fire Energy card attached to Arcanine or this attack does nothing.",W,104.99,152.08,160.0,184.98,,Reverse Holofoil,,3,"[2RR] Take Down (80)
<br>Arcanine does 30 damage to itself.",
83643,Articuno,Articuno,https://tcgplayer-cdn.tcgplayer.com/product/83643_200w.jpg,3,1374,https://cpt.tcgcsv.com/TsH,2022-11-29T16:44:06.95,1,002/110,Holo Rare,Water,70,Basic,"[WWW] Freeze Dry (30)
<br>Flip a coin. If heads, the Defending Pokémon is now Paralyzed.",,30.06,83.99,91.97,29.31,45.99,Holofoil,,2,"[WWWW] Blizzard (50)
<br>Flip a coin. If heads, this attack does 10 damage to each of your opponent's Benched Pokémon. If tails, this attack does 10 damage to each of your own Benched Pokémon. <em>(Don't apply Weakness and Resistance for Benched Pokémon.)</em>",F-30
83643,Articuno,Articuno,https://tcgplayer-cdn.tcgplayer.com/product/83643_200w.jpg,3,1374,https://cpt.tcgcsv.com/TsH,2022-11-29T16:44:06.95,1,002/110,Holo Rare,Water,70,Basic,"[WWW] Freeze Dry (30)
<br>Flip a coin. If heads, the Defending Pokémon is now Paralyzed.",,119.98,150.59,184.63,183.73,,Reverse Holofoil,,2,"[WWWW] Blizzard (50)
<br>Flip a coin. If heads, this attack does 10 damage to each of your opponent's Benched Pokémon. If tails, this attack does 10 damage to each of your own Benched Pokémon. <em>(Don't apply Weakness and Resistance for Benched Pokémon.)</em>",F-30
83768,Beedrill,Beedrill,https://tcgplayer-cdn.tcgplayer.com/product/83768_200w.jpg,3,1374,https://cpt.tcgcsv.com/nwH,2022-11-29T16:45:54.743,1,020/110,Rare,Grass,80,Stage 2,"[3] Twineedle (30x)
<br>Flip 2 coins. This attack does 30 times number of heads.",R,3.03,4.92,6.03,4.82,,Normal,,,"[GGG] Poison Sting (40)
<br>Flip a coin. If heads, the Defending Pokémon is now Poisoned.",F-30
83768,Beedrill,Beedrill,https://tcgplayer-cdn.tcgplayer.com/product/83768_200w.jpg,3,1374,https://cpt.tcgcsv.com/nwH,2022-11-29T16:45:54.743,1,020/110,Rare,Grass,80,Stage 2,"[3] Twineedle (30x)
<br>Flip 2 coins. This attack does 30 times number of heads.",R,100.0,129.23,299.99,110.0,,Reverse Holofoil,,,"[GGG] Poison Sting (40)
<br>Flip a coin. If heads, the Defending Pokémon is now Poisoned.",F-30
83836,Bill,Bill,https://tcgplayer-cdn.tcgplayer.com/product/83836_200w.jpg,3,1374,https://cpt.tcgcsv.com/LxH,2026-02-13T14:14:16.087,1,108/110,Common,Supporter,,,,,0.13,0.37,2.47,0.42,0.43,Normal,Draw 2 cards.,,,
83836,Bill,Bill,https://tcgplayer-cdn.tcgplayer.com/product/83836_200w.jpg,3,1374,https://cpt.tcgcsv.com/LxH,2026-02-13T14:14:16.087,1,108/110,Common,Supporter,,,,,59.99,68.99,75.0,65.0,,Reverse Holofoil,Draw 2 cards.,,,
84025,Bulbasaur,Bulbasaur,https://tcgplayer-cdn.tcgplayer.com/product/84025_200w.jpg,3,1374,https://cpt.tcgcsv.com/wDH,2025-11-29T03:12:48.18,1,068/110,Common,Grass,40,Basic,"[GG] Leech Seed (20)
<br>Unless all damage from this attack is prevented, you may remove 1 damage counter from Bulbasaur.",R,1.85,2.6,3.99,3.01,,Normal,,1,,
84025,Bulbasaur,Bulbasaur,https://tcgplayer-cdn.tcgplayer.com/product/84025_200w.jpg,3,1374,https://cpt.tcgcsv.com/wDH,2025-11-29T03:12:48.18,1,068/110,Common,Grass,40,Basic,"[GG] Leech Seed (20)
<br>Unless all damage from this attack is prevented, you may remove 1 damage counter from Bulbasaur.",R,300.0,400.0,500.0,149.18,,Reverse Holofoil,,1,,
84062,Butterfree,Butterfree,https://tcgplayer-cdn.tcgplayer.com/product/84062_200w.jpg,3,1374,https://cpt.tcgcsv.com/gFH,2022-11-29T16:56:16.627,1,021/110,Rare,Grass,70,Stage 2,"[2] Whirlwind (20)
<br>
Your opponent switches the Defending Pokémon with 1 of his or her Benched Pokémon, if any.  <em>(Do the damage before switching the Pokémon.)</em>",R,3.04,4.0,12.0,5.16,,Normal,,,"[GGGG] Mega Drain (40)
<br>Remove a number of damage counters from Butterfree equal to half the damage done to the Defending Pokémon <em>(after applying Weakness and Resistance)</em> (rounded up to the nearest 10). If Butterfree has fewer damage counters than that, remove all of them.",F-30
84062,Butterfree,Butterfree,https://tcgplayer-cdn.tcgplayer.com/product/84062_200w.jpg,3,1374,https://cpt.tcgcsv.com/gFH,2022-11-29T16:56:16.627,1,021/110,Rare,Grass,70,Stage 2,"[2] Whirlwind (20)
<br>
Your opponent switches the Defending Pokémon with 1 of his or her Benched Pokémon, if any.  <em>(Do the damage before switching the Pokémon.)</em>",R,100.0,114.58,120.0,114.03,,Reverse Holofoil,,,"[GGGG] Mega Drain (40)
<br>Remove a number of damage counters from Butterfree equal to half the damage done to the Defending Pokémon <em>(after applying Weakness and Resistance)</em> (rounded up to the nearest 10). If Butterfree has fewer damage counters than that, remove all of them.",F-30
84134,Caterpie,Caterpie,https://tcgplayer-cdn.tcgplayer.com/product/84134_200w.jpg,3,1374,https://cpt.tcgcsv.com/JGH,2022-11-29T16:58:45.013,1,069/110,Common,Grass,40,Basic,"[G] String Shot (10)
<br>
Flip a coin. If heads, the Defending Pokémon is now Paralyzed.",R,0.24,0.55,3.0,0.96,,Normal,,1,,
84134,Caterpie,Caterpie,https://tcgplayer-cdn.tcgplayer.com/product/84134_200w.jpg,3,1374,https://cpt.tcgcsv.com/JGH,2022-11-29T16:58:45.013,1,069/110,Common,Grass,40,Basic,"[G] String Shot (10)
<br>
Flip a coin. If heads, the Defending Pokémon is now Paralyzed.",R,68.09,82.12,150.0,72.45,,Reverse Holofoil,,1,,
84160,Challenge!,Challenge,https://tcgplayer-cdn.tcgplayer.com/product/84160_200w.jpg,3,1374,https://cpt.tcgcsv.com/dHH,2022-11-29T17:00:02.93,1,106/110,Uncommon,Trainer,,,,,0.67,1.12,1.99,1.77,,Normal,"Ask your opponent if he or she accepts your challenge. If your opponent declines (or if both Benches are full), draw 2 cards. If your opponent accepts, each of you searches your decks for any number of Basic Pokémon cards and puts them face down onto your Benches. <em>(A player can't do this if his or her Bench is full.)</em> When you both have finished, shuffle your decks and turn those cards face up.",,,
84160,Challenge!,Challenge,https://tcgplayer-cdn.tcgplayer.com/product/84160_200w.jpg,3,1374,https://cpt.tcgcsv.com/dHH,2022-11-29T17:00:02.93,1,106/110,Uncommon,Trainer,,,,,44.46,44.73,45.0,68.14,,Reverse Holofoil,"Ask your opponent if he or she accepts your challenge. If your opponent declines (or if both Benches are full), draw 2 cards. If your opponent accepts, each of you searches your decks for any number of Basic Pokémon cards and puts them face down onto your Benches. <em>(A player can't do this if his or her Bench is full.)</em> When you both have finished, shuffle your decks and turn those cards face up.",,,
84196,Charizard,Charizard,https://tcgplayer-cdn.tcgplayer.com/product/84196_200w.jpg,3,1374,https://cpt.tcgcsv.com/XHH,2022-11-29T17:01:39.503,1,003/110,Holo Rare,Fire,120,Stage 2,"[RRRR] Fire Spin (100)
<br>Discard 2 Energy cards attached to Charizard or this attack does nothing.",W,269.14,300.0,500.0,486.99,,Holofoil,"<strong>Pokémon Power: Energy Burn</strong> As often as you like during your turn <em>(before your attack)</em>, you may turn all Energy attached to Charizard into Fire Energy for the rest of the turn. This power can't be used if Charizard is affected by a Special Condition.",3,,F-30
84196,Charizard,Charizard,https://tcgplayer-cdn.tcgplayer.com/product/84196_200w.jpg,3,1374,https://cpt.tcgcsv.com/XHH,2022-11-29T17:01:39.503,1,003/110,Holo Rare,Fire,120,Stage 2,"[RRRR] Fire Spin (100)
<br>Discard 2 Energy cards attached to Charizard or this attack does nothing.",W,1378.62,1398.62,1800.0,2100.0,,Reverse Holofoil,"<strong>Pokémon Power: Energy Burn</strong> As often as you like during your turn <em>(before your attack)</em>, you may turn all Energy attached to Charizard into Fire Energy for the rest of the turn. This power can't be used if Charizard is affected by a Special Condition.",3,,F-30
84205,Charmander,Charmander,https://tcgplayer-cdn.tcgplayer.com/product/84205_200w.jpg,3,1374,https://cpt.tcgcsv.com/7JH,2023-02-25T13:39:49.55,1,070/110,Common,Fire,50,Basic,[1] Scratch (10),W,0.4,0.95,4.25,1.34,0.79,Normal,,1,"[1R] Ember (30)
<br>Discard 1 Fire Energy card attached to Charmander or this attack does nothing.",
84205,Charmander,Charmander,https://tcgplayer-cdn.tcgplayer.com/product/84205_200w.jpg,3,1374,https://cpt.tcgcsv.com/7JH,2023-02-25T13:39:49.55,1,070/110,Common,Fire,50,Basic,[1] Scratch (10),W,400.0,629.01,650.0,175.41,,Reverse Holofoil,,1,"[1R] Ember (30)
<br>Discard 1 Fire Energy card attached to Charmander or this attack does nothing.",
84223,Charmeleon,Charmeleon,https://tcgplayer-cdn.tcgplayer.com/product/84223_200w.jpg,3,1374,https://cpt.tcgcsv.com/tJH,2023-03-03T06:07:54.237,1,037/110,Uncommon,Fire,80,Stage 1,[3] Slash (30),W,0.49,1.15,3.57,1.56,,Normal,,1,"[1RR] Flamethrower (50)
<br>Discard 1 Fire Energy card attached to Charmeleon or this attack does nothing.",
84223,Charmeleon,Charmeleon,https://tcgplayer-cdn.tcgplayer.com/product/84223_200w.jpg,3,1374,https://cpt.tcgcsv.com/tJH,2023-03-03T06:07:54.237,1,037/110,Uncommon,Fire,80,Stage 1,[3] Slash (30),W,200.0,240.0,280.0,105.5,,Reverse Holofoil,,1,"[1RR] Flamethrower (50)
<br>Discard 1 Fire Energy card attached to Charmeleon or this attack does nothing.",
84569,Dark Blastoise,Dark Blastoise,https://tcgplayer-cdn.tcgplayer.com/product/84569_200w.jpg,3,1374,https://cpt.tcgcsv.com/pRH,2022-11-29T17:09:57.313,1,004/110,Holo Rare,Water,70,Stage 2,"[WW] Hydrocannon (30+)
<br>Does 30 damage plus 20 more damage for each Water Energy attached to Dark Blastoise but not used to pay for this attack. You can't add more than 40 damage in this way.",L,70.0,95.22,131.54,153.25,,Holofoil,,2,"[2W] Rocket Tackle (40)
<br>Dark Blastoise does 10 damage to itself. Flip a coin. If heads, prevent all damage done to Dark Blastoise during your opponent's next turn. <em>(Any other effects of attacks still happen.)</em>",
84569,Dark Blastoise,Dark Blastoise,https://tcgplayer-cdn.tcgplayer.com/product/84569_200w.jpg,3,1374,https://cpt.tcgcsv.com/pRH,2022-11-29T17:09:57.313,1,004/110,Holo Rare,Water,70,Stage 2,"[WW] Hydrocannon (30+)
<br>Does 30 damage plus 20 more damage for each Water Energy attached to Dark Blastoise but not used to pay for this attack. You can't add more than 40 damage in this way.",L,382.0,382.0,382.0,599.95,,Reverse Holofoil,,2,"[2W] Rocket Tackle (40)
<br>Dark Blastoise does 10 damage to itself. Flip a coin. If heads, prevent all damage done to Dark Blastoise during your opponent's next turn. <em>(Any other effects of attacks still happen.)</em>",
84581,Dark Dragonair,Dark Dragonair,https://tcgplayer-cdn.tcgplayer.com/product/84581_200w.jpg,3,1374,https://cpt.tcgcsv.com/FRH,2025-11-24T21:44:27.847,1,038/110,Uncommon,Colorless,60,Stage 1,"[3] Tail Strike (20+)
<br>Flip a coin. If heads, this attack does 20 damage plus 20 more damage; if tails, this attack does 20 damage.",,1.5,2.77,5.19,4.08,,Normal,"<strong>Pokémon Power: Evolutionary Light</strong> Once during your turn <em>(before your attack)</em>, you may search your deck for an Evolution card. Show it to your opponent and put it into your hand. Shuffle your deck afterward. This power can't be used if Dark Dragonair is affected by a Special Condition.",2,,P-30
84581,Dark Dragonair,Dark Dragonair,https://tcgplayer-cdn.tcgplayer.com/product/84581_200w.jpg,3,1374,https://cpt.tcgcsv.com/FRH,2025-11-24T21:44:27.847,1,038/110,Uncommon,Colorless,60,Stage 1,"[3] Tail Strike (20+)
<br>Flip a coin. If heads, this attack does 20 damage plus 20 more damage; if tails, this attack does 20 damage.",,300.0,350.0,400.0,395.01,,Reverse Holofoil,"<strong>Pokémon Power: Evolutionary Light</strong> Once during your turn <em>(before your attack)</em>, you may search your deck for an Evolution card. Show it to your opponent and put it into your hand. Shuffle your deck afterward. This power can't be used if Dark Dragonair is affected by a Special Condition.",2,,P-30
84585,Dark Dragonite,Dark Dragonite,https://tcgplayer-cdn.tcgplayer.com/product/84585_200w.jpg,3,1374,https://cpt.tcgcsv.com/KRH,2022-11-29T17:16:57.483,1,005/110,Holo Rare,Colorless,70,Stage 2,"[4] Giant Tail (70)
<br>Flip a coin. If tails, this attack does nothing.",,140.0,179.44,250.0,188.89,169.99,Holofoil,"<strong>Pokémon Power: Summon Minions</strong> When you play Dark Dragonite from your hand, search your deck for up to 2 Basic Pokémon and put them onto your Bench. Shuffle your deck afterward.",2,,F-30
84585,Dark Dragonite,Dark Dragonite,https://tcgplayer-cdn.tcgplayer.com/product/84585_200w.jpg,3,1374,https://cpt.tcgcsv.com/KRH,2022-11-29T17:16:57.483,1,005/110,Holo Rare,Colorless,70,Stage 2,"[4] Giant Tail (70)
<br>Flip a coin. If tails, this attack does nothing.",,650.0,650.0,650.0,498.33,,Reverse Holofoil,"<strong>Pokémon Power: Summon Minions</strong> When you play Dark Dragonite from your hand, search your deck for up to 2 Basic Pokémon and put them onto your Bench. Shuffle your deck afterward.",2,,F-30
84637,Dark Persian,Dark Persian,https://tcgplayer-cdn.tcgplayer.com/product/84637_200w.jpg,3,1374,https://cpt.tcgcsv.com/MSH,2022-11-29T17:18:03.767,1,006/110,Holo Rare,Colorless,60,Stage 1,"[1] Fascinate
<br>Flip a coin. If heads, choose 1 of your opponent's Benched Pokémon and switch it with the Defending Pokémon. This attack can't be used if your opponent has no Benched Pokémon.",F,23.0,34.96,39.98,33.27,,Holofoil,,,"[2] Poison Claws (10)
<br>Flip a coin. If heads, the Defending Pokémon is now Poisoned.",P-30
84637,Dark Persian,Dark Persian,https://tcgplayer-cdn.tcgplayer.com/product/84637_200w.jpg,3,1374,https://cpt.tcgcsv.com/MSH,2022-11-29T17:18:03.767,1,006/110,Holo Rare,Colorless,60,Stage 1,"[1] Fascinate
<br>Flip a coin. If heads, choose 1 of your opponent's Benched Pokémon and switch it with the Defending Pokémon. This attack can't be used if your opponent has no Benched Pokémon.",F,52.0,62.72,250.0,129.99,,Reverse Holofoil,,,"[2] Poison Claws (10)
<br>Flip a coin. If heads, the Defending Pokémon is now Poisoned.",P-30
84646,Dark Raichu,Dark Raichu,https://tcgplayer-cdn.tcgplayer.com/product/84646_200w.jpg,3,1374,https://cpt.tcgcsv.com/XSH,2022-11-29T17:19:31.907,1,007/110,Holo Rare,Lightning,70,Stage 1,"[LLL] Surprise Thunder (30)
<br>Flip a coin. If heads, flip another coin. If the second coin is heads, this attack does 20 damage to each of your opponent's Benched Pokémon. If the second coin is tails, this attack does 10 damage to each of your opponent's Benched Pokémon. <em>(Don't apply Weakness and Resistance for Benched Pokémon.)</em>",F,33.6,58.43,73.19,57.71,,Holofoil,,1,,
84646,Dark Raichu,Dark Raichu,https://tcgplayer-cdn.tcgplayer.com/product/84646_200w.jpg,3,1374,https://cpt.tcgcsv.com/XSH,2022-11-29T17:19:31.907,1,007/110,Holo Rare,Lightning,70,Stage 1,"[LLL] Surprise Thunder (30)
<br>Flip a coin. If heads, flip another coin. If the second coin is heads, this attack does 20 damage to each of your opponent's Benched Pokémon. If the second coin is tails, this attack does 10 damage to each of your opponent's Benched Pokémon. <em>(Don't apply Weakness and Resistance for Benched Pokémon.)</em>",F,299.99,301.45,309.43,299.99,,Reverse Holofoil,,1,,
84653,Dark Slowbro,Dark Slowbro,https://tcgplayer-cdn.tcgplayer.com/product/84653_200w.jpg,3,1374,https://cpt.tcgcsv.com/5TH,2022-11-29T17:20:51.68,1,008/110,Holo Rare,Psychic,60,Stage 1,"[PP] Fickle Attack (40)
<br>Flip a coin. If tails, this attack does nothing.",P,26.0,39.99,42.0,35.33,,Holofoil,"<strong>Pokémon Power: Reel In</strong> When you play Dark Slowbrow from your hand, choose up to 3 Basic Pokémon and/or Evolution cards from your discard pile and put them into your hand.",2,,
84653,Dark Slowbro,Dark Slowbro,https://tcgplayer-cdn.tcgplayer.com/product/84653_200w.jpg,3,1374,https://cpt.tcgcsv.com/5TH,2022-11-29T17:20:51.68,1,008/110,Holo Rare,Psychic,60,Stage 1,"[PP] Fickle Attack (40)
<br>Flip a coin. If tails, this attack does nothing.",P,190.0,195.0,199.99,124.59,,Reverse Holofoil,"<strong>Pokémon Power: Reel In</strong> When you play Dark Slowbrow from your hand, choose up to 3 Basic Pokémon and/or Evolution cards from your discard pile and put them into your hand.",2,,
84664,Dark Vaporeon,Dark Vaporeon,https://tcgplayer-cdn.tcgplayer.com/product/84664_200w.jpg,3,1374,https://cpt.tcgcsv.com/jTH,2022-11-29T17:24:35.79,1,009/110,Holo Rare,Water,60,Stage 1,[3] Bite (30),L,183.69,204.7,279.99,104.41,,Holofoil,,1,"[1WW] Whirlpool (20)
<br>If the Defending Pokémon has any Energy cards attached to it, choose 1 of them and discard it.",
84664,Dark Vaporeon,Dark Vaporeon,https://tcgplayer-cdn.tcgplayer.com/product/84664_200w.jpg,3,1374,https://cpt.tcgcsv.com/jTH,2022-11-29T17:24:35.79,1,009/110,Holo Rare,Water,60,Stage 1,[3] Bite (30),L,175.0,250.0,320.0,212.0,,Reverse Holofoil,,1,"[1WW] Whirlpool (20)
<br>If the Defending Pokémon has any Energy cards attached to it, choose 1 of them and discard it.",
84669,Dark Wartortle,Dark Wartortle,https://tcgplayer-cdn.tcgplayer.com/product/84669_200w.jpg,3,1374,https://cpt.tcgcsv.com/pTH,2025-11-24T21:44:49.23,1,039/110,Uncommon,Water,60,Stage 1,"[W] Doubleslap (10x)
<br>Flip 2 coins. This attack does 10 damage times the number of heads.",L,0.95,1.68,5.0,2.55,,Normal,,1,"[1W] Mirror Shell
<br>If an attack does damage to Dark Wartortle during your opponent's next turn <em>(even if Dark Wartortle is Knocked Out)</em>, Dark Wartortle does an equal amount of damage to the Defending Pokémon.",
84669,Dark Wartortle,Dark Wartortle,https://tcgplayer-cdn.tcgplayer.com/product/84669_200w.jpg,3,1374,https://cpt.tcgcsv.com/pTH,2025-11-24T21:44:49.23,1,039/110,Uncommon,Water,60,Stage 1,"[W] Doubleslap (10x)
<br>Flip 2 coins. This attack does 10 damage times the number of heads.",L,187.75,188.74,250.0,190.0,,Reverse Holofoil,,1,"[1W] Mirror Shell
<br>If an attack does damage to Dark Wartortle during your opponent's next turn <em>(even if Dark Wartortle is Knocked Out)</em>, Dark Wartortle does an equal amount of damage to the Defending Pokémon.",
84788,Dewgong,Dewgong,https://tcgplayer-cdn.tcgplayer.com/product/84788_200w.jpg,3,1374,https://cpt.tcgcsv.com/NWH,2022-11-29T18:13:09.943,1,040/110,Uncommon,Water,80,Stage 1,[1WW] Aurora Beam (50),L,0.75,1.64,5.0,1.67,,Normal,,3,"[2WW] Ice Beam (30)
<br>Flip a coin. If heads, the Defending Pokémon is now Paralyzed.",
84788,Dewgong,Dewgong,https://tcgplayer-cdn.tcgplayer.com/product/84788_200w.jpg,3,1374,https://cpt.tcgcsv.com/NWH,2022-11-29T18:13:09.943,1,040/110,Uncommon,Water,80,Stage 1,[1WW] Aurora Beam (50),L,26.31,48.0,59.99,74.95,,Reverse Holofoil,,3,"[2WW] Ice Beam (30)
<br>Flip a coin. If heads, the Defending Pokémon is now Paralyzed.",
84847,Dodrio,Dodrio,https://tcgplayer-cdn.tcgplayer.com/product/84847_200w.jpg,3,1374,https://cpt.tcgcsv.com/ZXH,2022-11-29T18:14:18.373,1,041/110,Uncommon,Colorless,70,Stage 1,"[3] Rage (10+)
<br>Does 10 damage plus 10 more damage for each damage counter on Dodrio.",L,0.78,1.26,2.7,1.26,,Normal,"<strong>Pokémon Power: Retreat Aid</strong> As long as Dodrio is Benched, pay 1 Colorless less to retreat your Active Pokémon.",,,F-30
84847,Dodrio,Dodrio,https://tcgplayer-cdn.tcgplayer.com/product/84847_200w.jpg,3,1374,https://cpt.tcgcsv.com/ZXH,2022-11-29T18:14:18.373,1,041/110,Uncommon,Colorless,70,Stage 1,"[3] Rage (10+)
<br>Does 10 damage plus 10 more damage for each damage counter on Dodrio.",L,59.99,68.5,94.1,72.1,,Reverse Holofoil,"<strong>Pokémon Power: Retreat Aid</strong> As long as Dodrio is Benched, pay 1 Colorless less to retreat your Active Pokémon.",,,F-30
84858,Doduo,Doduo,https://tcgplayer-cdn.tcgplayer.com/product/84858_200w.jpg,3,1374,https://cpt.tcgcsv.com/bZH,2022-11-29T18:15:47.793,1,071/110,Common,Colorless,50,Basic,"[1] Fury Attack (10x)
<br>Flip 2 coins. This attack does 10 damage times the number of heads.",L,0.29,0.64,3.0,0.66,,Normal,,,,F-30
84930,Dratini,Dratini,https://tcgplayer-cdn.tcgplayer.com/product/84930_200w.jpg,3,1374,https://cpt.tcgcsv.com/D-H,2022-11-29T18:16:30.853,1,072/110,Common,Colorless,40,Basic,[1] Pound (10),,0.24,0.76,3.99,0.99,,Normal,,1,,P-30
84970,Drowzee,Drowzee,https://tcgplayer-cdn.tcgplayer.com/product/84970_200w.jpg,3,1374,https://cpt.tcgcsv.com/q_H,2023-01-03T19:13:21.087,1,073/110,Common,Psychic,50,Basic,"[1P] Nightmare (10)
<br>The Defending Pokémon is now Asleep.",P,0.25,0.6,3.0,0.65,,Normal,"<strong>Pokémon Power: Long-Distance Hypnosis</strong>
<br>
Not popular with girls because of its attitude. Can often be heard muttering to itself in a low voice.  LV. 10  #96</em>",1,,
84970,Drowzee,Drowzee,https://tcgplayer-cdn.tcgplayer.com/product/84970_200w.jpg,3,1374,https://cpt.tcgcsv.com/q_H,2023-01-03T19:13:21.087,1,073/110,Common,Psychic,50,Basic,"[1P] Nightmare (10)
<br>The Defending Pokémon is now Asleep.",P,63.99,70.98,249.99,55.85,,Reverse Holofoil,"<strong>Pokémon Power: Long-Distance Hypnosis</strong>
<br>
Not popular with girls because of its attitude. Can often be heard muttering to itself in a low voice.  LV. 10  #96</em>",1,,
85079,Eevee,Eevee,https://tcgplayer-cdn.tcgplayer.com/product/85079_200w.jpg,3,1374,https://cpt.tcgcsv.com/C2J,2022-11-29T18:19:33.607,1,074/110,Common,Colorless,50,Basic,"[1] Tail Wag
<br>Flip a coin. If heads, the Defending Pokémon can't attack Eevee during your opponent's next turn. <em>(Benching either Pokémon ends this effect.)</em",F,1.71,2.99,4.85,3.47,,Normal,,1,"[2] Quick Attack (10+)
<br>Flip a coin. If heads, this attack does 10 damage plus 20 more damage; if tails, this attack does 10 damage.",P-30
85079,Eevee,Eevee,https://tcgplayer-cdn.tcgplayer.com/product/85079_200w.jpg,3,1374,https://cpt.tcgcsv.com/C2J,2022-11-29T18:19:33.607,1,074/110,Common,Colorless,50,Basic,"[1] Tail Wag
<br>Flip a coin. If heads, the Defending Pokémon can't attack Eevee during your opponent's next turn. <em>(Benching either Pokémon ends this effect.)</em",F,299.99,354.98,425.0,499.99,,Reverse Holofoil,,1,"[2] Quick Attack (10+)
<br>Flip a coin. If heads, this attack does 10 damage plus 20 more damage; if tails, this attack does 10 damage.",P-30
85151,Electrode,Electrode,https://tcgplayer-cdn.tcgplayer.com/product/85151_200w.jpg,3,1374,https://cpt.tcgcsv.com/25J,2022-11-29T18:22:50.96,1,022/110,Rare,Lightning,90,Stage 1,[2] Tackle (20),F,1.85,2.99,5.97,3.21,,Normal,,1,"[LLL] Chain Lightning (20)
<br>If the Defending Pokémon isn't Colorless, this attack does 10 damage to each Benched Pokémon of the same type as the Defending Pokémon <em>(including your own)</em>. <em>(Don't apply Weakness and Resistance for Benched Pokémon.)</em>",
85151,Electrode,Electrode,https://tcgplayer-cdn.tcgplayer.com/product/85151_200w.jpg,3,1374,https://cpt.tcgcsv.com/25J,2022-11-29T18:22:50.96,1,022/110,Rare,Lightning,90,Stage 1,[2] Tackle (20),F,74.99,77.24,89.99,61.36,,Reverse Holofoil,,1,"[LLL] Chain Lightning (20)
<br>If the Defending Pokémon isn't Colorless, this attack does 10 damage to each Benched Pokémon of the same type as the Defending Pokémon <em>(including your own)</em>. <em>(Don't apply Weakness and Resistance for Benched Pokémon.)</em>",
85233,Energy Retrieval,Energy Retrieval,https://tcgplayer-cdn.tcgplayer.com/product/85233_200w.jpg,3,1374,https://cpt.tcgcsv.com/H6J,2023-05-07T17:25:08.393,1,107/110,Uncommon,Item,,,,,0.2,0.45,3.0,0.58,,Normal,Trade 1 of the other cards in your hand for up to 2 basic Energy cards from your discard pile.,,,
85233,Energy Retrieval,Energy Retrieval,https://tcgplayer-cdn.tcgplayer.com/product/85233_200w.jpg,3,1374,https://cpt.tcgcsv.com/H6J,2023-05-07T17:25:08.393,1,107/110,Uncommon,Item,,,,,80.0,109.99,114.97,99.0,,Reverse Holofoil,Trade 1 of the other cards in your hand for up to 2 basic Energy cards from your discard pile.,,,
85343,Exeggcute,Exeggcute,https://tcgplayer-cdn.tcgplayer.com/product/85343_200w.jpg,3,1374,https://cpt.tcgcsv.com/T8J,2023-02-03T20:23:33.08,1,075/110,Common,Grass,50,Basic,"[P] Hypnosis
<br>
The Defending Pokémon is now Asleep.",R,0.21,0.5,3.0,0.52,,Normal,,1,"[GG] Leech Seed (20)
<br>Unless all damage from this attack is prevented, you may remove 1 damage counter from Exeggcute.",
85343,Exeggcute,Exeggcute,https://tcgplayer-cdn.tcgplayer.com/product/85343_200w.jpg,3,1374,https://cpt.tcgcsv.com/T8J,2023-02-03T20:23:33.08,1,075/110,Common,Grass,50,Basic,"[P] Hypnosis
<br>
The Defending Pokémon is now Asleep.",R,43.64,58.91,99.99,99.99,,Reverse Holofoil,,1,"[GG] Leech Seed (20)
<br>Unless all damage from this attack is prevented, you may remove 1 damage counter from Exeggcute.",
85357,Exeggutor,Exeggutor,https://tcgplayer-cdn.tcgplayer.com/product/85357_200w.jpg,3,1374,https://cpt.tcgcsv.com/99J,2022-11-29T18:26:24.623,1,023/110,Rare,Grass,80,Stage 1,"[P] Teleport
<br>Switch Exeggutor with 1 of your Benched Pokémon.",R,3.0,3.99,8.0,3.96,,Normal,,3,"[1] Big Eggsplosion (20x)
<br>Flip a number of coins equal to the number of Energy attached to Exeggutor. This attack does 20 damage times the number of heads.",
85357,Exeggutor,Exeggutor,https://tcgplayer-cdn.tcgplayer.com/product/85357_200w.jpg,3,1374,https://cpt.tcgcsv.com/99J,2022-11-29T18:26:24.623,1,023/110,Rare,Grass,80,Stage 1,"[P] Teleport
<br>Switch Exeggutor with 1 of your Benched Pokémon.",R,69.94,73.66,74.98,99.0,,Reverse Holofoil,,3,"[1] Big Eggsplosion (20x)
<br>Flip a number of coins equal to the number of Energy attached to Exeggutor. This attack does 20 damage times the number of heads.",
85395,Fearow,Fearow,https://tcgplayer-cdn.tcgplayer.com/product/85395_200w.jpg,3,1374,https://cpt.tcgcsv.com/W9J,2022-11-29T18:29:15.933,1,042/110,Uncommon,Colorless,70,Stage 1,"[3] Agility (20)
<br>Flip a coin. If heads, during your opponent's next turn, prevent all effects of attacks, including damage, done to Fearow.",L,0.39,1.75,2.99,1.9,,Normal,,,[4] Drill Peck (40),F-30
85395,Fearow,Fearow,https://tcgplayer-cdn.tcgplayer.com/product/85395_200w.jpg,3,1374,https://cpt.tcgcsv.com/W9J,2022-11-29T18:29:15.933,1,042/110,Uncommon,Colorless,70,Stage 1,"[3] Agility (20)
<br>Flip a coin. If heads, during your opponent's next turn, prevent all effects of attacks, including damage, done to Fearow.",L,65.0,99.99,100.0,51.02,,Reverse Holofoil,,,[4] Drill Peck (40),F-30
85492,Flareon,Flareon,https://tcgplayer-cdn.tcgplayer.com/product/85492_200w.jpg,3,1374,https://cpt.tcgcsv.com/ScJ,2022-11-29T18:31:00.05,1,010/110,Holo Rare,Fire,70,Stage 1,"[2] Quick Attack (10+)
<br>Flip a coin. If heads, this attack does 10 damage plus 20 more damage; if tails, this attack does 10 damage.",W,42.0,84.24,99.99,73.89,55.0,Holofoil,,1,"[2RR] Flamethrower (60)
<br>Discard 1 Fire Energy card attached to Flareon or this attack does nothing.",
85492,Flareon,Flareon,https://tcgplayer-cdn.tcgplayer.com/product/85492_200w.jpg,3,1374,https://cpt.tcgcsv.com/ScJ,2022-11-29T18:31:00.05,1,010/110,Holo Rare,Fire,70,Stage 1,"[2] Quick Attack (10+)
<br>Flip a coin. If heads, this attack does 10 damage plus 20 more damage; if tails, this attack does 10 damage.",W,249.99,425.0,499.99,142.54,,Reverse Holofoil,,1,"[2RR] Flamethrower (60)
<br>Discard 1 Fire Energy card attached to Flareon or this attack does nothing.",
85585,Full Heal Energy,Full Heal Energy,https://tcgplayer-cdn.tcgplayer.com/product/85585_200w.jpg,3,1374,https://cpt.tcgcsv.com/KfJ,2022-11-29T18:31:40.58,1,100/110,Uncommon,Special Energy,,,,,0.28,1.17,3.0,1.06,,Normal,"If you play this card from your hand, the Pokémon you attach it to is no longer affected by a Special Condition. Full Heal Energy provides Colorless energy. <em>(Doesn't count as a basic Energy card.)</em>",,,
85585,Full Heal Energy,Full Heal Energy,https://tcgplayer-cdn.tcgplayer.com/product/85585_200w.jpg,3,1374,https://cpt.tcgcsv.com/KfJ,2022-11-29T18:31:40.58,1,100/110,Uncommon,Special Energy,,,,,29.2,31.56,49.99,31.67,,Reverse Holofoil,"If you play this card from your hand, the Pokémon you attach it to is no longer affected by a Special Condition. Full Heal Energy provides Colorless energy. <em>(Doesn't count as a basic Energy card.)</em>",,,
85648,Gastly,Gastly,https://tcgplayer-cdn.tcgplayer.com/product/85648_200w.jpg,3,1374,https://cpt.tcgcsv.com/-gJ,2022-11-29T18:33:02.713,1,076/110,Common,Psychic,50,Basic,"[P] Lick (10)
<br>Flip a coin. If heads, the Defending Pokémon is now Paralyzed.",,0.36,0.92,2.99,0.93,,Normal,,,"[PP] Energy Conversion
<br>Put up to 2 Energy cards from your discard pile into your hand. Gastly does 10 damage to itself.",F-30
85648,Gastly,Gastly,https://tcgplayer-cdn.tcgplayer.com/product/85648_200w.jpg,3,1374,https://cpt.tcgcsv.com/-gJ,2022-11-29T18:33:02.713,1,076/110,Common,Psychic,50,Basic,"[P] Lick (10)
<br>Flip a coin. If heads, the Defending Pokémon is now Paralyzed.",,99.99,160.0,220.0,115.0,,Reverse Holofoil,,,"[PP] Energy Conversion
<br>Put up to 2 Energy cards from your discard pile into your hand. Gastly does 10 damage to itself.",F-30
85670,Gengar,Gengar,https://tcgplayer-cdn.tcgplayer.com/product/85670_200w.jpg,3,1374,https://cpt.tcgcsv.com/qhJ,2022-11-29T18:35:12.81,1,011/110,Holo Rare,Psychic,80,Stage 2,"[PPP] Dark Mind (30)
<br>If your opponent has any Benched Pokémon, choose 1 of them and this attack does 10 damage to it. <em>(Don't apply Weakness and Resistance for Benched Pokémon.)</em>",,70.67,112.04,145.64,144.93,,Holofoil,"<strong>Pokémon Power: Curse</strong> Once during your turn <em>(before your attack)</em>, you may move 1 damage counter from 1 of your opponent's Pokémon to another <em>(even if it would Knock Out the other Pokémon)</em>. This power can't be used if Gengar is affected by a Special Condition.",1,,F-30
85670,Gengar,Gengar,https://tcgplayer-cdn.tcgplayer.com/product/85670_200w.jpg,3,1374,https://cpt.tcgcsv.com/qhJ,2022-11-29T18:35:12.81,1,011/110,Holo Rare,Psychic,80,Stage 2,"[PPP] Dark Mind (30)
<br>If your opponent has any Benched Pokémon, choose 1 of them and this attack does 10 damage to it. <em>(Don't apply Weakness and Resistance for Benched Pokémon.)</em>",,2999.99,2999.99,2999.99,447.41,,Reverse Holofoil,"<strong>Pokémon Power: Curse</strong> Once during your turn <em>(before your attack)</em>, you may move 1 damage counter from 1 of your opponent's Pokémon to another <em>(even if it would Knock Out the other Pokémon)</em>. This power can't be used if Gengar is affected by a Special Condition.",1,,F-30
85685,Geodude,Geodude,https://tcgplayer-cdn.tcgplayer.com/product/85685_200w.jpg,3,1374,https://cpt.tcgcsv.com/KhJ,2023-07-14T12:13:29.883,1,077/110,Common,Fighting,50,Basic,"[1F] Stone Barrage (10x)
<br>Flip a coin until you get tails. This attack does 10 damage times the number of heads.",G,0.2,0.6,9.99,0.68,0.97,Normal,,1,,
85685,Geodude,Geodude,https://tcgplayer-cdn.tcgplayer.com/product/85685_200w.jpg,3,1374,https://cpt.tcgcsv.com/KhJ,2023-07-14T12:13:29.883,1,077/110,Common,Fighting,50,Basic,"[1F] Stone Barrage (10x)
<br>Flip a coin until you get tails. This attack does 10 damage times the number of heads.",G,69.0,69.98,94.99,80.0,,Reverse Holofoil,,1,,
85812,Golduck,Golduck,https://tcgplayer-cdn.tcgplayer.com/product/85812_200w.jpg,3,1374,https://cpt.tcgcsv.com/glJ,2025-11-24T21:45:07.783,1,043/110,Uncommon,Water,70,Stage 1,"[P] Psyshock (10)
<br>Flip a coin. If heads, the Defending Pokémon is now Paralyzed.",L,1.0,2.22,96.95,2.21,96.95,Normal,,1,"[1WW] Hyper Beam (20)
<br>If the Defending Pokémon has any Energy cards attached to it, choose 1 of them and discard it.",
85812,Golduck,Golduck,https://tcgplayer-cdn.tcgplayer.com/product/85812_200w.jpg,3,1374,https://cpt.tcgcsv.com/glJ,2025-11-24T21:45:07.783,1,043/110,Uncommon,Water,70,Stage 1,"[P] Psyshock (10)
<br>Flip a coin. If heads, the Defending Pokémon is now Paralyzed.",L,94.0,286.89,300.0,99.95,,Reverse Holofoil,,1,"[1WW] Hyper Beam (20)
<br>If the Defending Pokémon has any Energy cards attached to it, choose 1 of them and discard it.",
85822,Golem,Golem,https://tcgplayer-cdn.tcgplayer.com/product/85822_200w.jpg,3,1374,https://cpt.tcgcsv.com/slJ,2022-11-29T18:39:10.17,1,024/110,Rare,Fighting,80,Stage 2,[1FFF] Avalanche (60),G,2.29,3.81,5.0,3.63,,Normal,,4,"[FFFF] Selfdestruct (100)
<br>Does 20 damage to each Pokémon on each player's Bench. <em>(Don't apply Weakness and Resistance for Benched Pokémon.)</em> Golem does 100 damage to itself.",
85822,Golem,Golem,https://tcgplayer-cdn.tcgplayer.com/product/85822_200w.jpg,3,1374,https://cpt.tcgcsv.com/slJ,2022-11-29T18:39:10.17,1,024/110,Rare,Fighting,80,Stage 2,[1FFF] Avalanche (60),G,80.0,82.5,85.0,89.95,,Reverse Holofoil,,4,"[FFFF] Selfdestruct (100)
<br>Does 20 damage to each Pokémon on each player's Bench. <em>(Don't apply Weakness and Resistance for Benched Pokémon.)</em> Golem does 100 damage to itself.",
85887,Graveler,Graveler,https://tcgplayer-cdn.tcgplayer.com/product/85887_200w.jpg,3,1374,https://cpt.tcgcsv.com/MmJ,2022-11-29T18:42:14.523,1,044/110,Uncommon,Fighting,60,Stage 1,"[FF] Harden
<br>During your opponent's next turn, whenever 30 or less damage is done to Graveler <em>(after applying Weakness and Resistance)</em>, prevent that damage. <em>(Any other effects of attacks still happen.)</em>",G,0.5,1.35,3.49,1.35,,Normal,,2,[1FF] Rock Throw (40),
85887,Graveler,Graveler,https://tcgplayer-cdn.tcgplayer.com/product/85887_200w.jpg,3,1374,https://cpt.tcgcsv.com/MmJ,2022-11-29T18:42:14.523,1,044/110,Uncommon,Fighting,60,Stage 1,"[FF] Harden
<br>During your opponent's next turn, whenever 30 or less damage is done to Graveler <em>(after applying Weakness and Resistance)</em>, prevent that damage. <em>(Any other effects of attacks still happen.)</em>",G,65.0,114.99,159.99,99.98,,Reverse Holofoil,,2,[1FF] Rock Throw (40),
85906,Grimer,Grimer,https://tcgplayer-cdn.tcgplayer.com/product/85906_200w.jpg,3,1374,https://cpt.tcgcsv.com/8nJ,2022-12-05T11:58:27.507,1,078/110,Common,Grass,50,Basic,"[1] Nasty Goo (10)
<br>Flip a coin. If heads, the Defending Pokémon is now Paralyzed.",P,0.24,0.5,3.0,0.54,,Normal,,1,"[G] Minimize
<br>All damage done by attacks to Grimer during your opponent's next turn is reduced by 20 <em>(after applying Weakness and Resistance)</em>.",
85906,Grimer,Grimer,https://tcgplayer-cdn.tcgplayer.com/product/85906_200w.jpg,3,1374,https://cpt.tcgcsv.com/8nJ,2022-12-05T11:58:27.507,1,078/110,Common,Grass,50,Basic,"[1] Nasty Goo (10)
<br>Flip a coin. If heads, the Defending Pokémon is now Paralyzed.",P,75.0,75.0,75.0,62.75,,Reverse Holofoil,,1,"[G] Minimize
<br>All damage done by attacks to Grimer during your opponent's next turn is reduced by 20 <em>(after applying Weakness and Resistance)</em>.",
85948,Growlithe,Growlithe,https://tcgplayer-cdn.tcgplayer.com/product/85948_200w.jpg,3,1374,https://cpt.tcgcsv.com/-nJ,2023-08-26T19:25:48.38,1,045/110,Uncommon,Fire,60,Basic,[1R] Flare (20),W,1.8,2.04,3.38,2.62,,Normal,,1,,
85948,Growlithe,Growlithe,https://tcgplayer-cdn.tcgplayer.com/product/85948_200w.jpg,3,1374,https://cpt.tcgcsv.com/-nJ,2023-08-26T19:25:48.38,1,045/110,Uncommon,Fire,60,Basic,[1R] Flare (20),W,70.0,90.0,139.99,124.0,,Reverse Holofoil,,1,,
85989,Gyarados,Gyarados,https://tcgplayer-cdn.tcgplayer.com/product/85989_200w.jpg,3,1374,https://cpt.tcgcsv.com/PpJ,2022-11-29T18:48:42.66,1,012/110,Holo Rare,Water,100,Stage 1,[WWW] Dragon Rage (50),G,28.94,47.71,55.0,44.5,,Holofoil,,3,"[WWWW] Bubblebeam (40)
<br>Flip a coin. If heads, defender is now Paralyzed.",F-30
85989,Gyarados,Gyarados,https://tcgplayer-cdn.tcgplayer.com/product/85989_200w.jpg,3,1374,https://cpt.tcgcsv.com/PpJ,2022-11-29T18:48:42.66,1,012/110,Holo Rare,Water,100,Stage 1,[WWW] Dragon Rage (50),G,199.99,199.99,199.99,193.82,,Reverse Holofoil,,3,"[WWWW] Bubblebeam (40)
<br>Flip a coin. If heads, defender is now Paralyzed.",F-30
86022,Haunter,Haunter,https://tcgplayer-cdn.tcgplayer.com/product/86022_200w.jpg,3,1374,https://cpt.tcgcsv.com/sqJ,2022-11-29T18:51:44.543,1,046/110,Uncommon,Psychic,50,Stage 1,"[1P] Nightmare (10)
<br>The Defending Pokémon is now Asleep.",,2.0,2.95,4.75,3.54,,Normal,"<strong>Pokémon Power: Transparency</strong> Whenever an attack does anything to Haunter, flip a coin. If heads, prevent all effects of that attack, including damage, done to Haunter. This power stops working while Haunter is affected by a Special Condition.",,,F-30
86022,Haunter,Haunter,https://tcgplayer-cdn.tcgplayer.com/product/86022_200w.jpg,3,1374,https://cpt.tcgcsv.com/sqJ,2022-11-29T18:51:44.543,1,046/110,Uncommon,Psychic,50,Stage 1,"[1P] Nightmare (10)
<br>The Defending Pokémon is now Asleep.",,129.99,240.0,350.0,160.2,,Reverse Holofoil,"<strong>Pokémon Power: Transparency</strong> Whenever an attack does anything to Haunter, flip a coin. If heads, prevent all effects of that attack, including damage, done to Haunter. This power stops working while Haunter is affected by a Special Condition.",,,F-30
86101,Hitmonlee,Hitmonlee,https://tcgplayer-cdn.tcgplayer.com/product/86101_200w.jpg,3,1374,https://cpt.tcgcsv.com/2sJ,2026-02-28T01:41:40.26,1,013/110,Holo Rare,Fighting,60,Basic,"[FF] Stretch Kick
<br>If your opponent has any Benched Pokémon, choose 1 of them and this attack does 20 damage to it. <em>(Don't apply Weakness and Resistance for Benched Pokémon.)</em>",P,23.5,24.51,36.72,32.14,,Holofoil,,1,[FFF] High Jump Kick (50),
86101,Hitmonlee,Hitmonlee,https://tcgplayer-cdn.tcgplayer.com/product/86101_200w.jpg,3,1374,https://cpt.tcgcsv.com/2sJ,2026-02-28T01:41:40.26,1,013/110,Holo Rare,Fighting,60,Basic,"[FF] Stretch Kick
<br>If your opponent has any Benched Pokémon, choose 1 of them and this attack does 20 damage to it. <em>(Don't apply Weakness and Resistance for Benched Pokémon.)</em>",P,92.89,99.99,196.97,85.79,92.89,Reverse Holofoil,,1,[FFF] High Jump Kick (50),
86251,Hypno,Hypno,https://tcgplayer-cdn.tcgplayer.com/product/86251_200w.jpg,3,1374,https://cpt.tcgcsv.com/2wJ,2022-11-29T18:54:23.693,1,025/110,Rare,Psychic,90,Stage 1,"[P] Prophecy
<br>Look at up to 3 cards from the top of either player's deck and rearrange them as you like.",P,3.35,4.69,10.0,6.44,,Normal,,2,"[PPP] Dark Mind (30)
<br>If your opponent has any Benched Pokémon, choose 1 of them and this attack does 10 damage to it. <em>(Don't apply Weakness and Resistance for Benched Pokémon.)</em>",
86251,Hypno,Hypno,https://tcgplayer-cdn.tcgplayer.com/product/86251_200w.jpg,3,1374,https://cpt.tcgcsv.com/2wJ,2022-11-29T18:54:23.693,1,025/110,Rare,Psychic,90,Stage 1,"[P] Prophecy
<br>Look at up to 3 cards from the top of either player's deck and rearrange them as you like.",P,49.75,97.87,101.24,86.08,,Reverse Holofoil,,2,"[PPP] Dark Mind (30)
<br>If your opponent has any Benched Pokémon, choose 1 of them and this attack does 10 damage to it. <em>(Don't apply Weakness and Resistance for Benched Pokémon.)</em>",
86295,Ivysaur,Ivysaur,https://tcgplayer-cdn.tcgplayer.com/product/86295_200w.jpg,3,1374,https://cpt.tcgcsv.com/WwJ,2022-11-29T18:55:41.097,1,047/110,Uncommon,Grass,60,Stage 1,[2G] Vine Whip (30),R,2.64,4.02,9.55,4.03,,Normal,,1,"[GGG] Poisonpowder (20)
<br>The Defending Pokémon is now Poisoned.",
86295,Ivysaur,Ivysaur,https://tcgplayer-cdn.tcgplayer.com/product/86295_200w.jpg,3,1374,https://cpt.tcgcsv.com/WwJ,2022-11-29T18:55:41.097,1,047/110,Uncommon,Grass,60,Stage 1,[2G] Vine Whip (30),R,199.99,200.34,200.69,100.05,,Reverse Holofoil,,1,"[GGG] Poisonpowder (20)
<br>The Defending Pokémon is now Poisoned.",
86339,Jolteon,Jolteon,https://tcgplayer-cdn.tcgplayer.com/product/86339_200w.jpg,3,1374,https://cpt.tcgcsv.com/PxJ,2022-11-29T18:57:55.713,1,014/110,Holo Rare,Lightning,70,Stage 1,"[2] Quick Attack (10+)
<br>Flip a coin. If heads, this attack does 10 damage plus 20 more damage; if tails, this attack does 10 damage.",F,28.21,32.95,300.0,70.82,,Holofoil,,1,"[1LL] Pin Missile (20x)
<br>Flip 4 coins. This attack does 20 damage times the number of heads.",
86339,Jolteon,Jolteon,https://tcgplayer-cdn.tcgplayer.com/product/86339_200w.jpg,3,1374,https://cpt.tcgcsv.com/PxJ,2022-11-29T18:57:55.713,1,014/110,Holo Rare,Lightning,70,Stage 1,"[2] Quick Attack (10+)
<br>Flip a coin. If heads, this attack does 10 damage plus 20 more damage; if tails, this attack does 10 damage.",F,175.0,175.0,899.99,224.99,,Reverse Holofoil,,1,"[1LL] Pin Missile (20x)
<br>Flip 4 coins. This attack does 20 damage times the number of heads.",
86371,Jynx,Jynx,https://tcgplayer-cdn.tcgplayer.com/product/86371_200w.jpg,3,1374,https://cpt.tcgcsv.com/rzJ,2022-11-29T19:00:21.507,1,026/110,Rare,Psychic,70,Basic,"[P] Doubleslap (10x)
<br>Flip 2 coins. This attack does 10 damage times the number of heads.",P,2.4,3.12,6.49,5.41,,Normal,,2,"[1PP] Meditate (20+)
<br>Does 20 damage plus 10 more damage for each damage counter on the Defending Pokémon.",
86371,Jynx,Jynx,https://tcgplayer-cdn.tcgplayer.com/product/86371_200w.jpg,3,1374,https://cpt.tcgcsv.com/rzJ,2022-11-29T19:00:21.507,1,026/110,Rare,Psychic,70,Basic,"[P] Doubleslap (10x)
<br>Flip 2 coins. This attack does 10 damage times the number of heads.",P,49.99,49.99,49.99,88.1,,Reverse Holofoil,,2,"[1PP] Meditate (20+)
<br>Does 20 damage plus 10 more damage for each damage counter on the Defending Pokémon.",
86381,Kabuto,Kabuto,https://tcgplayer-cdn.tcgplayer.com/product/86381_200w.jpg,3,1374,https://cpt.tcgcsv.com/FzJ,2022-11-29T19:02:42.173,1,048/110,Uncommon,Fighting,30,Stage 1,[1] Scratch (10),G,0.9,1.17,2.0,1.47,,Normal,"<strong>Pokémon Power: Kabuto Armor</strong> Whenever an attack <em>(even your own)</em> does damage to Kabuto <em>(after applying Weakness and Resistance)</em>, that attack does only half the damage to Kabuto (rounded down to the nearest 10). <em>(Any other effects of attacks still happen.)</em> This power stops working while Kabuto is affected by a Special Condition.",1,,
86381,Kabuto,Kabuto,https://tcgplayer-cdn.tcgplayer.com/product/86381_200w.jpg,3,1374,https://cpt.tcgcsv.com/FzJ,2022-11-29T19:02:42.173,1,048/110,Uncommon,Fighting,30,Stage 1,[1] Scratch (10),G,100.0,180.0,186.0,127.4,,Reverse Holofoil,"<strong>Pokémon Power: Kabuto Armor</strong> Whenever an attack <em>(even your own)</em> does damage to Kabuto <em>(after applying Weakness and Resistance)</em>, that attack does only half the damage to Kabuto (rounded down to the nearest 10). <em>(Any other effects of attacks still happen.)</em> This power stops working while Kabuto is affected by a Special Condition.",1,,
86395,Kabutops,Kabutops,https://tcgplayer-cdn.tcgplayer.com/product/86395_200w.jpg,3,1374,https://cpt.tcgcsv.com/WzJ,2022-11-29T19:06:01.733,1,027/110,Rare,Fighting,60,Stage 2,[FF] Sharp Sickle (30),G,4.75,6.34,15.99,9.06,,Normal,,1,"[FFFF] Absorb (40)
<br>Remove a number of damage counters from Kabutops equal to half the damage done to the Defending Pokémon <em>(after applying Weakness and Resistance)</em> (rounded up to the nearest 10). If Kabutops has fewer damage counters than that, remove all of them.",
86395,Kabutops,Kabutops,https://tcgplayer-cdn.tcgplayer.com/product/86395_200w.jpg,3,1374,https://cpt.tcgcsv.com/WzJ,2022-11-29T19:06:01.733,1,027/110,Rare,Fighting,60,Stage 2,[FF] Sharp Sickle (30),G,175.0,212.5,250.0,95.31,,Reverse Holofoil,,1,"[FFFF] Absorb (40)
<br>Remove a number of damage counters from Kabutops equal to half the damage done to the Defending Pokémon <em>(after applying Weakness and Resistance)</em> (rounded up to the nearest 10). If Kabutops has fewer damage counters than that, remove all of them.",
86404,Kadabra,Kadabra,https://tcgplayer-cdn.tcgplayer.com/product/86404_200w.jpg,3,1374,https://cpt.tcgcsv.com/6BJ,2022-11-29T19:07:56.023,1,049/110,Uncommon,Psychic,60,Stage 1,"[PP] Recover
<br>Discard 1 Psychic Energy card to use this attack. Remove all damage counters from Kadabra.",P,1.4,2.93,6.62,5.16,,Normal,,3,[1PP] Super Psy (50),
86404,Kadabra,Kadabra,https://tcgplayer-cdn.tcgplayer.com/product/86404_200w.jpg,3,1374,https://cpt.tcgcsv.com/6BJ,2022-11-29T19:07:56.023,1,049/110,Uncommon,Psychic,60,Stage 1,"[PP] Recover
<br>Discard 1 Psychic Energy card to use this attack. Remove all damage counters from Kadabra.",P,145.0,172.5,199.99,145.4,,Reverse Holofoil,,3,[1PP] Super Psy (50),
86409,Kakuna,Kakuna,https://tcgplayer-cdn.tcgplayer.com/product/86409_200w.jpg,3,1374,https://cpt.tcgcsv.com/cBJ,2022-11-29T19:09:17.803,1,050/110,Uncommon,Grass,80,Stage 1,"[2] Stiffen
<br>Flip a coin. If heads, prevent all damage done to Kakuna during your opponent's next turn. <em>(Any other effects of attacks still happen.)</em>",R,0.55,1.25,3.0,1.26,2.05,Normal,,2,"[GG] Poisonpowder (20)
<br>Flip a coin. If heads, the Defending Pokémon is now Poisoned.",
86409,Kakuna,Kakuna,https://tcgplayer-cdn.tcgplayer.com/product/86409_200w.jpg,3,1374,https://cpt.tcgcsv.com/cBJ,2022-11-29T19:09:17.803,1,050/110,Uncommon,Grass,80,Stage 1,"[2] Stiffen
<br>Flip a coin. If heads, prevent all damage done to Kakuna during your opponent's next turn. <em>(Any other effects of attacks still happen.)</em>",R,51.91,99.0,99.0,51.91,,Reverse Holofoil,,2,"[GG] Poisonpowder (20)
<br>Flip a coin. If heads, the Defending Pokémon is now Poisoned.",
86957,Machamp,Machamp,https://tcgplayer-cdn.tcgplayer.com/product/86957_200w.jpg,3,1374,https://cpt.tcgcsv.com/9PJ,2022-11-29T19:11:58.307,1,015/110,Holo Rare,Fighting,100,Stage 2,[1FFF] Seismic Toss (60),P,26.75,47.88,54.48,47.75,,Holofoil,"<strong>Pokémon Power: Strikes Back</strong> Whenever your opponent's attack damages Machamp (even if Machamp is Knocked Out), this power does 10 damage to the attacking Pokémon. <em>(Don't apply Weakness and Resistance.)</em> This power can't be used if Machamp is already affected by a Special Condition when your opponent attacks.",3,,
86957,Machamp,Machamp,https://tcgplayer-cdn.tcgplayer.com/product/86957_200w.jpg,3,1374,https://cpt.tcgcsv.com/9PJ,2022-11-29T19:11:58.307,1,015/110,Holo Rare,Fighting,100,Stage 2,[1FFF] Seismic Toss (60),P,85.99,165.0,180.0,134.61,,Reverse Holofoil,"<strong>Pokémon Power: Strikes Back</strong> Whenever your opponent's attack damages Machamp (even if Machamp is Knocked Out), this power does 10 damage to the attacking Pokémon. <em>(Don't apply Weakness and Resistance.)</em> This power can't be used if Machamp is already affected by a Special Condition when your opponent attacks.",3,,
86976,Machoke,Machoke,https://tcgplayer-cdn.tcgplayer.com/product/86976_200w.jpg,3,1374,https://cpt.tcgcsv.com/xPJ,2025-11-24T21:45:28.563,1,051/110,Uncommon,Fighting,80,Stage 1,"[1FF] Karate Chop (50-)
<br>Does 50 damage minus 10 for each damage counter on Machoke.",P,0.99,1.34,6.17,1.71,,Normal,,3,"[2FF] Submission (60)
<br>Machoke does 20 damage to itself.",
86976,Machoke,Machoke,https://tcgplayer-cdn.tcgplayer.com/product/86976_200w.jpg,3,1374,https://cpt.tcgcsv.com/xPJ,2025-11-24T21:45:28.563,1,051/110,Uncommon,Fighting,80,Stage 1,"[1FF] Karate Chop (50-)
<br>Does 50 damage minus 10 for each damage counter on Machoke.",P,50.0,60.0,85.0,56.49,,Reverse Holofoil,,3,"[2FF] Submission (60)
<br>Machoke does 20 damage to itself.",
86990,Machop,Machop,https://tcgplayer-cdn.tcgplayer.com/product/86990_200w.jpg,3,1374,https://cpt.tcgcsv.com/QPJ,2025-11-24T21:45:50.057,1,079/110,Common,Fighting,50,Basic,[2] Punch (20),P,0.23,0.54,9.99,0.54,,Normal,,1,[2F] Kick (30),
86990,Machop,Machop,https://tcgplayer-cdn.tcgplayer.com/product/86990_200w.jpg,3,1374,https://cpt.tcgcsv.com/QPJ,2025-11-24T21:45:50.057,1,079/110,Common,Fighting,50,Basic,[2] Punch (20),P,49.99,49.99,49.99,65.0,,Reverse Holofoil,,1,[2F] Kick (30),
87022,Magikarp,Magikarp,https://tcgplayer-cdn.tcgplayer.com/product/87022_200w.jpg,3,1374,https://cpt.tcgcsv.com/sQJ,2025-11-24T21:46:47.59,1,052/110,Uncommon,Water,30,Basic,[1] Tackle (10),L,1.35,2.65,12.84,4.0,,Normal,,1,"[W] Flail (10x)
<br>Does 10 damage times the number of damage counters on Magikarp.",
87022,Magikarp,Magikarp,https://tcgplayer-cdn.tcgplayer.com/product/87022_200w.jpg,3,1374,https://cpt.tcgcsv.com/sQJ,2025-11-24T21:46:47.59,1,052/110,Uncommon,Water,30,Basic,[1] Tackle (10),L,157.3,899.99,956.08,225.0,,Reverse Holofoil,,1,"[W] Flail (10x)
<br>Does 10 damage times the number of damage counters on Magikarp.",
87070,Magnemite,Magnemite,https://tcgplayer-cdn.tcgplayer.com/product/87070_200w.jpg,3,1374,https://cpt.tcgcsv.com/qRJ,2022-11-29T19:17:13.013,1,080/110,Common,Lightning,40,Basic,"[L] Thunder Wave (10)
<br>Flip a coin. If heads, the Defending Pokémon is now Paralyzed.",F,0.17,0.5,3.0,0.66,,Normal,,1,"[1L] Selfdestruct (40)
<br>
Does 10 damage to each Pokémon on each player's Bench. <em>(Don't apply Weakness and Resistance for Benched Pokémon.)</em>",
87070,Magnemite,Magnemite,https://tcgplayer-cdn.tcgplayer.com/product/87070_200w.jpg,3,1374,https://cpt.tcgcsv.com/qRJ,2022-11-29T19:17:13.013,1,080/110,Common,Lightning,40,Basic,"[L] Thunder Wave (10)
<br>Flip a coin. If heads, the Defending Pokémon is now Paralyzed.",F,75.95,93.25,99.99,59.95,,Reverse Holofoil,,1,"[1L] Selfdestruct (40)
<br>
Does 10 damage to each Pokémon on each player's Bench. <em>(Don't apply Weakness and Resistance for Benched Pokémon.)</em>",
87099,Magneton,Magneton,https://tcgplayer-cdn.tcgplayer.com/product/87099_200w.jpg,3,1374,https://cpt.tcgcsv.com/_RJ,2025-11-24T21:47:12.98,1,028/110,Rare,Lightning,80,Stage 1,"[1L] Sonicboom (20)
<br>Don't apply Weakness and Resistance for this attack. <em>(Any other effects that would happen after applying Weakness and Resistance still happen.)</em>",F,1.0,2.1,3.73,2.57,,Normal,,2,"[LLLL] Selfdestruct (100)
<br>Does 20 damage to each Pokémon on each player's Bench. <em>(Don't apply Weakness and Resistance for Benched Pokémon.)</em> Magneton does 100 damage to itself.",
87099,Magneton,Magneton,https://tcgplayer-cdn.tcgplayer.com/product/87099_200w.jpg,3,1374,https://cpt.tcgcsv.com/_RJ,2025-11-24T21:47:12.98,1,028/110,Rare,Lightning,80,Stage 1,"[1L] Sonicboom (20)
<br>Don't apply Weakness and Resistance for this attack. <em>(Any other effects that would happen after applying Weakness and Resistance still happen.)</em>",F,40.0,104.49,110.0,138.0,,Reverse Holofoil,,2,"[LLLL] Selfdestruct (100)
<br>Does 20 damage to each Pokémon on each player's Bench. <em>(Don't apply Weakness and Resistance for Benched Pokémon.)</em> Magneton does 100 damage to itself.",
87171,Mankey,Mankey,https://tcgplayer-cdn.tcgplayer.com/product/87171_200w.jpg,3,1374,https://cpt.tcgcsv.com/rTJ,2025-09-24T20:24:23.99,1,081/110,Common,Fighting,30,Basic,"[1] Mischief
<br>
Shuffle your opponent's deck.",P,0.13,0.47,3.0,0.48,,Normal,,,"[1F] Anger (20+)
<br>
Flip a coin. If heads, this attack does 20 damage plus 20 more damage; if tails, this attack does 20 damage.",
87171,Mankey,Mankey,https://tcgplayer-cdn.tcgplayer.com/product/87171_200w.jpg,3,1374,https://cpt.tcgcsv.com/rTJ,2025-09-24T20:24:23.99,1,081/110,Common,Fighting,30,Basic,"[1] Mischief
<br>
Shuffle your opponent's deck.",P,80.49,85.25,90.0,90.0,,Reverse Holofoil,,,"[1F] Anger (20+)
<br>
Flip a coin. If heads, this attack does 20 damage plus 20 more damage; if tails, this attack does 20 damage.",
87311,Meowth,Meowth,https://tcgplayer-cdn.tcgplayer.com/product/87311_200w.jpg,3,1374,https://cpt.tcgcsv.com/fXJ,2022-11-29T19:22:51.303,1,053/110,Uncommon,Colorless,50,Basic,"[2] Pay Day (10)
<br>Flip a coin. If heads, draw a card.",F,1.33,1.88,8.0,1.8,,Normal,,1,,P-30
87311,Meowth,Meowth,https://tcgplayer-cdn.tcgplayer.com/product/87311_200w.jpg,3,1374,https://cpt.tcgcsv.com/fXJ,2022-11-29T19:22:51.303,1,053/110,Uncommon,Colorless,50,Basic,"[2] Pay Day (10)
<br>Flip a coin. If heads, draw a card.",F,89.69,104.85,120.0,74.99,,Reverse Holofoil,,1,,P-30
87387,Metapod,Metapod,https://tcgplayer-cdn.tcgplayer.com/product/87387_200w.jpg,3,1374,https://cpt.tcgcsv.com/MZJ,2022-11-29T19:24:05.69,1,054/110,Uncommon,Grass,70,Stage 1,"[2] Stiffen
<br>Flip a coin. If heads, prevent all damage done to Metapod during your opponent's next turn. <em>(Any other effects of attacks still happen.)</em>",R,0.9,1.2,3.22,1.92,,Normal,,2,"[GG] Stun Spore (20)
<br> Flip a coin. If heads, the Defending Pokémon is now Paralyzed.",
87387,Metapod,Metapod,https://tcgplayer-cdn.tcgplayer.com/product/87387_200w.jpg,3,1374,https://cpt.tcgcsv.com/MZJ,2022-11-29T19:24:05.69,1,054/110,Uncommon,Grass,70,Stage 1,"[2] Stiffen
<br>Flip a coin. If heads, prevent all damage done to Metapod during your opponent's next turn. <em>(Any other effects of attacks still happen.)</em>",R,38.01,49.0,125.0,125.0,,Reverse Holofoil,,2,"[GG] Stun Spore (20)
<br> Flip a coin. If heads, the Defending Pokémon is now Paralyzed.",
87419,Mewtwo,Mewtwo,https://tcgplayer-cdn.tcgplayer.com/product/87419_200w.jpg,3,1374,https://cpt.tcgcsv.com/p-J,2023-02-22T11:19:13.81,1,029/110,Rare,Psychic,60,Basic,"[P] Energy Control
<br>Flip a coin. If heads, choose a basic Energy card attached to 1 of your opponent's Pokémon and attach it to another of your opponent's Pokémon of your choice.",P,49.97,52.47,54.97,40.69,,Normal,,1,"[PPP] Telekinesis
<br>Choose 1 of your opponent's Pokémon. This attack does 30 damage to that Pokémon. Don't apply Weakness and Resistance for this attack. <em>(Any other effects that would happen after applying Weakness and Resistance still happen.)</em>",
87419,Mewtwo,Mewtwo,https://tcgplayer-cdn.tcgplayer.com/product/87419_200w.jpg,3,1374,https://cpt.tcgcsv.com/p-J,2023-02-22T11:19:13.81,1,029/110,Rare,Psychic,60,Basic,"[P] Energy Control
<br>Flip a coin. If heads, choose a basic Energy card attached to 1 of your opponent's Pokémon and attach it to another of your opponent's Pokémon of your choice.",P,399.99,498.51,999.99,517.02,,Reverse Holofoil,,1,"[PPP] Telekinesis
<br>Choose 1 of your opponent's Pokémon. This attack does 30 damage to that Pokémon. Don't apply Weakness and Resistance for this attack. <em>(Any other effects that would happen after applying Weakness and Resistance still happen.)</em>",
87560,Moltres,Moltres,https://tcgplayer-cdn.tcgplayer.com/product/87560_200w.jpg,3,1374,https://cpt.tcgcsv.com/d2K,2022-11-29T19:30:09.733,1,030/110,Rare,Fire,70,Basic,"[R] Wildfire
<br>You may discard any number of Fire Energy cards attached to Moltres when you use this attack. If you do, discard that many cards from the top of your opponent's deck.",,8.69,12.36,15.0,12.39,,Normal,,2,"[RRRR] Dive Bomb (80)
<br> Flip a coin. If tails, this attack does nothing.",F-30
87560,Moltres,Moltres,https://tcgplayer-cdn.tcgplayer.com/product/87560_200w.jpg,3,1374,https://cpt.tcgcsv.com/d2K,2022-11-29T19:30:09.733,1,030/110,Rare,Fire,70,Basic,"[R] Wildfire
<br>You may discard any number of Fire Energy cards attached to Moltres when you use this attack. If you do, discard that many cards from the top of your opponent's deck.",,97.99,121.78,149.0,220.0,,Reverse Holofoil,,2,"[RRRR] Dive Bomb (80)
<br> Flip a coin. If tails, this attack does nothing.",F-30
87618,Muk,Muk,https://tcgplayer-cdn.tcgplayer.com/product/87618_200w.jpg,3,1374,https://cpt.tcgcsv.com/n3K,2022-11-29T19:31:58.053,1,016/110,Holo Rare,Grass,70,Stage 1,"[GGG] Sludge (30)
<br>Flip a coin. If heads, the Defending Pokémon is now Poisoned.",P,9.99,16.3,29.99,17.37,,Holofoil,<strong>Pokémon Power: Toxic Gas</strong> Ignore all Pokémon Powers other than Toxic Gases. This power stops working while Muk is affected by a Special Condition.,2,,
87618,Muk,Muk,https://tcgplayer-cdn.tcgplayer.com/product/87618_200w.jpg,3,1374,https://cpt.tcgcsv.com/n3K,2022-11-29T19:31:58.053,1,016/110,Holo Rare,Grass,70,Stage 1,"[GGG] Sludge (30)
<br>Flip a coin. If heads, the Defending Pokémon is now Poisoned.",P,55.19,60.17,72.76,87.99,,Reverse Holofoil,<strong>Pokémon Power: Toxic Gas</strong> Ignore all Pokémon Powers other than Toxic Gases. This power stops working while Muk is affected by a Special Condition.,2,,
87668,Mysterious Fossil,Mysterious Fossil,https://tcgplayer-cdn.tcgplayer.com/product/87668_200w.jpg,3,1374,https://cpt.tcgcsv.com/n5K,2022-11-29T19:32:56.753,1,109/110,Common,Trainer,10,,,,0.29,0.7,3.0,0.72,,Normal,"Play Mysterious Fossil as if it were a Basic Pokémon. While in play, Mysterious Fossil counts as a Pokémon (instead of a Trainer card). Mysterious Fossil has no attacks, can't retreat, and can't be affected by Special Conditions. If Mysterious Fossil is Knocked Out, it doesn't count as a Knocked Out Pokémon. <em>(Discard it anyway.)</em> At any time during your turn before your attack, you may discard Mysterious Fossil from play. You can put Pokémon that evolve from Mysterious Fossil on this card",,,
87668,Mysterious Fossil,Mysterious Fossil,https://tcgplayer-cdn.tcgplayer.com/product/87668_200w.jpg,3,1374,https://cpt.tcgcsv.com/n5K,2022-11-29T19:32:56.753,1,109/110,Common,Trainer,10,,,,45.18,55.61,63.6,48.98,,Reverse Holofoil,"Play Mysterious Fossil as if it were a Basic Pokémon. While in play, Mysterious Fossil counts as a Pokémon (instead of a Trainer card). Mysterious Fossil has no attacks, can't retreat, and can't be affected by Special Conditions. If Mysterious Fossil is Knocked Out, it doesn't count as a Knocked Out Pokémon. <em>(Discard it anyway.)</em> At any time during your turn before your attack, you may discard Mysterious Fossil from play. You can put Pokémon that evolve from Mysterious Fossil on this card",,,
87694,Nidoking,Nidoking,https://tcgplayer-cdn.tcgplayer.com/product/87694_200w.jpg,3,1374,https://cpt.tcgcsv.com/V5K,2025-11-11T05:29:26.59,1,031/110,Rare,Grass,90,Stage 2,"[2G] Thrash (30+)
<br>Flip a coin. If heads, this attack does 30 damage plus 10 more damage; if tails, this attack does 30 damage plus Nidoking does 10 damage to itself.",P,8.95,12.01,17.95,12.38,,Normal,,1,"[GGG] Toxic (20)
<br>The Defending Pokémon is now Poisoned. It now takes 20 Poison damage instead of 10 after each player's turn <em>(even if it was already Poisoned)</em>.",
87694,Nidoking,Nidoking,https://tcgplayer-cdn.tcgplayer.com/product/87694_200w.jpg,3,1374,https://cpt.tcgcsv.com/V5K,2025-11-11T05:29:26.59,1,031/110,Rare,Grass,90,Stage 2,"[2G] Thrash (30+)
<br>Flip a coin. If heads, this attack does 30 damage plus 10 more damage; if tails, this attack does 30 damage plus Nidoking does 10 damage to itself.",P,75.0,100.0,125.0,139.92,,Reverse Holofoil,,1,"[GGG] Toxic (20)
<br>The Defending Pokémon is now Poisoned. It now takes 20 Poison damage instead of 10 after each player's turn <em>(even if it was already Poisoned)</em>.",
87706,Nidoqueen,Nidoqueen,https://tcgplayer-cdn.tcgplayer.com/product/87706_200w.jpg,3,1374,https://cpt.tcgcsv.com/86K,2022-11-29T19:37:13.35,1,032/110,Rare,Grass,90,Stage 2,"[1G] Boyfriends (20+)
<br>Does 20 damage plus 20 more damage for each Nidoking you have in play.",P,5.99,8.98,19.99,10.19,,Normal,,3,[2GG] Mega Punch (50),
87706,Nidoqueen,Nidoqueen,https://tcgplayer-cdn.tcgplayer.com/product/87706_200w.jpg,3,1374,https://cpt.tcgcsv.com/86K,2022-11-29T19:37:13.35,1,032/110,Rare,Grass,90,Stage 2,"[1G] Boyfriends (20+)
<br>Does 20 damage plus 20 more damage for each Nidoking you have in play.",P,99.99,149.99,199.99,133.37,,Reverse Holofoil,,3,[2GG] Mega Punch (50),
87715,Nidoran F,Nidoran F,https://tcgplayer-cdn.tcgplayer.com/product/87715_200w.jpg,3,1374,https://cpt.tcgcsv.com/k6K,2025-11-24T21:47:34.913,1,082/110,Common,Grass,60,Basic,"[G] Fury Swipes (10x)
<br>Flip 3 coins. This attack does 10 damage times the number of heads.",P,0.25,0.52,2.39,0.59,0.47,Normal,,1,"[GG] Call for Family
<br>Search your deck for a Basic Pokémon named Nidoran M or Nidoran F and put it onto your Bench. Shuffle your deck afterward. <em>(You can't use this attack if your Bench is full.)</em>",
87715,Nidoran F,Nidoran F,https://tcgplayer-cdn.tcgplayer.com/product/87715_200w.jpg,3,1374,https://cpt.tcgcsv.com/k6K,2025-11-24T21:47:34.913,1,082/110,Common,Grass,60,Basic,"[G] Fury Swipes (10x)
<br>Flip 3 coins. This attack does 10 damage times the number of heads.",P,89.99,107.5,129.99,45.97,,Reverse Holofoil,,1,"[GG] Call for Family
<br>Search your deck for a Basic Pokémon named Nidoran M or Nidoran F and put it onto your Bench. Shuffle your deck afterward. <em>(You can't use this attack if your Bench is full.)</em>",
87724,Nidoran M,Nidoran M,https://tcgplayer-cdn.tcgplayer.com/product/87724_200w.jpg,3,1374,https://cpt.tcgcsv.com/v6K,2023-01-31T11:02:48.313,1,083/110,Common,Grass,40,Basic,"[G] Horn Hazard (30)
<br>Flip a coin. If tails, this attack does nothing.",P,0.17,0.5,5.0,0.7,,Normal,,1,,
87724,Nidoran M,Nidoran M,https://tcgplayer-cdn.tcgplayer.com/product/87724_200w.jpg,3,1374,https://cpt.tcgcsv.com/v6K,2023-01-31T11:02:48.313,1,083/110,Common,Grass,40,Basic,"[G] Horn Hazard (30)
<br>Flip a coin. If tails, this attack does nothing.",P,84.99,84.99,129.49,119.95,,Reverse Holofoil,,1,,
87733,Nidorina,Nidorina,https://tcgplayer-cdn.tcgplayer.com/product/87733_200w.jpg,3,1374,https://cpt.tcgcsv.com/H6K,2023-02-22T11:19:29.687,1,055/110,Uncommon,Grass,70,Stage 1,"[G] Supersonic
<br>Flip a coin. If heads, the Defending Pokémon is now Confused.",P,0.6,1.25,3.0,1.49,,Normal,,1,"[2G] Double Kick (30x)
<br>Flip 2 coins. This attack does 30 damage times the number of heads.",
87733,Nidorina,Nidorina,https://tcgplayer-cdn.tcgplayer.com/product/87733_200w.jpg,3,1374,https://cpt.tcgcsv.com/H6K,2023-02-22T11:19:29.687,1,055/110,Uncommon,Grass,70,Stage 1,"[G] Supersonic
<br>Flip a coin. If heads, the Defending Pokémon is now Confused.",P,45.99,97.99,149.99,69.99,,Reverse Holofoil,,1,"[2G] Double Kick (30x)
<br>Flip 2 coins. This attack does 30 damage times the number of heads.",
87743,Nidorino,Nidorino,https://tcgplayer-cdn.tcgplayer.com/product/87743_200w.jpg,3,1374,https://cpt.tcgcsv.com/T6K,2022-11-29T19:44:16.2,1,056/110,Uncommon,Grass,60,Stage 1,"[2G] Double Kick (30x)
<br>Flip 2 coins. Does 30 damage times number of heads.",P,0.75,2.22,3.99,2.88,,Normal,,1,[2GG] Horn Drill (50),
87743,Nidorino,Nidorino,https://tcgplayer-cdn.tcgplayer.com/product/87743_200w.jpg,3,1374,https://cpt.tcgcsv.com/T6K,2022-11-29T19:44:16.2,1,056/110,Uncommon,Grass,60,Stage 1,"[2G] Double Kick (30x)
<br>Flip 2 coins. Does 30 damage times number of heads.",P,72.05,110.98,4753.1,85.0,,Reverse Holofoil,,1,[2GG] Horn Drill (50),
87764,Ninetales,Ninetales,https://tcgplayer-cdn.tcgplayer.com/product/87764_200w.jpg,3,1374,https://cpt.tcgcsv.com/j7K,2022-11-29T19:50:25.19,1,017/110,Holo Rare,Fire,80,Stage 1,"[2] Lure
<br>If your opponent has any Benched Pokémon, choose 1 and switch it with the Defending Pokémon.",W,37.98,49.99,69.97,66.66,,Holofoil,,1,"[RRRR] Fire Blast (80)
<br>
Discard 1 Fire Energy card attached to Ninetales or this attack does nothing.",
87764,Ninetales,Ninetales,https://tcgplayer-cdn.tcgplayer.com/product/87764_200w.jpg,3,1374,https://cpt.tcgcsv.com/j7K,2022-11-29T19:50:25.19,1,017/110,Holo Rare,Fire,80,Stage 1,"[2] Lure
<br>If your opponent has any Benched Pokémon, choose 1 and switch it with the Defending Pokémon.",W,268.42,271.71,499.99,350.95,,Reverse Holofoil,,1,"[RRRR] Fire Blast (80)
<br>
Discard 1 Fire Energy card attached to Ninetales or this attack does nothing.",
87855,Omanyte,Omanyte,https://tcgplayer-cdn.tcgplayer.com/product/87855_200w.jpg,3,1374,https://cpt.tcgcsv.com/79K,2026-02-16T19:25:00.963,1,057/110,Uncommon,Water,40,Stage 1,"[W] Water Gun (10+)
<br>Does 10 damage plus 10 more damage for each Water Energy attached to Omanyte but not used to pay for this attack's Energy cost. You can't add more than 20 damage in this way.",G,0.7,1.11,9.09,1.52,,Normal,<strong>Pokémon Power: Clairvoyance</strong> Your opponent plays with his or her hand face up. This power stops working while Omanyte is affected by a Special Condition.,1,,
87855,Omanyte,Omanyte,https://tcgplayer-cdn.tcgplayer.com/product/87855_200w.jpg,3,1374,https://cpt.tcgcsv.com/79K,2026-02-16T19:25:00.963,1,057/110,Uncommon,Water,40,Stage 1,"[W] Water Gun (10+)
<br>Does 10 damage plus 10 more damage for each Water Energy attached to Omanyte but not used to pay for this attack's Energy cost. You can't add more than 20 damage in this way.",G,51.55,54.27,998.99,48.2,998.99,Reverse Holofoil,<strong>Pokémon Power: Clairvoyance</strong> Your opponent plays with his or her hand face up. This power stops working while Omanyte is affected by a Special Condition.,1,,
87867,Omastar,Omastar,https://tcgplayer-cdn.tcgplayer.com/product/87867_200w.jpg,3,1374,https://cpt.tcgcsv.com/m9K,2022-11-29T19:54:39,1,058/110,Uncommon,Water,70,Stage 2,"[1W] Water Gun (20+)
<br>Does 20 damage plus 10 more damage for each Water Energy attached to Omastar but not used to pay for this attack's Energy cost. You can't add more than 20 damage in this way.",G,1.25,1.97,5.0,2.12,,Normal,,1,"[2] Spike Cannon (30x)
<br>Flip 2 coins. This attack does 30 damage times the number of heads.",
87867,Omastar,Omastar,https://tcgplayer-cdn.tcgplayer.com/product/87867_200w.jpg,3,1374,https://cpt.tcgcsv.com/m9K,2022-11-29T19:54:39,1,058/110,Uncommon,Water,70,Stage 2,"[1W] Water Gun (20+)
<br>Does 20 damage plus 10 more damage for each Water Energy attached to Omastar but not used to pay for this attack's Energy cost. You can't add more than 20 damage in this way.",G,80.0,105.0,129.99,59.66,,Reverse Holofoil,,1,"[2] Spike Cannon (30x)
<br>Flip 2 coins. This attack does 30 damage times the number of heads.",
87877,Onix,Onix,https://tcgplayer-cdn.tcgplayer.com/product/87877_200w.jpg,3,1374,https://cpt.tcgcsv.com/z9K,2025-11-24T21:47:54.193,1,084/110,Common,Fighting,90,Basic,[F] Rock Throw (10),G,0.21,0.48,3.0,0.55,0.33,Normal,,3,"[FF] Harden
<br>During your opponent's next turn, whenever 30 or less damage is done to Onix <em>(after applying Weakness and Resistance)</em>, prevent that damage. <em>(Any other effects of attacks still happen.)</em>",
87877,Onix,Onix,https://tcgplayer-cdn.tcgplayer.com/product/87877_200w.jpg,3,1374,https://cpt.tcgcsv.com/z9K,2025-11-24T21:47:54.193,1,084/110,Common,Fighting,90,Basic,[F] Rock Throw (10),G,64.99,115.0,150.0,70.21,,Reverse Holofoil,,3,"[FF] Harden
<br>During your opponent's next turn, whenever 30 or less damage is done to Onix <em>(after applying Weakness and Resistance)</em>, prevent that damage. <em>(Any other effects of attacks still happen.)</em>",
88028,Pidgeot,Pidgeot,https://tcgplayer-cdn.tcgplayer.com/product/88028_200w.jpg,3,1374,https://cpt.tcgcsv.com/BdK,2025-11-24T21:48:14.577,1,033/110,Rare,Colorless,80,Stage 2,[2] Wing Attack (20),L,4.47,5.65,96.95,7.32,,Normal,,,"[3] Hurricane (30)
<br>Unless this attack Knocks Out the Defending Pokémon, return the Defending Pokémon and all cards attached to it to your opponent's hand.",F-30
88028,Pidgeot,Pidgeot,https://tcgplayer-cdn.tcgplayer.com/product/88028_200w.jpg,3,1374,https://cpt.tcgcsv.com/BdK,2025-11-24T21:48:14.577,1,033/110,Rare,Colorless,80,Stage 2,[2] Wing Attack (20),L,72.0,77.85,150.51,152.5,,Reverse Holofoil,,,"[3] Hurricane (30)
<br>Unless this attack Knocks Out the Defending Pokémon, return the Defending Pokémon and all cards attached to it to your opponent's hand.",F-30
88038,Pidgeotto,Pidgeotto,https://tcgplayer-cdn.tcgplayer.com/product/88038_200w.jpg,3,1374,https://cpt.tcgcsv.com/NdK,2025-11-24T21:48:28.947,1,034/110,Rare,Colorless,60,Stage 1,"[2] Whirlwind (20)
<br>Your opponent switches the Defending Pokémon with 1 of his or her Benched Pokémon, if any. <em>(Do the damage before switching the Pokémon.)</em>",L,4.75,6.33,8.33,8.41,,Normal,,1,"[3] Mirror Move
<br>If Pidgeotto was attacked last turn, do the final result of that attack on Pidgeotto to the defending Pokémon.",F-30
88038,Pidgeotto,Pidgeotto,https://tcgplayer-cdn.tcgplayer.com/product/88038_200w.jpg,3,1374,https://cpt.tcgcsv.com/NdK,2025-11-24T21:48:28.947,1,034/110,Rare,Colorless,60,Stage 1,"[2] Whirlwind (20)
<br>Your opponent switches the Defending Pokémon with 1 of his or her Benched Pokémon, if any. <em>(Do the damage before switching the Pokémon.)</em>",L,57.72,66.59,90.0,77.01,,Reverse Holofoil,,1,"[3] Mirror Move
<br>If Pidgeotto was attacked last turn, do the final result of that attack on Pidgeotto to the defending Pokémon.",F-30
88046,Pidgey,Pidgey,https://tcgplayer-cdn.tcgplayer.com/product/88046_200w.jpg,3,1374,https://cpt.tcgcsv.com/XdK,2026-02-13T14:13:42.83,1,085/110,Common,Colorless,40,Basic,"[2] Whirlwind (10)
<br>
Your opponent switches the Defending Pokémon with 1 of his or her Benched Pokémon, if any. <em>(Do the damage before switching the Pokémon.)</em>",L,0.19,0.99,3.99,1.22,2.99,Normal,,1,,F-30
88046,Pidgey,Pidgey,https://tcgplayer-cdn.tcgplayer.com/product/88046_200w.jpg,3,1374,https://cpt.tcgcsv.com/XdK,2026-02-13T14:13:42.83,1,085/110,Common,Colorless,40,Basic,"[2] Whirlwind (10)
<br>
Your opponent switches the Defending Pokémon with 1 of his or her Benched Pokémon, if any. <em>(Do the damage before switching the Pokémon.)</em>",L,55.0,55.0,55.0,55.1,,Reverse Holofoil,,1,,F-30
88075,Pikachu,Pikachu,https://tcgplayer-cdn.tcgplayer.com/product/88075_200w.jpg,3,1374,https://cpt.tcgcsv.com/wfK,2025-11-24T21:48:52.703,1,086/110,Common,Lightning,50,Basic,"[LL] Spark (20)
<br>If your opponent has any Benched Pokémon, choose 1 of them and this attack does 10 damage to it. <em>(Don't apply Weakness and Resistance for Benched Pokémon.)</em>",F,1.55,2.24,9.34,2.8,,Normal,,1,,
88207,Pokemon Breeder,Pokemon Breeder,https://tcgplayer-cdn.tcgplayer.com/product/88207_200w.jpg,3,1374,https://cpt.tcgcsv.com/9jK,2022-11-29T20:01:36.697,1,102/110,Rare,Trainer,,,,,1.45,2.9,10.0,4.35,,Normal,Put a Stage 2 Evolution card from your hand on the matching Basic Pokémon. You can only play this card when you would be allowed to evolve that Pokémon anyway.,,,
88207,Pokemon Breeder,Pokemon Breeder,https://tcgplayer-cdn.tcgplayer.com/product/88207_200w.jpg,3,1374,https://cpt.tcgcsv.com/9jK,2022-11-29T20:01:36.697,1,102/110,Rare,Trainer,,,,,30.0,69.99,75.0,26.68,,Reverse Holofoil,Put a Stage 2 Evolution card from your hand on the matching Basic Pokémon. You can only play this card when you would be allowed to evolve that Pokémon anyway.,,,
88242,Pokemon Trader,Pokemon Trader,https://tcgplayer-cdn.tcgplayer.com/product/88242_200w.jpg,3,1374,https://cpt.tcgcsv.com/SjK,2026-02-13T14:12:07.727,1,103/110,Rare,Trainer,,,,,0.62,2.0,53.77,4.08,,Normal,Trade 1 of the Basic Pokémon or Evolution cards in your hand for 1 of the Basic Pokémon or Evolution cards from your deck. Show both cards to your opponent. Shuffle your deck afterward.,,,
88242,Pokemon Trader,Pokemon Trader,https://tcgplayer-cdn.tcgplayer.com/product/88242_200w.jpg,3,1374,https://cpt.tcgcsv.com/SjK,2026-02-13T14:12:07.727,1,103/110,Rare,Trainer,,,,,31.16,54.57,80.0,62.93,,Reverse Holofoil,Trade 1 of the Basic Pokémon or Evolution cards in your hand for 1 of the Basic Pokémon or Evolution cards from your deck. Show both cards to your opponent. Shuffle your deck afterward.,,,
88282,Ponyta,Ponyta,https://tcgplayer-cdn.tcgplayer.com/product/88282_200w.jpg,3,1374,https://cpt.tcgcsv.com/GkK,2022-11-29T20:02:44.19,1,087/110,Common,Fire,40,Basic,[2] Smash Kick (20),W,0.24,0.46,3.0,0.59,0.33,Normal,,1,[RR] Flame Tail (30),
88282,Ponyta,Ponyta,https://tcgplayer-cdn.tcgplayer.com/product/88282_200w.jpg,3,1374,https://cpt.tcgcsv.com/GkK,2022-11-29T20:02:44.19,1,087/110,Common,Fire,40,Basic,[2] Smash Kick (20),W,44.69,56.6,4321.0,63.72,,Reverse Holofoil,,1,[RR] Flame Tail (30),
88332,Potion,Potion,https://tcgplayer-cdn.tcgplayer.com/product/88332_200w.jpg,3,1374,https://cpt.tcgcsv.com/GlK,2026-02-13T14:10:46.477,1,110/110,Common,Item,,,,,0.1,0.25,4.9,0.24,0.17,Normal,Remove up to 2 damage counters from 1 of your Pokémon.,,,
88332,Potion,Potion,https://tcgplayer-cdn.tcgplayer.com/product/88332_200w.jpg,3,1374,https://cpt.tcgcsv.com/GlK,2026-02-13T14:10:46.477,1,110/110,Common,Item,,,,,21.08,32.61,33.69,39.03,,Reverse Holofoil,Remove up to 2 damage counters from 1 of your Pokémon.,,,
88351,Potion Energy,Potion Energy,https://tcgplayer-cdn.tcgplayer.com/product/88351_200w.jpg,3,1374,https://cpt.tcgcsv.com/2mK,2022-11-29T20:03:35.247,1,101/110,Uncommon,Special Energy,,,,,0.25,0.64,3.0,1.04,0.59,Normal,"If you play this card from your hand, remove 1 damage counter from the Pokémon you attach it to, if it has any. Potion Energy provides 1 Colorless energy. <em>(Doesn't count as a basic Energy card.)</em>",,,
88351,Potion Energy,Potion Energy,https://tcgplayer-cdn.tcgplayer.com/product/88351_200w.jpg,3,1374,https://cpt.tcgcsv.com/2mK,2022-11-29T20:03:35.247,1,101/110,Uncommon,Special Energy,,,,,63.58,64.4,76.0,68.01,,Reverse Holofoil,"If you play this card from your hand, remove 1 damage counter from the Pokémon you attach it to, if it has any. Potion Energy provides 1 Colorless energy. <em>(Doesn't count as a basic Energy card.)</em>",,,
88361,Primeape,Primeape,https://tcgplayer-cdn.tcgplayer.com/product/88361_200w.jpg,3,1374,https://cpt.tcgcsv.com/fmK,2022-11-29T20:05:21.207,1,059/110,Uncommon,Fighting,70,Stage 1,"[FF] Fury Swipes (20x)
<br>Flip 3 coins. This attack does 20 damage times the number of heads.",P,0.49,1.08,2.7,1.49,,Normal,,1,"[1FF] Tantrum (50)
<br>Flip a coin. If tails, Primeape is now Confused <em>(after doing damage)</em>.",
88361,Primeape,Primeape,https://tcgplayer-cdn.tcgplayer.com/product/88361_200w.jpg,3,1374,https://cpt.tcgcsv.com/fmK,2022-11-29T20:05:21.207,1,059/110,Uncommon,Fighting,70,Stage 1,"[FF] Fury Swipes (20x)
<br>Flip 3 coins. This attack does 20 damage times the number of heads.",P,90.0,90.0,90.0,60.72,,Reverse Holofoil,,1,"[1FF] Tantrum (50)
<br>Flip a coin. If tails, Primeape is now Confused <em>(after doing damage)</em>.",
88434,Psyduck,Psyduck,https://tcgplayer-cdn.tcgplayer.com/product/88434_200w.jpg,3,1374,https://cpt.tcgcsv.com/JnK,2026-02-03T14:33:12.757,1,088/110,Common,Water,50,Basic,"[P] Dizziness
<br>Draw a card.",L,2.5,14.21,23.77,4.06,,Normal,,1,"[1W] Water Gun (20+)
<br>
Does 20 damage plus 10 more damage for each Water Energy attached to Psyduck but not used to pay for this attack's Energy cost. You can't add more than 20 damage in this way.",
88434,Psyduck,Psyduck,https://tcgplayer-cdn.tcgplayer.com/product/88434_200w.jpg,3,1374,https://cpt.tcgcsv.com/JnK,2026-02-03T14:33:12.757,1,088/110,Common,Water,50,Basic,"[P] Dizziness
<br>Draw a card.",L,399.99,400.0,490.24,235.0,,Reverse Holofoil,,1,"[1W] Water Gun (20+)
<br>
Does 20 damage plus 10 more damage for each Water Energy attached to Psyduck but not used to pay for this attack's Energy cost. You can't add more than 20 damage in this way.",
88579,Rapidash,Rapidash,https://tcgplayer-cdn.tcgplayer.com/product/88579_200w.jpg,3,1374,https://cpt.tcgcsv.com/CrK,2022-11-29T20:08:33.157,1,060/110,Uncommon,Fire,70,Stage 1,"[2] Stomp (20+)
<br>Flip a coin. If heads, this attack does 20 damage plus 10 more damage; if tails, this attack does 20 damage.",W,0.5,0.96,3.59,1.15,,Normal,,,"[1RR] Agility (30)
<br>Flip a coin. If heads, during your opponent's next turn, prevent all effects of attacks, including damage, done to Rapidash.",
88579,Rapidash,Rapidash,https://tcgplayer-cdn.tcgplayer.com/product/88579_200w.jpg,3,1374,https://cpt.tcgcsv.com/CrK,2022-11-29T20:08:33.157,1,060/110,Uncommon,Fire,70,Stage 1,"[2] Stomp (20+)
<br>Flip a coin. If heads, this attack does 20 damage plus 10 more damage; if tails, this attack does 20 damage.",W,72.99,81.88,93.08,154.97,,Reverse Holofoil,,,"[1RR] Agility (30)
<br>Flip a coin. If heads, during your opponent's next turn, prevent all effects of attacks, including damage, done to Rapidash.",
88601,Raticate,Raticate,https://tcgplayer-cdn.tcgplayer.com/product/88601_200w.jpg,3,1374,https://cpt.tcgcsv.com/2sK,2022-12-30T20:09:44.55,1,061/110,Uncommon,Colorless,60,Stage 1,[1] Bite (20),F,0.35,1.03,96.95,1.29,96.95,Normal,,1,"[3] Super Fang (?)
<br>Does damage to the Defending Pokémon equal to half the Defending Pokémon's remaining HP (rounded up to the nearest 10).",P-30
88601,Raticate,Raticate,https://tcgplayer-cdn.tcgplayer.com/product/88601_200w.jpg,3,1374,https://cpt.tcgcsv.com/2sK,2022-12-30T20:09:44.55,1,061/110,Uncommon,Colorless,60,Stage 1,[1] Bite (20),F,62.3,73.65,84.99,62.0,,Reverse Holofoil,,1,"[3] Super Fang (?)
<br>Does damage to the Defending Pokémon equal to half the Defending Pokémon's remaining HP (rounded up to the nearest 10).",P-30
88612,Rattata,Rattata,https://tcgplayer-cdn.tcgplayer.com/product/88612_200w.jpg,3,1374,https://cpt.tcgcsv.com/gsK,2026-02-13T14:14:40.067,1,089/110,Common,Colorless,30,Basic,[1] Bite (20),F,0.18,0.4,1.72,0.44,0.44,Normal,,,,P-30
88612,Rattata,Rattata,https://tcgplayer-cdn.tcgplayer.com/product/88612_200w.jpg,3,1374,https://cpt.tcgcsv.com/gsK,2026-02-13T14:14:40.067,1,089/110,Common,Colorless,30,Basic,[1] Bite (20),F,49.99,52.29,52.29,52.29,,Reverse Holofoil,,,,P-30
88730,Rhydon,Rhydon,https://tcgplayer-cdn.tcgplayer.com/product/88730_200w.jpg,3,1374,https://cpt.tcgcsv.com/DvK,2022-11-29T20:11:39.21,1,035/110,Rare,Fighting,100,Stage 1,[2F] Horn Attack (30),G,2.5,5.64,34.99,7.85,,Normal,,3,"[FFFF] Ram (50)
<br>Rhydon does 20 damage to itself. Your opponent switches the Defending Pokémon with 1 of his or her Benched Pokémon, if any. <em>(Do the damage before switching the Pokémon. Switch the Pokémon even if Rhydon is Knocked Out.)</em>",L-30
88730,Rhydon,Rhydon,https://tcgplayer-cdn.tcgplayer.com/product/88730_200w.jpg,3,1374,https://cpt.tcgcsv.com/DvK,2022-11-29T20:11:39.21,1,035/110,Rare,Fighting,100,Stage 1,[2F] Horn Attack (30),G,51.0,67.97,89.78,80.4,,Reverse Holofoil,,3,"[FFFF] Ram (50)
<br>Rhydon does 20 damage to itself. Your opponent switches the Defending Pokémon with 1 of his or her Benched Pokémon, if any. <em>(Do the damage before switching the Pokémon. Switch the Pokémon even if Rhydon is Knocked Out.)</em>",L-30
88738,Rhyhorn,Rhyhorn,https://tcgplayer-cdn.tcgplayer.com/product/88738_200w.jpg,3,1374,https://cpt.tcgcsv.com/NvK,2022-11-29T20:12:40.103,1,090/110,Common,Fighting,70,Basic,"[1] Leer
<br>Flip a coin. If heads, the Defending Pokémon can't attack Rhyhorn during your opponent's next turn. <em>(Benching either Pokémon ends this effect.)</em>",G,0.16,0.46,3.0,0.48,,Normal,,3,[2F] Horn Attack (30),L-30
88738,Rhyhorn,Rhyhorn,https://tcgplayer-cdn.tcgplayer.com/product/88738_200w.jpg,3,1374,https://cpt.tcgcsv.com/NvK,2022-11-29T20:12:40.103,1,090/110,Common,Fighting,70,Basic,"[1] Leer
<br>Flip a coin. If heads, the Defending Pokémon can't attack Rhyhorn during your opponent's next turn. <em>(Benching either Pokémon ends this effect.)</em>",G,59.63,60.22,92.46,92.46,,Reverse Holofoil,,3,[2F] Horn Attack (30),L-30
88920,Sandshrew,Sandshrew,https://tcgplayer-cdn.tcgplayer.com/product/88920_200w.jpg,3,1374,https://cpt.tcgcsv.com/qBK,2022-11-29T20:13:46.517,1,091/110,Common,Fighting,40,Basic,"[F] Sand-attack (10)
<br>If the Defending Pokémon tries to attack during your opponent's next turn, your opponent flips a coin. If tails, that attack does nothing.",G,0.2,0.45,3.99,0.5,,Normal,,1,,L-30
88920,Sandshrew,Sandshrew,https://tcgplayer-cdn.tcgplayer.com/product/88920_200w.jpg,3,1374,https://cpt.tcgcsv.com/qBK,2022-11-29T20:13:46.517,1,091/110,Common,Fighting,40,Basic,"[F] Sand-attack (10)
<br>If the Defending Pokémon tries to attack during your opponent's next turn, your opponent flips a coin. If tails, that attack does nothing.",G,41.57,58.29,75.0,85.94,,Reverse Holofoil,,1,,L-30
88930,Sandslash,Sandslash,https://tcgplayer-cdn.tcgplayer.com/product/88930_200w.jpg,3,1374,https://cpt.tcgcsv.com/DBK,2022-11-29T20:23:28.867,1,062/110,Uncommon,Fighting,70,Stage 1,[2] Slash (20),G,0.65,0.99,3.0,1.21,,Normal,,1,"[FF] Fury Swipes (20x)
<br>Flip 3 coins. This attack does 20 damage times the number of heads.",L-30
88930,Sandslash,Sandslash,https://tcgplayer-cdn.tcgplayer.com/product/88930_200w.jpg,3,1374,https://cpt.tcgcsv.com/DBK,2022-11-29T20:23:28.867,1,062/110,Uncommon,Fighting,70,Stage 1,[2] Slash (20),G,70.0,87.42,99.99,86.0,,Reverse Holofoil,,1,"[FF] Fury Swipes (20x)
<br>Flip 3 coins. This attack does 20 damage times the number of heads.",L-30
88973,Scoop Up,Scoop Up,https://tcgplayer-cdn.tcgplayer.com/product/88973_200w.jpg,3,1374,https://cpt.tcgcsv.com/tCK,2022-11-29T20:23:52.007,1,104/110,Rare,Trainer,,,,,3.99,6.07,10.99,6.92,,Normal,Choose 1 of your own Pokémon in play and return its Basic Pokémon card to your hand. <em>(Discard all cards attached to that card.)</em>,,,
88973,Scoop Up,Scoop Up,https://tcgplayer-cdn.tcgplayer.com/product/88973_200w.jpg,3,1374,https://cpt.tcgcsv.com/tCK,2022-11-29T20:23:52.007,1,104/110,Rare,Trainer,,,,,33.0,50.0,59.99,36.65,,Reverse Holofoil,Choose 1 of your own Pokémon in play and return its Basic Pokémon card to your hand. <em>(Discard all cards attached to that card.)</em>,,,
89011,Seadra,Seadra,https://tcgplayer-cdn.tcgplayer.com/product/89011_200w.jpg,3,1374,https://cpt.tcgcsv.com/fDK,2025-10-22T02:05:26.767,1,063/110,Uncommon,Water,60,Stage 1,"[1W] Water Gun (20+)
<br>Does 20 damage plus 10 more damage for each Water Energy attached to Seadra but not used to pay for this attack's Energy cost. You can't add more than 20 damage in this way.",L,0.93,1.68,5.0,1.68,1.08,Normal,,1,"[2W] Agility (20)
<br>Flip a coin. If heads, during your opponent's next turn, prevent all effects of attacks, including damage, done to Seadra.",
89011,Seadra,Seadra,https://tcgplayer-cdn.tcgplayer.com/product/89011_200w.jpg,3,1374,https://cpt.tcgcsv.com/fDK,2025-10-22T02:05:26.767,1,063/110,Uncommon,Water,60,Stage 1,"[1W] Water Gun (20+)
<br>Does 20 damage plus 10 more damage for each Water Energy attached to Seadra but not used to pay for this attack's Energy cost. You can't add more than 20 damage in this way.",L,47.58,69.24,90.9,80.06,,Reverse Holofoil,,1,"[2W] Agility (20)
<br>Flip a coin. If heads, during your opponent's next turn, prevent all effects of attacks, including damage, done to Seadra.",
89049,Seel,Seel,https://tcgplayer-cdn.tcgplayer.com/product/89049_200w.jpg,3,1374,https://cpt.tcgcsv.com/_DK,2022-11-29T20:25:30.957,1,092/110,Common,Water,60,Basic,[W] Headbutt (10),L,0.25,0.5,3.0,0.53,,Normal,,1,,
89049,Seel,Seel,https://tcgplayer-cdn.tcgplayer.com/product/89049_200w.jpg,3,1374,https://cpt.tcgcsv.com/_DK,2022-11-29T20:25:30.957,1,092/110,Common,Water,60,Basic,[W] Headbutt (10),L,54.99,146.45,147.75,68.87,,Reverse Holofoil,,1,,
89324,Slowpoke,Slowpoke,https://tcgplayer-cdn.tcgplayer.com/product/89324_200w.jpg,3,1374,https://cpt.tcgcsv.com/vLK,2022-11-29T20:28:07.623,1,093/110,Common,Psychic,50,Basic,"[1] Spacing Out
<br>Flip a coin. If heads, remove a damage counter from Slowpoke. This attack can't be used if Slowpoke has no damage counters on it.",P,0.4,0.77,4.9,1.06,0.72,Normal,,1,"[PP] Scavenge
<br>Discard 1 Psychic Energy card attached to Slowpoke in order to use this attack. Put a Trainer card from your discard pile into your hand.",
89324,Slowpoke,Slowpoke,https://tcgplayer-cdn.tcgplayer.com/product/89324_200w.jpg,3,1374,https://cpt.tcgcsv.com/vLK,2022-11-29T20:28:07.623,1,093/110,Common,Psychic,50,Basic,"[1] Spacing Out
<br>Flip a coin. If heads, remove a damage counter from Slowpoke. This attack can't be used if Slowpoke has no damage counters on it.",P,149.99,175.0,300.0,172.51,,Reverse Holofoil,,1,"[PP] Scavenge
<br>Discard 1 Psychic Energy card attached to Slowpoke in order to use this attack. Put a Trainer card from your discard pile into your hand.",
89386,Snorlax,Snorlax,https://tcgplayer-cdn.tcgplayer.com/product/89386_200w.jpg,3,1374,https://cpt.tcgcsv.com/LMK,2022-11-29T20:29:27.403,1,064/110,Uncommon,Colorless,90,Basic,"[4] Body Slam (30)
<br>Flip a coin. If heads, the Defending Pokémon is now Paralyzed.",F,7.0,10.66,14.32,14.3,,Normal,"<strong>Pokémon Power: Thick Skinned</strong>
<br>
Snorlax can't become Asleep, Confused, Paralyzed, Poisoned, or Burned. This power stops working while Snorlax is affected by a Special Condition.",4,,P-30
89386,Snorlax,Snorlax,https://tcgplayer-cdn.tcgplayer.com/product/89386_200w.jpg,3,1374,https://cpt.tcgcsv.com/LMK,2022-11-29T20:29:27.403,1,064/110,Uncommon,Colorless,90,Basic,"[4] Body Slam (30)
<br>Flip a coin. If heads, the Defending Pokémon is now Paralyzed.",F,370.01,535.01,700.0,255.0,,Reverse Holofoil,"<strong>Pokémon Power: Thick Skinned</strong>
<br>
Snorlax can't become Asleep, Confused, Paralyzed, Poisoned, or Burned. This power stops working while Snorlax is affected by a Special Condition.",4,,P-30
89437,Spearow,Spearow,https://tcgplayer-cdn.tcgplayer.com/product/89437_200w.jpg,3,1374,https://cpt.tcgcsv.com/MNK,2022-11-29T20:30:22.55,1,094/110,Common,Colorless,50,Basic,[1] Peck (10),L,0.2,0.51,3.0,0.61,,Normal,,,"[3] Mirror Move
<br>If Spearow was attacked last turn, do the final result of that attack on Spearow to the Defending Pokémon.",F-30
89437,Spearow,Spearow,https://tcgplayer-cdn.tcgplayer.com/product/89437_200w.jpg,3,1374,https://cpt.tcgcsv.com/MNK,2022-11-29T20:30:22.55,1,094/110,Common,Colorless,50,Basic,[1] Peck (10),L,28.69,29.99,53.99,69.99,,Reverse Holofoil,,,"[3] Mirror Move
<br>If Spearow was attacked last turn, do the final result of that attack on Spearow to the Defending Pokémon.",F-30
89485,Squirtle,Squirtle,https://tcgplayer-cdn.tcgplayer.com/product/89485_200w.jpg,3,1374,https://cpt.tcgcsv.com/KPK,2026-02-13T16:12:32.103,1,095/110,Common,Water,40,Basic,"[W] Bubble (10)
<br>Flip a coin. If heads, the Defending Pokémon is now Paralyzed.",L,0.75,1.71,96.95,2.04,96.95,Normal,,1,"[1W] Withdraw
<br>Flip a coin. If heads, prevent all damage done to Squirtle during your opponent's next turn. <em>(Any other effects of attacks still happen.)</em>",
89485,Squirtle,Squirtle,https://tcgplayer-cdn.tcgplayer.com/product/89485_200w.jpg,3,1374,https://cpt.tcgcsv.com/KPK,2026-02-13T16:12:32.103,1,095/110,Common,Water,40,Basic,"[W] Bubble (10)
<br>Flip a coin. If heads, the Defending Pokémon is now Paralyzed.",L,279.99,296.79,550.0,339.5,,Reverse Holofoil,,1,"[1W] Withdraw
<br>Flip a coin. If heads, prevent all damage done to Squirtle during your opponent's next turn. <em>(Any other effects of attacks still happen.)</em>",
89759,Tauros,Tauros,https://tcgplayer-cdn.tcgplayer.com/product/89759_200w.jpg,3,1374,https://cpt.tcgcsv.com/cWK,2023-11-08T04:57:01.483,1,065/110,Uncommon,Colorless,60,Basic,"[2] Stomp (20+)
<br>Flip a coin. If heads, this attack does 20 damage plus 10 more damage; if tails, this attack does 20 damage.",F,0.1,1.22,3.07,1.13,,Normal,,2,"[3] Rampage (20+)
<br>Does 20 damage plus 10 more damage for each damage counter on Tauros. Flip a coin. If tails, Tauros is now Confused <em>(after doing damage)</em>.",P-30
89759,Tauros,Tauros,https://tcgplayer-cdn.tcgplayer.com/product/89759_200w.jpg,3,1374,https://cpt.tcgcsv.com/cWK,2023-11-08T04:57:01.483,1,065/110,Uncommon,Colorless,60,Basic,"[2] Stomp (20+)
<br>Flip a coin. If heads, this attack does 20 damage plus 10 more damage; if tails, this attack does 20 damage.",F,2400.0,2400.0,2400.0,103.23,,Reverse Holofoil,,2,"[3] Rampage (20+)
<br>Does 20 damage plus 10 more damage for each damage counter on Tauros. Flip a coin. If tails, Tauros is now Confused <em>(after doing damage)</em>.",P-30
89864,Tentacool,Tentacool,https://tcgplayer-cdn.tcgplayer.com/product/89864_200w.jpg,3,1374,https://cpt.tcgcsv.com/jZK,2022-11-29T20:35:43.49,1,096/110,Common,Water,30,Basic,[W] Acid (10),L,0.09,0.47,3.0,0.54,0.69,Normal,"<strong>Pokémon Power: Cowardice</strong> At any time during your turn <em>(before your attack)</em>, you may return Tentacool to your hand. <em>(Discard all cards attached to Tentacool.)</em> This power can't be used the turn you put Tentacool into play or if Tentacool is affected by a Special Condition.",,,
89864,Tentacool,Tentacool,https://tcgplayer-cdn.tcgplayer.com/product/89864_200w.jpg,3,1374,https://cpt.tcgcsv.com/jZK,2022-11-29T20:35:43.49,1,096/110,Common,Water,30,Basic,[W] Acid (10),L,34.99,35.46,69.99,73.97,,Reverse Holofoil,"<strong>Pokémon Power: Cowardice</strong> At any time during your turn <em>(before your attack)</em>, you may return Tentacool to your hand. <em>(Discard all cards attached to Tentacool.)</em> This power can't be used the turn you put Tentacool into play or if Tentacool is affected by a Special Condition.",,,
89874,Tentacruel,Tentacruel,https://tcgplayer-cdn.tcgplayer.com/product/89874_200w.jpg,3,1374,https://cpt.tcgcsv.com/vZK,2022-11-29T20:36:42.96,1,066/110,Uncommon,Water,60,Stage 1,"[W] Supersonic
<br>Flip a coin. If heads, the Defending Pokémon is now Confused.",L,0.75,1.2,5.0,1.24,,Normal,,,"[WW] Jellyfish Sting (10)
<br>The Defending Pokémon is now Poisoned.",
89874,Tentacruel,Tentacruel,https://tcgplayer-cdn.tcgplayer.com/product/89874_200w.jpg,3,1374,https://cpt.tcgcsv.com/vZK,2022-11-29T20:36:42.96,1,066/110,Uncommon,Water,60,Stage 1,"[W] Supersonic
<br>Flip a coin. If heads, the Defending Pokémon is now Confused.",L,74.99,89.99,95.54,92.9,,Reverse Holofoil,,,"[WW] Jellyfish Sting (10)
<br>The Defending Pokémon is now Poisoned.",
89895,The Boss's Way,The Bosss Way,https://tcgplayer-cdn.tcgplayer.com/product/89895_200w.jpg,3,1374,https://cpt.tcgcsv.com/WZK,2022-11-29T20:37:03.797,1,105/110,Uncommon,Trainer,,,,,0.38,0.71,3.0,0.72,,Normal,Search your deck for an Evolution card with Dark in its name. Show it to your opponent and put it into your hand. Shuffle your deck afterward.,,,
89895,The Boss's Way,The Bosss Way,https://tcgplayer-cdn.tcgplayer.com/product/89895_200w.jpg,3,1374,https://cpt.tcgcsv.com/WZK,2022-11-29T20:37:03.797,1,105/110,Uncommon,Trainer,,,,,99.99,117.75,130.0,36.57,,Reverse Holofoil,Search your deck for an Evolution card with Dark in its name. Show it to your opponent and put it into your hand. Shuffle your deck afterward.,,,
90313,Venusaur,Venusaur,https://tcgplayer-cdn.tcgplayer.com/product/90313_200w.jpg,3,1374,https://cpt.tcgcsv.com/h8L,2022-12-15T10:24:00.643,1,018/110,Holo Rare,Grass,100,Stage 2,[GGGG] Solarbeam (60),R,65.53,90.0,199.99,90.96,,Holofoil,"<strong>Pokémon Power: Energy Trans</strong> As often as you like during your turn <em>(before your attack)</em>, you may take 1 Grass Energy card attached to 1 of your Pokémon and attach it to a different one. This power can't be used if Venusaur is affected by a Special Condition.",2,,
90313,Venusaur,Venusaur,https://tcgplayer-cdn.tcgplayer.com/product/90313_200w.jpg,3,1374,https://cpt.tcgcsv.com/h8L,2022-12-15T10:24:00.643,1,018/110,Holo Rare,Grass,100,Stage 2,[GGGG] Solarbeam (60),R,374.99,525.0,899.99,499.99,,Reverse Holofoil,"<strong>Pokémon Power: Energy Trans</strong> As often as you like during your turn <em>(before your attack)</em>, you may take 1 Grass Energy card attached to 1 of your Pokémon and attach it to a different one. This power can't be used if Venusaur is affected by a Special Condition.",2,,
90410,Voltorb,Voltorb,https://tcgplayer-cdn.tcgplayer.com/product/90410_200w.jpg,3,1374,https://cpt.tcgcsv.com/dbL,2022-11-29T20:39:47.183,1,097/110,Common,Lightning,40,Basic,[1] Tackle (10),F,0.23,0.63,5.94,0.8,0.39,Normal,,1,,
90410,Voltorb,Voltorb,https://tcgplayer-cdn.tcgplayer.com/product/90410_200w.jpg,3,1374,https://cpt.tcgcsv.com/dbL,2022-11-29T20:39:47.183,1,097/110,Common,Lightning,40,Basic,[1] Tackle (10),F,99.96,2210.48,4321.0,43.69,,Reverse Holofoil,,1,,
90434,Vulpix,Vulpix,https://tcgplayer-cdn.tcgplayer.com/product/90434_200w.jpg,3,1374,https://cpt.tcgcsv.com/JbL,2022-11-29T20:40:40.187,1,098/110,Common,Fire,50,Basic,"[RR] Confuse Ray (10)
<br>Flip a coin. If heads, the Defending Pokémon is now Confused.",W,0.4,1.08,3.59,1.1,,Normal,,1,,
90434,Vulpix,Vulpix,https://tcgplayer-cdn.tcgplayer.com/product/90434_200w.jpg,3,1374,https://cpt.tcgcsv.com/JbL,2022-11-29T20:40:40.187,1,098/110,Common,Fire,50,Basic,"[RR] Confuse Ray (10)
<br>Flip a coin. If heads, the Defending Pokémon is now Confused.",W,90.0,129.0,129.99,99.99,,Reverse Holofoil,,1,,
90539,Weedle,Weedle,https://tcgplayer-cdn.tcgplayer.com/product/90539_200w.jpg,3,1374,https://cpt.tcgcsv.com/PdL,2026-02-03T14:35:26.15,1,099/110,Common,Grass,40,Basic,"[G] Poison Sting (10)
<br>Flip a coin. If heads, the Defending Pokémon is now Poisoned.",R,0.25,0.63,3.0,0.62,,Normal,,1,,
90539,Weedle,Weedle,https://tcgplayer-cdn.tcgplayer.com/product/90539_200w.jpg,3,1374,https://cpt.tcgcsv.com/PdL,2026-02-03T14:35:26.15,1,099/110,Common,Grass,40,Basic,"[G] Poison Sting (10)
<br>Flip a coin. If heads, the Defending Pokémon is now Poisoned.",R,80.0,85.04,102.5,48.44,,Reverse Holofoil,,1,,
90712,Zapdos,Zapdos,https://tcgplayer-cdn.tcgplayer.com/product/90712_200w.jpg,3,1374,https://cpt.tcgcsv.com/gjL,2022-11-29T20:42:34.563,1,019/110,Holo Rare,Lightning,90,Basic,"[1LLL] Thunder (60)
<br>Flip a coin. If tails, Zapdos does 30 damage to itself.",,31.99,40.0,41.75,33.53,40.0,Holofoil,,3,"[LLLL] Thunderbolt (100)
<br>Discard all Energy cards attached to Zapdos or this attack does nothing.",F-30
90712,Zapdos,Zapdos,https://tcgplayer-cdn.tcgplayer.com/product/90712_200w.jpg,3,1374,https://cpt.tcgcsv.com/gjL,2022-11-29T20:42:34.563,1,019/110,Holo Rare,Lightning,90,Basic,"[1LLL] Thunder (60)
<br>Flip a coin. If tails, Zapdos does 30 damage to itself.",,212.39,328.2,444.97,300.5,,Reverse Holofoil,,3,"[LLLL] Thunderbolt (100)
<br>Discard all Energy cards attached to Zapdos or this attack does nothing.",F-30
138150,Legendary Collection Booster Pack,Legendary Collection Booster Pack,https://tcgplayer-cdn.tcgplayer.com/product/138150_200w.jpg,3,1374,https://cpt.tcgcsv.com/0h72,2017-07-22T16:34:12.543,1,,,,,,,,4999.99,4999.99,4999.99,2499.99,,Normal,This booster pack contains 11 cards for Wizards of the Coast printed Legendary Collection set.,,,
450748,"Legendary Collection Theme Deck - ""Lava""",Legendary Collection Theme Deck Lava,https://tcgplayer-cdn.tcgplayer.com/product/450748_200w.jpg,3,1374,https://cpt.tcgcsv.com/-jD5,2022-10-20T14:55:52.033,1,,,,,,,,,,,,,,,,,
451094,"Legendary Collection Theme Deck - ""Turmoil""",Legendary Collection Theme Deck Turmoil,https://tcgplayer-cdn.tcgplayer.com/product/451094_200w.jpg,3,1374,https://cpt.tcgcsv.com/VrD5,2022-10-21T17:40:07.847,1,,,,,,,,,,,,,,,,,
