productId,name,cleanName,imageUrl,categoryId,groupId,url,modifiedOn,imageCount,extNumber,extRarity,extCardType,extHP,extStage,extAttack1,extWeakness,extRetreatCost,lowPrice,midPrice,highPrice,marketPrice,directLowPrice,subTypeName,extAttack2,extResistance,extCardText
232316,Bulbasaur - 1/25,Bulbasaur 1 25,https://tcgplayer-cdn.tcgplayer.com/product/232316_200w.jpg,3,2782,https://cpt.tcgcsv.com/lXS2,2025-10-31T19:09:34.92,1,001/025,Promo,Grass,70,Basic,[1G] Razor Leaf (30),Rx2,2,0.25,0.74,3.0,0.74,,Normal,,,
232316,Bulbasaur - 1/25,Bulbasaur 1 25,https://tcgplayer-cdn.tcgplayer.com/product/232316_200w.jpg,3,2782,https://cpt.tcgcsv.com/lXS2,2025-10-31T19:09:34.92,1,001/025,Promo,Grass,70,Basic,[1G] Razor Leaf (30),Rx2,2,2.5,4.15,20.0,4.15,4.99,Holofoil,,,
232317,Chikorita - 2/25,Chikorita 2 25,https://tcgplayer-cdn.tcgplayer.com/product/232317_200w.jpg,3,2782,https://cpt.tcgcsv.com/mXS2,2025-10-31T19:09:35.117,1,002/025,Promo,Grass,70,Basic,"[G] Mini Drain (10)
<br>Heal 10 damage from this Pokémon.",Rx2,1,0.8,1.55,33.25,1.37,1.11,Holofoil,,,
232317,Chikorita - 2/25,Chikorita 2 25,https://tcgplayer-cdn.tcgplayer.com/product/232317_200w.jpg,3,2782,https://cpt.tcgcsv.com/mXS2,2025-10-31T19:09:35.117,1,002/025,Promo,Grass,70,Basic,"[G] Mini Drain (10)
<br>Heal 10 damage from this Pokémon.",Rx2,1,0.1,0.41,3.01,0.38,,Normal,,,
232318,Treecko - 3/25,Treecko 3 25,https://tcgplayer-cdn.tcgplayer.com/product/232318_200w.jpg,3,2782,https://cpt.tcgcsv.com/nXS2,2025-10-31T19:09:36.003,1,003/025,Promo,Grass,60,Basic,"[G] Quick Attack (10+)
<br>Flip a coin. If heads, this attack does 10 more damage.",Rx2,1,0.15,0.38,4321.0,0.35,,Normal,,,
232318,Treecko - 3/25,Treecko 3 25,https://tcgplayer-cdn.tcgplayer.com/product/232318_200w.jpg,3,2782,https://cpt.tcgcsv.com/nXS2,2025-10-31T19:09:36.003,1,003/025,Promo,Grass,60,Basic,"[G] Quick Attack (10+)
<br>Flip a coin. If heads, this attack does 10 more damage.",Rx2,1,1.35,2.49,61.0,2.42,,Holofoil,,,
232319,Turtwig - 4/25,Turtwig 4 25,https://tcgplayer-cdn.tcgplayer.com/product/232319_200w.jpg,3,2782,https://cpt.tcgcsv.com/pXS2,2025-10-31T19:09:36.493,1,004/025,Promo,Grass,80,Basic,[2] Tackle (20),Rx2,2,0.25,0.41,5.0,0.4,,Normal,[1GG] Razor Leaf (50),,
232319,Turtwig - 4/25,Turtwig 4 25,https://tcgplayer-cdn.tcgplayer.com/product/232319_200w.jpg,3,2782,https://cpt.tcgcsv.com/pXS2,2025-10-31T19:09:36.493,1,004/025,Promo,Grass,80,Basic,[2] Tackle (20),Rx2,2,0.5,1.35,5.24,1.09,1.32,Holofoil,[1GG] Razor Leaf (50),,
232320,Snivy - 5/25,Snivy 5 25,https://tcgplayer-cdn.tcgplayer.com/product/232320_200w.jpg,3,2782,https://cpt.tcgcsv.com/qXS2,2025-10-31T19:09:36.237,1,005/025,Promo,Grass,60,Basic,"[1G] Slam (20x)
<br>Flip 2 coins. This attack does 20 damage times the number of heads.",Rx2,1,0.14,0.34,5.0,0.28,,Normal,,W-20,
232320,Snivy - 5/25,Snivy 5 25,https://tcgplayer-cdn.tcgplayer.com/product/232320_200w.jpg,3,2782,https://cpt.tcgcsv.com/qXS2,2025-10-31T19:09:36.237,1,005/025,Promo,Grass,60,Basic,"[1G] Slam (20x)
<br>Flip 2 coins. This attack does 20 damage times the number of heads.",Rx2,1,0.45,1.23,5.0,1.17,,Holofoil,,W-20,
232321,Chespin - 6/25,Chespin 6 25,https://tcgplayer-cdn.tcgplayer.com/product/232321_200w.jpg,3,2782,https://cpt.tcgcsv.com/rXS2,2025-10-31T19:09:35.667,1,006/025,Promo,Grass,60,Basic,[G] Vine Whip (10),Rx2,1,0.09,0.45,2.0,0.44,,Normal,[1G] Seed Bomb (20),,
232321,Chespin - 6/25,Chespin 6 25,https://tcgplayer-cdn.tcgplayer.com/product/232321_200w.jpg,3,2782,https://cpt.tcgcsv.com/rXS2,2025-10-31T19:09:35.667,1,006/025,Promo,Grass,60,Basic,[G] Vine Whip (10),Rx2,1,0.25,1.15,5.0,1.15,,Holofoil,[1G] Seed Bomb (20),,
232322,Rowlet - 7/25,Rowlet 7 25,https://tcgplayer-cdn.tcgplayer.com/product/232322_200w.jpg,3,2782,https://cpt.tcgcsv.com/sXS2,2025-10-31T19:09:36.413,1,007/025,Promo,Grass,60,Basic,[1] Tackle (10),Rx2,1,0.31,1.13,5.0,1.08,0.96,Holofoil,[1G] Leafage (20),,
232322,Rowlet - 7/25,Rowlet 7 25,https://tcgplayer-cdn.tcgplayer.com/product/232322_200w.jpg,3,2782,https://cpt.tcgcsv.com/sXS2,2025-10-31T19:09:36.413,1,007/025,Promo,Grass,60,Basic,[1] Tackle (10),Rx2,1,0.15,0.38,2.0,0.34,,Normal,[1G] Leafage (20),,
232323,Grookey - 8/25,Grookey 8 25,https://tcgplayer-cdn.tcgplayer.com/product/232323_200w.jpg,3,2782,https://cpt.tcgcsv.com/tXS2,2025-10-31T19:09:37.127,1,008/025,Promo,Grass,60,Basic,[1G] Branch Poke (30),Rx2,1,0.15,1.05,5.99,1.02,0.73,Holofoil,,,
232323,Grookey - 8/25,Grookey 8 25,https://tcgplayer-cdn.tcgplayer.com/product/232323_200w.jpg,3,2782,https://cpt.tcgcsv.com/tXS2,2025-10-31T19:09:37.127,1,008/025,Promo,Grass,60,Basic,[1G] Branch Poke (30),Rx2,1,0.09,0.31,2.56,0.22,0.19,Normal,,,
232324,Charmander - 9/25,Charmander 9 25,https://tcgplayer-cdn.tcgplayer.com/product/232324_200w.jpg,3,2782,https://cpt.tcgcsv.com/vXS2,2025-10-31T19:09:35.823,1,009/025,Promo,Fire,70,Basic,[1] Scratch (10),Wx2,1,1.6,3.54,96.95,3.21,3.22,Holofoil,[1R] Flame Tail (20),,
232324,Charmander - 9/25,Charmander 9 25,https://tcgplayer-cdn.tcgplayer.com/product/232324_200w.jpg,3,2782,https://cpt.tcgcsv.com/vXS2,2025-10-31T19:09:35.823,1,009/025,Promo,Fire,70,Basic,[1] Scratch (10),Wx2,1,0.25,0.72,19.5,0.71,1.53,Normal,[1R] Flame Tail (20),,
232325,Cyndaquil - 10/25,Cyndaquil 10 25,https://tcgplayer-cdn.tcgplayer.com/product/232325_200w.jpg,3,2782,https://cpt.tcgcsv.com/wXS2,2025-11-25T02:43:30.513,1,010/025,Promo,Fire,70,Basic,[2] Hammer In (30),Wx2,1,0.25,1.96,46.25,1.81,0.8,Holofoil,,,
232325,Cyndaquil - 10/25,Cyndaquil 10 25,https://tcgplayer-cdn.tcgplayer.com/product/232325_200w.jpg,3,2782,https://cpt.tcgcsv.com/wXS2,2025-11-25T02:43:30.513,1,010/025,Promo,Fire,70,Basic,[2] Hammer In (30),Wx2,1,0.1,0.41,2.56,0.38,0.23,Normal,,,
232326,Torchic - 11/25,Torchic 11 25,https://tcgplayer-cdn.tcgplayer.com/product/232326_200w.jpg,3,2782,https://cpt.tcgcsv.com/xXS2,2025-10-31T19:09:35.587,1,011/025,Promo,Fire,60,Basic,"[R] Ember (20)
<br> Flip a coin. If tails, discard a Fire Energy attached to this Pokémon.",Wx2,1,0.6,1.43,5.0,1.41,,Holofoil,,,
232326,Torchic - 11/25,Torchic 11 25,https://tcgplayer-cdn.tcgplayer.com/product/232326_200w.jpg,3,2782,https://cpt.tcgcsv.com/xXS2,2025-10-31T19:09:35.587,1,011/025,Promo,Fire,60,Basic,"[R] Ember (20)
<br> Flip a coin. If tails, discard a Fire Energy attached to this Pokémon.",Wx2,1,0.18,0.47,2.66,0.38,0.25,Normal,,,
232327,Chimchar - 12/25,Chimchar 12 25,https://tcgplayer-cdn.tcgplayer.com/product/232327_200w.jpg,3,2782,https://cpt.tcgcsv.com/zXS2,2025-10-31T19:09:36.94,1,012/025,Promo,Fire,60,Basic,"[1] Fury Swipes (10x)
<br>Flip 3 coins. This attack does 10 damage for each heads.",Wx2,1,0.75,1.23,5.99,1.08,,Holofoil,,,
232327,Chimchar - 12/25,Chimchar 12 25,https://tcgplayer-cdn.tcgplayer.com/product/232327_200w.jpg,3,2782,https://cpt.tcgcsv.com/zXS2,2025-10-31T19:09:36.94,1,012/025,Promo,Fire,60,Basic,"[1] Fury Swipes (10x)
<br>Flip 3 coins. This attack does 10 damage for each heads.",Wx2,1,0.2,0.4,5.0,0.36,0.25,Normal,,,
232328,Tepig - 13/25,Tepig 13 25,https://tcgplayer-cdn.tcgplayer.com/product/232328_200w.jpg,3,2782,https://cpt.tcgcsv.com/BXS2,2025-10-31T19:09:36.33,1,013/025,Promo,Fire,70,Basic,"[1R] Ember (30)
<br>Discard an Energy attached to this Pokémon.",Wx2,2,0.19,0.37,5.0,0.34,0.24,Normal,,,
232328,Tepig - 13/25,Tepig 13 25,https://tcgplayer-cdn.tcgplayer.com/product/232328_200w.jpg,3,2782,https://cpt.tcgcsv.com/BXS2,2025-10-31T19:09:36.33,1,013/025,Promo,Fire,70,Basic,"[1R] Ember (30)
<br>Discard an Energy attached to this Pokémon.",Wx2,2,0.5,1.11,5.0,1.04,,Holofoil,,,
232329,Fennekin - 14/25,Fennekin 14 25,https://tcgplayer-cdn.tcgplayer.com/product/232329_200w.jpg,3,2782,https://cpt.tcgcsv.com/CXS2,2025-10-31T19:09:36.713,1,014/025,Promo,Fire,60,Basic,[R] Scratch (10),Wx2,1,0.09,1.0,24.25,0.94,,Holofoil,[1R] Live Coal (20),,
232329,Fennekin - 14/25,Fennekin 14 25,https://tcgplayer-cdn.tcgplayer.com/product/232329_200w.jpg,3,2782,https://cpt.tcgcsv.com/CXS2,2025-10-31T19:09:36.713,1,014/025,Promo,Fire,60,Basic,[R] Scratch (10),Wx2,1,0.13,0.33,3.39,0.33,,Normal,[1R] Live Coal (20),,
232330,Scorbunny - 16/25,Scorbunny 16 25,https://tcgplayer-cdn.tcgplayer.com/product/232330_200w.jpg,3,2782,https://cpt.tcgcsv.com/DXS2,2025-10-31T19:09:36.65,1,016/025,Promo,Fire,60,Basic,"[R] Super Singe (10)
<br>Flip a coin. If heads, your opponent's Active Pokémon is now Burned.",Wx2,1,0.11,0.35,7.75,0.31,,Normal,,,
232330,Scorbunny - 16/25,Scorbunny 16 25,https://tcgplayer-cdn.tcgplayer.com/product/232330_200w.jpg,3,2782,https://cpt.tcgcsv.com/DXS2,2025-10-31T19:09:36.65,1,016/025,Promo,Fire,60,Basic,"[R] Super Singe (10)
<br>Flip a coin. If heads, your opponent's Active Pokémon is now Burned.",Wx2,1,0.3,1.08,5.0,1.01,0.65,Holofoil,,,
232331,Squirtle - 17/25,Squirtle 17 25,https://tcgplayer-cdn.tcgplayer.com/product/232331_200w.jpg,3,2782,https://cpt.tcgcsv.com/FXS2,2025-11-25T03:12:43.593,1,017/025,Promo,Water,60,Basic,"[W] Bubble (10)
<br>Flip a coin. If heads, your opponent's Active Pokémon is now Paralyzed.",Gx2,1,2.77,4.11,7.59,3.63,,Holofoil,,,
232331,Squirtle - 17/25,Squirtle 17 25,https://tcgplayer-cdn.tcgplayer.com/product/232331_200w.jpg,3,2782,https://cpt.tcgcsv.com/FXS2,2025-11-25T03:12:43.593,1,017/025,Promo,Water,60,Basic,"[W] Bubble (10)
<br>Flip a coin. If heads, your opponent's Active Pokémon is now Paralyzed.",Gx2,1,0.35,1.07,20.0,1.15,1.15,Normal,,,
232332,Totodile - 18/25,Totodile 18 25,https://tcgplayer-cdn.tcgplayer.com/product/232332_200w.jpg,3,2782,https://cpt.tcgcsv.com/GXS2,2025-10-31T19:09:35.383,1,018/025,Promo,Water,60,Basic,"[W] Fury Strikes (10x)
<br>Flip 3 coins. This attack does 10 damage times the number of heads.",Gx2,1,0.27,0.5,5.0,0.47,,Normal,,,
232332,Totodile - 18/25,Totodile 18 25,https://tcgplayer-cdn.tcgplayer.com/product/232332_200w.jpg,3,2782,https://cpt.tcgcsv.com/GXS2,2025-10-31T19:09:35.383,1,018/025,Promo,Water,60,Basic,"[W] Fury Strikes (10x)
<br>Flip 3 coins. This attack does 10 damage times the number of heads.",Gx2,1,0.99,2.4,96.95,2.4,2.4,Holofoil,,,
232333,Mudkip - 19/25,Mudkip 19 25,https://tcgplayer-cdn.tcgplayer.com/product/232333_200w.jpg,3,2782,https://cpt.tcgcsv.com/HXS2,2025-10-31T19:09:36.79,1,019/025,Promo,Water,60,Basic,[W] Tackle (10),Gx2,1,1.52,2.35,58.25,2.29,2.33,Holofoil,[1W] Mud Slap (20),,
232333,Mudkip - 19/25,Mudkip 19 25,https://tcgplayer-cdn.tcgplayer.com/product/232333_200w.jpg,3,2782,https://cpt.tcgcsv.com/HXS2,2025-10-31T19:09:36.79,1,019/025,Promo,Water,60,Basic,[W] Tackle (10),Gx2,1,0.2,0.52,30.0,0.52,0.4,Normal,[1W] Mud Slap (20),,
232334,Piplup - 20/25,Piplup 20 25,https://tcgplayer-cdn.tcgplayer.com/product/232334_200w.jpg,3,2782,https://cpt.tcgcsv.com/JXS2,2025-10-31T19:09:34.763,1,020/025,Promo,Water,70,Basic,[1] Peck (10),Lx2,1,0.15,0.65,16.25,0.72,,Normal,[1W] Wave Splash (20),,
232334,Piplup - 20/25,Piplup 20 25,https://tcgplayer-cdn.tcgplayer.com/product/232334_200w.jpg,3,2782,https://cpt.tcgcsv.com/JXS2,2025-10-31T19:09:34.763,1,020/025,Promo,Water,70,Basic,[1] Peck (10),Lx2,1,0.59,2.57,19.5,2.45,2.49,Holofoil,[1W] Wave Splash (20),,
232335,Oshawott - 21/25,Oshawott 21 25,https://tcgplayer-cdn.tcgplayer.com/product/232335_200w.jpg,3,2782,https://cpt.tcgcsv.com/KXS2,2025-11-13T14:00:48.743,1,021/025,Promo,Water,60,Basic,"[1W] Water Pulse (20)
<br>Flip a coin. If heads, the Defending Pokémon is now Asleep.",Lx2,1,0.11,0.45,3.5,0.45,0.25,Normal,,,
232335,Oshawott - 21/25,Oshawott 21 25,https://tcgplayer-cdn.tcgplayer.com/product/232335_200w.jpg,3,2782,https://cpt.tcgcsv.com/KXS2,2025-11-13T14:00:48.743,1,021/025,Promo,Water,60,Basic,"[1W] Water Pulse (20)
<br>Flip a coin. If heads, the Defending Pokémon is now Asleep.",Lx2,1,0.75,1.58,3.59,1.6,1.04,Holofoil,,,
232336,Froakie - 22/25,Froakie 22 25,https://tcgplayer-cdn.tcgplayer.com/product/232336_200w.jpg,3,2782,https://cpt.tcgcsv.com/LXS2,2026-02-27T23:48:16.773,1,022/025,Promo,Water,60,Basic,[W] Pound (10),Gx2,1,0.09,0.37,15.0,0.34,0.22,Normal,[1W] Water Drip (20),,
232336,Froakie - 22/25,Froakie 22 25,https://tcgplayer-cdn.tcgplayer.com/product/232336_200w.jpg,3,2782,https://cpt.tcgcsv.com/LXS2,2026-02-27T23:48:16.773,1,022/025,Promo,Water,60,Basic,[W] Pound (10),Gx2,1,0.7,1.58,4.95,1.54,1.58,Holofoil,[1W] Water Drip (20),,
232337,Popplio - 23/25,Popplio 23 25,https://tcgplayer-cdn.tcgplayer.com/product/232337_200w.jpg,3,2782,https://cpt.tcgcsv.com/MXS2,2026-01-28T16:14:32.947,1,023/025,Promo,Water,70,Basic,[W] Pound (10),Gx2,1,0.08,0.35,7.25,0.29,,Normal,[1W] Water Gun (20),,
232337,Popplio - 23/25,Popplio 23 25,https://tcgplayer-cdn.tcgplayer.com/product/232337_200w.jpg,3,2782,https://cpt.tcgcsv.com/MXS2,2026-01-28T16:14:32.947,1,023/025,Promo,Water,70,Basic,[W] Pound (10),Gx2,1,1.18,2.29,55.5,2.25,3.97,Holofoil,[1W] Water Gun (20),,
232338,Sobble - 24/25,Sobble 24 25,https://tcgplayer-cdn.tcgplayer.com/product/232338_200w.jpg,3,2782,https://cpt.tcgcsv.com/NXS2,2025-10-31T19:09:36.573,1,024/025,Promo,Water,60,Basic,"[1W] Bind (20)
<br>Flip a coin. If heads, your opponent's Active Pokémon is now Paralyzed.",Lx2,1,2.0,3.64,96.95,3.03,3.99,Holofoil,,,
232338,Sobble - 24/25,Sobble 24 25,https://tcgplayer-cdn.tcgplayer.com/product/232338_200w.jpg,3,2782,https://cpt.tcgcsv.com/NXS2,2025-10-31T19:09:36.573,1,024/025,Promo,Water,60,Basic,"[1W] Bind (20)
<br>Flip a coin. If heads, your opponent's Active Pokémon is now Paralyzed.",Lx2,1,0.12,0.4,2.49,0.4,0.22,Normal,,,
232339,Pikachu - 25/25,Pikachu 25 25,https://tcgplayer-cdn.tcgplayer.com/product/232339_200w.jpg,3,2782,https://cpt.tcgcsv.com/PXS2,2026-02-18T21:15:29.383,1,025/025,Promo,Lightning,60,Basic,"[L] Meal Time
<br>Flip a coin until you get tails. For each heads, draw a card.",Fx2,1,0.5,2.82,66.2,2.75,,Normal,[1L] Gnaw (20),M-20,
232339,Pikachu - 25/25,Pikachu 25 25,https://tcgplayer-cdn.tcgplayer.com/product/232339_200w.jpg,3,2782,https://cpt.tcgcsv.com/PXS2,2026-02-18T21:15:29.383,1,025/025,Promo,Lightning,60,Basic,"[L] Meal Time
<br>Flip a coin until you get tails. For each heads, draw a card.",Fx2,1,8.0,21.62,59.99,20.47,,Holofoil,[1L] Gnaw (20),M-20,
232341,Litten - 15/25,Litten 15 25,https://tcgplayer-cdn.tcgplayer.com/product/232341_200w.jpg,3,2782,https://cpt.tcgcsv.com/RXS2,2026-02-28T05:06:52.5,1,015/025,Promo,Fire,70,Basic,[R] Bite (10),Wx2,1,0.48,1.26,7.29,1.25,0.66,Holofoil,[1R] Flare (20),,
232341,Litten - 15/25,Litten 15 25,https://tcgplayer-cdn.tcgplayer.com/product/232341_200w.jpg,3,2782,https://cpt.tcgcsv.com/RXS2,2026-02-28T05:06:52.5,1,015/025,Promo,Fire,70,Basic,[R] Bite (10),Wx2,1,0.05,0.41,2.0,0.4,,Normal,[1R] Flare (20),,
232748,McDonald's 25th Anniversary Booster Pack,McDonalds 25th Anniversary Booster Pack,https://tcgplayer-cdn.tcgplayer.com/product/232748_200w.jpg,3,2782,https://cpt.tcgcsv.com/-6T2,2021-02-16T13:40:43.563,1,,,,,,,,,4.99,7.81,35.0,7.32,,Normal,,,Each McDonald's 25th Anniversary booster pack contains 4 promo cards.
