productId,name,cleanName,imageUrl,categoryId,groupId,url,modifiedOn,imageCount,extNumber,extRarity,extCardType,extHP,extStage,extCardText,extAttack1,extWeakness,extResistance,extRetreatCost,lowPrice,midPrice,highPrice,marketPrice,directLowPrice,subTypeName,extAttack2,extAttack3,extUPC
83466,Aerodactyl,Aerodactyl,https://tcgplayer-cdn.tcgplayer.com/product/83466_200w.jpg,3,1389,https://cpt.tcgcsv.com/lpH,2022-11-27T18:16:47.817,1,15/64,Rare,Fighting,60,Stage 1,"<strong>Pokémon Power: Prehistoric Memory</strong> Whenever an Evolved Pokémon attacks <em>(even if it's your opponent's)</em>, it can use any attack from its Basic Pokémon card or any Evolution card attached to it. It still has to pay for that attack's Energy cost. This power stops working while Aerodactyl is Asleep, Confused, or Paralyzed.","[3] Fly (30)
<br>Flip a coin. If heads, during your opponent's next turn, prevent all effects of attacks, including damage, done to Aerodactyl. If tails, this attack does nothing <em>(not even damage)</em>.",G,F-30,2,14.18,37.09,60.0,22.38,,1st Edition,,,
83466,Aerodactyl,Aerodactyl,https://tcgplayer-cdn.tcgplayer.com/product/83466_200w.jpg,3,1389,https://cpt.tcgcsv.com/lpH,2022-11-27T18:16:47.817,1,15/64,Rare,Fighting,60,Stage 1,"<strong>Pokémon Power: Prehistoric Memory</strong> Whenever an Evolved Pokémon attacks <em>(even if it's your opponent's)</em>, it can use any attack from its Basic Pokémon card or any Evolution card attached to it. It still has to pay for that attack's Energy cost. This power stops working while Aerodactyl is Asleep, Confused, or Paralyzed.","[3] Fly (30)
<br>Flip a coin. If heads, during your opponent's next turn, prevent all effects of attacks, including damage, done to Aerodactyl. If tails, this attack does nothing <em>(not even damage)</em>.",G,F-30,2,4.1,5.5,26.04,6.04,,Unlimited,,,
83486,Aipom,Aipom,https://tcgplayer-cdn.tcgplayer.com/product/83486_200w.jpg,3,1389,https://cpt.tcgcsv.com/LpH,2025-02-05T21:03:42.733,1,41/64,Common,Colorless,40,Basic,,"[1] Grab
<br>Choose a Trainer card attached to 1 of your opponent's Pokémon. Your opponent shuffles that card into his or her deck.",F,P-30,,0.99,1.89,12.94,1.81,,1st Edition,[2] Tail Punch (20),,
83486,Aipom,Aipom,https://tcgplayer-cdn.tcgplayer.com/product/83486_200w.jpg,3,1389,https://cpt.tcgcsv.com/LpH,2025-02-05T21:03:42.733,1,41/64,Common,Colorless,40,Basic,,"[1] Grab
<br>Choose a Trainer card attached to 1 of your opponent's Pokémon. Your opponent shuffles that card into his or her deck.",F,P-30,,0.25,0.5,20.82,0.84,,Unlimited,[2] Tail Punch (20),,
83535,Ampharos,Ampharos,https://tcgplayer-cdn.tcgplayer.com/product/83535_200w.jpg,3,1389,https://cpt.tcgcsv.com/KqH,2023-08-22T18:44:04.643,1,01/64,Holo Rare,Lightning,90,Stage 2,,"[L] Attract Current (20)
<br>Flip 3 coins. For each heads, you may search your deck for a Lightning Energy card and attach it to 1 of your Lightning Pokémon. Shuffle your deck afterward.",F,,3,114.57,129.99,219.95,90.46,,1st Edition Holofoil,"[1LLL] Gigavolt (40+)
<br>Flip a coin. If heads, this attack does 40 damage plus 20 more damage. If tails, this attack does 40 damage and the Defending Pokémon is now Paralyzed.",,
83535,Ampharos,Ampharos,https://tcgplayer-cdn.tcgplayer.com/product/83535_200w.jpg,3,1389,https://cpt.tcgcsv.com/KqH,2023-08-22T18:44:04.643,1,01/64,Holo Rare,Lightning,90,Stage 2,,"[L] Attract Current (20)
<br>Flip 3 coins. For each heads, you may search your deck for a Lightning Energy card and attach it to 1 of your Lightning Pokémon. Shuffle your deck afterward.",F,,3,41.99,69.5,96.95,71.29,96.95,Unlimited Holofoil,"[1LLL] Gigavolt (40+)
<br>Flip a coin. If heads, this attack does 40 damage plus 20 more damage. If tails, this attack does 40 damage and the Defending Pokémon is now Paralyzed.",,
83707,Balloon Berry,Balloon Berry,https://tcgplayer-cdn.tcgplayer.com/product/83707_200w.jpg,3,1389,https://cpt.tcgcsv.com/9vH,2025-11-22T03:28:26.9,1,60/64,Uncommon,Tool,,,"Attach Balloon Berry to 1 of your Pokémon that doesn't have a Pokémon Tool attached to it.
<br>
When the Pokémon Balloon Berry is attached to retreats, discard Balloon Berry instead of discarding Energy cards.",,,,,0.5,0.99,4.99,1.01,,1st Edition,,,
83707,Balloon Berry,Balloon Berry,https://tcgplayer-cdn.tcgplayer.com/product/83707_200w.jpg,3,1389,https://cpt.tcgcsv.com/9vH,2025-11-22T03:28:26.9,1,60/64,Uncommon,Tool,,,"Attach Balloon Berry to 1 of your Pokémon that doesn't have a Pokémon Tool attached to it.
<br>
When the Pokémon Balloon Berry is attached to retreats, discard Balloon Berry instead of discarding Energy cards.",,,,,0.2,0.68,20.53,0.68,,Unlimited,,,
83918,Blissey,Blissey,https://tcgplayer-cdn.tcgplayer.com/product/83918_200w.jpg,3,1389,https://cpt.tcgcsv.com/nBH,2022-11-27T18:21:26.78,1,02/64,Holo Rare,Colorless,120,Stage 1,"<strong>Pokémon Power: Softboiled</strong> When you play Blissey from your hand, you may flip a coin. If heads, remove 8 damage counters from Blissey. If tails, remove 4 damage counters from Blissey. Either way, if Blissey has fewer damage counters than that, remove all of them.","[4] Body Slam (30)
<br>Flip a coin. If heads, the Defending Pokémon is now Paralyzed.",F,P-30,2,169.0,170.0,175.0,175.0,,1st Edition Holofoil,,,
83918,Blissey,Blissey,https://tcgplayer-cdn.tcgplayer.com/product/83918_200w.jpg,3,1389,https://cpt.tcgcsv.com/nBH,2022-11-27T18:21:26.78,1,02/64,Holo Rare,Colorless,120,Stage 1,"<strong>Pokémon Power: Softboiled</strong> When you play Blissey from your hand, you may flip a coin. If heads, remove 8 damage counters from Blissey. If tails, remove 4 damage counters from Blissey. Either way, if Blissey has fewer damage counters than that, remove all of them.","[4] Body Slam (30)
<br>Flip a coin. If heads, the Defending Pokémon is now Paralyzed.",F,P-30,2,58.99,67.84,9999.0,76.8,,Unlimited Holofoil,,,
84141,Celebi (3),Celebi 3,https://tcgplayer-cdn.tcgplayer.com/product/84141_200w.jpg,3,1389,https://cpt.tcgcsv.com/RGH,2022-11-27T18:24:35.05,1,03/64,Holo Rare,Psychic,50,Basic,"<strong>Pokémon Power: Time Travel</strong> If an opponent's attack would Knock Out Celebi, flip a coin. If heads, Celebi isn't Knocked Out and you shuffle it and all cards attached to it into your deck. This power doesn't work if Celebi is already Asleep, Confused, or Paralyzed.","[P] Psychic Damage
<br>Flip 3 coins. For each heads, put 1 damage counter on the Defending Pokémon.",P,,1,299.99,5149.5,9999.0,144.1,,1st Edition Holofoil,,,
84141,Celebi (3),Celebi 3,https://tcgplayer-cdn.tcgplayer.com/product/84141_200w.jpg,3,1389,https://cpt.tcgcsv.com/RGH,2022-11-27T18:24:35.05,1,03/64,Holo Rare,Psychic,50,Basic,"<strong>Pokémon Power: Time Travel</strong> If an opponent's attack would Knock Out Celebi, flip a coin. If heads, Celebi isn't Knocked Out and you shuffle it and all cards attached to it into your deck. This power doesn't work if Celebi is already Asleep, Confused, or Paralyzed.","[P] Psychic Damage
<br>Flip 3 coins. For each heads, put 1 damage counter on the Defending Pokémon.",P,,1,80.0,109.99,9999.0,124.94,,Unlimited Holofoil,,,
84142,Celebi (16),Celebi 16,https://tcgplayer-cdn.tcgplayer.com/product/84142_200w.jpg,3,1389,https://cpt.tcgcsv.com/SGH,2022-11-27T18:23:06.65,1,16/64,Rare,Grass,50,Basic,,"[GG] Psychic Leaf (10+)
<br>Flip a coin for each Energy attached to the Defending Pokémon. This attack does 10 damage plus 10 more damage for each heads. Remove a number of damage counters from Celebi equal to the damage done to the Defending Pokémon <em>(after applying Weakness and Resistance)</em>. If Celebi has fewer damage counters than that, remove all of them.",R,,1,15.0,19.69,29.99,23.87,,1st Edition,,,
84142,Celebi (16),Celebi 16,https://tcgplayer-cdn.tcgplayer.com/product/84142_200w.jpg,3,1389,https://cpt.tcgcsv.com/SGH,2022-11-27T18:23:06.65,1,16/64,Rare,Grass,50,Basic,,"[GG] Psychic Leaf (10+)
<br>Flip a coin for each Energy attached to the Defending Pokémon. This attack does 10 damage plus 10 more damage for each heads. Remove a number of damage counters from Celebi equal to the damage done to the Defending Pokémon <em>(after applying Weakness and Resistance)</em>. If Celebi has fewer damage counters than that, remove all of them.",R,,1,8.48,16.6,9999.0,13.41,,Unlimited,,,
84299,Chinchou,Chinchou,https://tcgplayer-cdn.tcgplayer.com/product/84299_200w.jpg,3,1389,https://cpt.tcgcsv.com/_KH,2025-02-05T21:03:42.79,1,42/64,Common,Lightning,50,Basic,,"[L] Positive Ion (10+)
<br>Flip a coin. If heads, this attack does 10 damage plus 10 more damage. If tails, this attack does 10 damage.",F,,1,0.91,1.51,4.99,1.32,,1st Edition,"[W] Negative Ion (10)
<br>If the Defending Pokémon attacks Chinchou during your opponent's next turn, any damage done to Chinchou is reduced by 10 <em>(before applying Weakness and Resistance)</em>. <em>(Benching or evolving either Pokémon ends this effect.)</em>",,
84299,Chinchou,Chinchou,https://tcgplayer-cdn.tcgplayer.com/product/84299_200w.jpg,3,1389,https://cpt.tcgcsv.com/_KH,2025-02-05T21:03:42.79,1,42/64,Common,Lightning,50,Basic,,"[L] Positive Ion (10+)
<br>Flip a coin. If heads, this attack does 10 damage plus 10 more damage. If tails, this attack does 10 damage.",F,,1,0.25,0.47,20.46,0.46,,Unlimited,"[W] Negative Ion (10)
<br>If the Defending Pokémon attacks Chinchou during your opponent's next turn, any damage done to Chinchou is reduced by 10 <em>(before applying Weakness and Resistance)</em>. <em>(Benching or evolving either Pokémon ends this effect.)</em>",,
84482,Crobat,Crobat,https://tcgplayer-cdn.tcgplayer.com/product/84482_200w.jpg,3,1389,https://cpt.tcgcsv.com/GPH,2022-11-27T18:27:08.563,1,04/64,Holo Rare,Grass,90,Stage 2,,"[G] Triggered Poison (20)
<br>If your opponent attaches an Energy card to the Defending Pokémon during his or her next turn, that Pokémon becomes Poisoned.",P,F-30,1,74.99,75.0,100.0,72.63,,1st Edition Holofoil,"[1GG] Cross Attack (20x)
<br>Flip 4 coins. This attack does 20 damage times the number of heads. If you get 2 or more heads, the Defending Pokémon is now Confused.",,
84482,Crobat,Crobat,https://tcgplayer-cdn.tcgplayer.com/product/84482_200w.jpg,3,1389,https://cpt.tcgcsv.com/GPH,2022-11-27T18:27:08.563,1,04/64,Holo Rare,Grass,90,Stage 2,,"[G] Triggered Poison (20)
<br>If your opponent attaches an Energy card to the Defending Pokémon during his or her next turn, that Pokémon becomes Poisoned.",P,F-30,1,33.15,44.44,58.0,44.81,,Unlimited Holofoil,"[1GG] Cross Attack (20x)
<br>Flip 4 coins. This attack does 20 damage times the number of heads. If you get 2 or more heads, the Defending Pokémon is now Confused.",,
84745,Delibird,Delibird,https://tcgplayer-cdn.tcgplayer.com/product/84745_200w.jpg,3,1389,https://cpt.tcgcsv.com/WVH,2022-11-27T18:28:11.217,1,05/64,Holo Rare,Colorless,60,Basic,,"[2] Present
<br>Flip 3 coins. If exactly 1 is heads, this attack does 40 damage. If exactly 2 are heads, remove 3 damage counters from the Defending Pokémon. If the Defending Pokémon has fewer damage counters than that, remove all of them. If all 3 are heads, this attack does 60 damage. If all 3 are tails, remove all damage counters from the Defending Pokémon.",L,F-30,1,50.0,70.48,73.04,70.35,,1st Edition Holofoil,,,
84745,Delibird,Delibird,https://tcgplayer-cdn.tcgplayer.com/product/84745_200w.jpg,3,1389,https://cpt.tcgcsv.com/WVH,2022-11-27T18:28:11.217,1,05/64,Holo Rare,Colorless,60,Basic,,"[2] Present
<br>Flip 3 coins. If exactly 1 is heads, this attack does 40 damage. If exactly 2 are heads, remove 3 damage counters from the Defending Pokémon. If the Defending Pokémon has fewer damage counters than that, remove all of them. If all 3 are heads, this attack does 60 damage. If all 3 are tails, remove all damage counters from the Defending Pokémon.",L,F-30,1,32.0,39.43,41.89,37.02,,Unlimited Holofoil,,,
85266,Entei (6),Entei 6,https://tcgplayer-cdn.tcgplayer.com/product/85266_200w.jpg,3,1389,https://cpt.tcgcsv.com/l7J,2026-02-16T19:52:59.283,1,06/64,Holo Rare,Fire,80,Basic,"<strong>Pokémon Power: Howl</strong> When you play Entei from your hand, you may discard the top 5 cards of your deck. <em>(If you have fewer cards in your deck than that, discard all of them.)</em> If any of those are Fire Energy cards, attach them to any of your Fire Pokémon of your choice. Using this power ends your turn.","[RRR] Searing Flames (60)
<br>Discard 2 Fire Energy cards attached to Entei or this attack does nothing.",W,,1,9998.99,9999.0,10000.0,324.68,,1st Edition Holofoil,,,
85266,Entei (6),Entei 6,https://tcgplayer-cdn.tcgplayer.com/product/85266_200w.jpg,3,1389,https://cpt.tcgcsv.com/l7J,2026-02-16T19:52:59.283,1,06/64,Holo Rare,Fire,80,Basic,"<strong>Pokémon Power: Howl</strong> When you play Entei from your hand, you may discard the top 5 cards of your deck. <em>(If you have fewer cards in your deck than that, discard all of them.)</em> If any of those are Fire Energy cards, attach them to any of your Fire Pokémon of your choice. Using this power ends your turn.","[RRR] Searing Flames (60)
<br>Discard 2 Fire Energy cards attached to Entei or this attack does nothing.",W,,1,123.46,160.26,229.99,149.5,179.33,Unlimited Holofoil,,,
85269,Entei (17),Entei 17,https://tcgplayer-cdn.tcgplayer.com/product/85269_200w.jpg,3,1389,https://cpt.tcgcsv.com/p7J,2025-11-22T03:29:51.383,1,17/64,Rare,Fire,60,Basic,"<strong>Pokémon Power: Legendary Body</strong> As long as Entei is your Active Pokémon, Entei and Energy cards attached to it aren't affected by effects from Trainer cards other than Stadium cards. As long as this Power is active, discard any Trainer cards attached to Entei. <em>(This power works even if Entei is Asleep, Confused, or Paralyzed.)</em>","[RRR] Mega Flame (50)
<br>Flip 2 coins. For each tails, discard 1 Fire Energy card from Entei, if it has any.",W,,,25.87,26.82,79.94,35.82,,1st Edition,,,
85269,Entei (17),Entei 17,https://tcgplayer-cdn.tcgplayer.com/product/85269_200w.jpg,3,1389,https://cpt.tcgcsv.com/p7J,2025-11-22T03:29:51.383,1,17/64,Rare,Fire,60,Basic,"<strong>Pokémon Power: Legendary Body</strong> As long as Entei is your Active Pokémon, Entei and Energy cards attached to it aren't affected by effects from Trainer cards other than Stadium cards. As long as this Power is active, discard any Trainer cards attached to Entei. <em>(This power works even if Entei is Asleep, Confused, or Paralyzed.)</em>","[RRR] Mega Flame (50)
<br>Flip 2 coins. For each tails, discard 1 Fire Energy card from Entei, if it has any.",W,,,10.86,14.75,39.0,17.87,23.59,Unlimited,,,
85382,Farfetch'd,Farfetchd,https://tcgplayer-cdn.tcgplayer.com/product/85382_200w.jpg,3,1389,https://cpt.tcgcsv.com/G9J,2025-11-22T03:30:40.517,1,43/64,Common,Colorless,50,Basic,,[1] Gust (10),L,F-30,1,1.0,1.81,2.99,1.82,,1st Edition,"[3] Leek Jab (40)
<br>This attack can't be used during your next turn. <em>(Benching Farfetch'd ends this effect.)</em>",,
85382,Farfetch'd,Farfetchd,https://tcgplayer-cdn.tcgplayer.com/product/85382_200w.jpg,3,1389,https://cpt.tcgcsv.com/G9J,2025-11-22T03:30:40.517,1,43/64,Common,Colorless,50,Basic,,[1] Gust (10),L,F-30,1,0.1,0.5,23.0,0.55,0.41,Unlimited,"[3] Leek Jab (40)
<br>This attack can't be used during your next turn. <em>(Benching Farfetch'd ends this effect.)</em>",,
85473,Flaaffy,Flaaffy,https://tcgplayer-cdn.tcgplayer.com/product/85473_200w.jpg,3,1389,https://cpt.tcgcsv.com/tcJ,2025-02-05T21:03:42.837,1,28/64,Uncommon,Lightning,70,Stage 1,,[L] Electric Punch (20),F,,1,3.0,3.68,14.99,3.35,,1st Edition,"[2L] Tail Shock (30)
<br>Flip a coin. If heads, this attack does 10 damage to each of your opponent's Benched Pokémon. <em>(Don't apply Weakness and Resistance for Benched Pokémon.)</em>",,
85473,Flaaffy,Flaaffy,https://tcgplayer-cdn.tcgplayer.com/product/85473_200w.jpg,3,1389,https://cpt.tcgcsv.com/tcJ,2025-02-05T21:03:42.837,1,28/64,Uncommon,Lightning,70,Stage 1,,[L] Electric Punch (20),F,,1,0.74,1.64,27007.04,1.8,,Unlimited,"[2L] Tail Shock (30)
<br>Flip a coin. If heads, this attack does 10 damage to each of your opponent's Benched Pokémon. <em>(Don't apply Weakness and Resistance for Benched Pokémon.)</em>",,
85683,Geodude,Geodude,https://tcgplayer-cdn.tcgplayer.com/product/85683_200w.jpg,3,1389,https://cpt.tcgcsv.com/HhJ,2025-02-05T21:03:42.883,1,44/64,Common,Fighting,40,Basic,,[F] Knuckle Punch (20),G,,1,0.5,1.5,4.99,1.5,,1st Edition,,,
85683,Geodude,Geodude,https://tcgplayer-cdn.tcgplayer.com/product/85683_200w.jpg,3,1389,https://cpt.tcgcsv.com/HhJ,2025-02-05T21:03:42.883,1,44/64,Common,Fighting,40,Basic,,[F] Knuckle Punch (20),G,,1,0.25,0.48,23.0,0.48,,Unlimited,,,
85790,Golbat,Golbat,https://tcgplayer-cdn.tcgplayer.com/product/85790_200w.jpg,3,1389,https://cpt.tcgcsv.com/QkJ,2023-08-16T14:55:28.667,1,29/64,Uncommon,Grass,60,Stage 1,,"[1] Screech
<br>Until the end of your next turn, if an attack damages the Defending Pokémon <em>(after applying Weakness and Resistance)<em>, that attack does 20 more damage to the Defending Pokémon.",G,F-30,,1.19,2.67,4.99,2.68,,1st Edition,"[1G] Poison Bite (10)
<br>If this attack damages the Defending Pokémon, the Defending Pokémon is now Poisoned and you remove a number of damage counters from Golbat equal to half that damage (rounded up to the nearest 10). If Golbat has fewer damage counters than that, remove all of them. Either way, the Defending Pokémon is now Poisoned.",,
85790,Golbat,Golbat,https://tcgplayer-cdn.tcgplayer.com/product/85790_200w.jpg,3,1389,https://cpt.tcgcsv.com/QkJ,2023-08-16T14:55:28.667,1,29/64,Uncommon,Grass,60,Stage 1,,"[1] Screech
<br>Until the end of your next turn, if an attack damages the Defending Pokémon <em>(after applying Weakness and Resistance)<em>, that attack does 20 more damage to the Defending Pokémon.",G,F-30,,0.39,1.0,23.0,1.21,1.39,Unlimited,"[1G] Poison Bite (10)
<br>If this attack damages the Defending Pokémon, the Defending Pokémon is now Poisoned and you remove a number of damage counters from Golbat equal to half that damage (rounded up to the nearest 10). If Golbat has fewer damage counters than that, remove all of them. Either way, the Defending Pokémon is now Poisoned.",,
85801,Goldeen,Goldeen,https://tcgplayer-cdn.tcgplayer.com/product/85801_200w.jpg,3,1389,https://cpt.tcgcsv.com/2lJ,2022-11-27T18:38:50.043,1,45/64,Common,Water,40,Basic,,"[1] Fin Smack (10x)
<br>Flip 2 coins. This attack does 10 damage times the number of heads.",L,,,1.52,2.75,5.99,2.39,,1st Edition,,,
85801,Goldeen,Goldeen,https://tcgplayer-cdn.tcgplayer.com/product/85801_200w.jpg,3,1389,https://cpt.tcgcsv.com/2lJ,2022-11-27T18:38:50.043,1,45/64,Common,Water,40,Basic,,"[1] Fin Smack (10x)
<br>Flip 2 coins. This attack does 10 damage times the number of heads.",L,,,0.42,1.0,23.0,0.86,,Unlimited,,,
85885,Graveler,Graveler,https://tcgplayer-cdn.tcgplayer.com/product/85885_200w.jpg,3,1389,https://cpt.tcgcsv.com/KmJ,2025-11-22T03:31:42.97,1,30/64,Uncommon,Fighting,70,Stage 1,,"[1F] Earthquake (40)
<br>Does 10 damage to each of your own Benched Pokémon. <em>(Don't apply Weakness and Resistance for Benched Pokémon.)</em>",G,,2,1.49,2.35,5.0,2.17,,1st Edition,"[FFF] Rock Tumble (50)
<br>Don't apply Resistance.",,
85885,Graveler,Graveler,https://tcgplayer-cdn.tcgplayer.com/product/85885_200w.jpg,3,1389,https://cpt.tcgcsv.com/KmJ,2025-11-22T03:31:42.97,1,30/64,Uncommon,Fighting,70,Stage 1,,"[1F] Earthquake (40)
<br>Does 10 damage to each of your own Benched Pokémon. <em>(Don't apply Weakness and Resistance for Benched Pokémon.)</em>",G,,2,0.31,0.9,20.82,0.93,0.37,Unlimited,"[FFF] Rock Tumble (50)
<br>Don't apply Resistance.",,
86041,Healing Field,Healing Field,https://tcgplayer-cdn.tcgplayer.com/product/86041_200w.jpg,3,1389,https://cpt.tcgcsv.com/RqJ,2023-08-23T09:19:11.157,1,61/64,Uncommon,Stadium,,,"This card stays in play when you play it. Discard this card if another Stadium card comes into play.
<br>
Once during each player's turn, he or she may flip a coin. If heads, that player removes 2 damage counters from his or her Active Pokémon (1 if it only has 1).",,,,,0.72,1.44,3.99,1.44,3.97,1st Edition,,,
86041,Healing Field,Healing Field,https://tcgplayer-cdn.tcgplayer.com/product/86041_200w.jpg,3,1389,https://cpt.tcgcsv.com/RqJ,2023-08-23T09:19:11.157,1,61/64,Uncommon,Stadium,,,"This card stays in play when you play it. Discard this card if another Stadium card comes into play.
<br>
Once during each player's turn, he or she may flip a coin. If heads, that player removes 2 damage counters from his or her Active Pokémon (1 if it only has 1).",,,,,0.4,0.75,4.0,0.75,0.57,Unlimited,,,
86118,Ho-oh (7),Ho oh 7,https://tcgplayer-cdn.tcgplayer.com/product/86118_200w.jpg,3,1389,https://cpt.tcgcsv.com/nsJ,2022-11-27T18:42:24.13,1,07/64,Holo Rare,Fire,90,Basic,,"[R] Stoke
<br>You may search your deck for a Fire Energy card and attach it to Ho-oh. Shuffle your deck afterward.",W,F-30,2,429.99,459.26,488.52,350.0,,1st Edition Holofoil,"[RRR] Sacred Fire
<br>Flip a coin. If heads, choose 1 of your opponent's Pokémon. This attack does 40 damage to that Pokémon. Don't apply Weakness and Resistance.","[RRRRR] Dive Bomb (90)
<br>Flip a coin. If tails, this attack does nothing.",
86118,Ho-oh (7),Ho oh 7,https://tcgplayer-cdn.tcgplayer.com/product/86118_200w.jpg,3,1389,https://cpt.tcgcsv.com/nsJ,2022-11-27T18:42:24.13,1,07/64,Holo Rare,Fire,90,Basic,,"[R] Stoke
<br>You may search your deck for a Fire Energy card and attach it to Ho-oh. Shuffle your deck afterward.",W,F-30,2,174.75,245.0,9999.0,236.92,,Unlimited Holofoil,"[RRR] Sacred Fire
<br>Flip a coin. If heads, choose 1 of your opponent's Pokémon. This attack does 40 damage to that Pokémon. Don't apply Weakness and Resistance.","[RRRRR] Dive Bomb (90)
<br>Flip a coin. If tails, this attack does nothing.",
86119,Ho-oh (18),Ho oh 18,https://tcgplayer-cdn.tcgplayer.com/product/86119_200w.jpg,3,1389,https://cpt.tcgcsv.com/psJ,2023-11-29T08:44:05.34,1,18/64,Rare,Colorless,90,Basic,,"[4] Rainbow Burn (30+)
<br>This attack does 30 damage plus 10 more for each type of Basic Energy card, if any, attached to Ho-oh.",W,F-30,2,27.96,62.59,9999.0,39.41,,1st Edition,,,
86119,Ho-oh (18),Ho oh 18,https://tcgplayer-cdn.tcgplayer.com/product/86119_200w.jpg,3,1389,https://cpt.tcgcsv.com/psJ,2023-11-29T08:44:05.34,1,18/64,Rare,Colorless,90,Basic,,"[4] Rainbow Burn (30+)
<br>This attack does 30 damage plus 10 more for each type of Basic Energy card, if any, attached to Ho-oh.",W,F-30,2,12.48,17.31,19.25,17.99,,Unlimited,,,
86198,Houndoom,Houndoom,https://tcgplayer-cdn.tcgplayer.com/product/86198_200w.jpg,3,1389,https://cpt.tcgcsv.com/-tJ,2026-03-13T05:24:43.623,1,08/64,Holo Rare,Darkness,70,Stage 1,,"[R] Dark Flame (20)
<br>Discard 1 Fire Energy card attached to Houndoom or this attack does nothing. If there are any Darkness Energy cards in your discard pile, attach 1 of them to Houndoom.",,P-30,1,244.25,383.23,9999.0,210.56,399.99,Unlimited Holofoil,"[2D] Black Fang (30+)
<br>Flip a number of coins equal to the number of Darkness Energy attached to Houndoom. This attack does 30 damage plus 10 more damage for each heads.",,
86362,Jumpluff,Jumpluff,https://tcgplayer-cdn.tcgplayer.com/product/86362_200w.jpg,3,1389,https://cpt.tcgcsv.com/gzJ,2026-02-16T19:51:13.953,1,09/64,Holo Rare,Grass,70,Stage 2,,"[G] Evolutionary Spore
<br>Choose any number of your Hoppips and Skiplooms. Then, for each Pokémon you chose in this way, you may search your deck for a card that evolves from that Pokémon and attach it to that Pokémon. <em>(This counts as evolving those Pokémon.)</em> Shuffle your deck afterward.",R,F-30,,46.0,55.25,83.99,49.68,,1st Edition Holofoil,[G] Solarbeam (30),,
86362,Jumpluff,Jumpluff,https://tcgplayer-cdn.tcgplayer.com/product/86362_200w.jpg,3,1389,https://cpt.tcgcsv.com/gzJ,2026-02-16T19:51:13.953,1,09/64,Holo Rare,Grass,70,Stage 2,,"[G] Evolutionary Spore
<br>Choose any number of your Hoppips and Skiplooms. Then, for each Pokémon you chose in this way, you may search your deck for a card that evolves from that Pokémon and attach it to that Pokémon. <em>(This counts as evolving those Pokémon.)</em> Shuffle your deck afterward.",R,F-30,,25.0,33.01,45.01,30.85,,Unlimited Holofoil,[G] Solarbeam (30),,
86373,Jynx,Jynx,https://tcgplayer-cdn.tcgplayer.com/product/86373_200w.jpg,3,1389,https://cpt.tcgcsv.com/tzJ,2023-07-08T14:19:40.457,1,31/64,Uncommon,Water,60,Basic,,"[W] Freezing Kiss Goodnight
<br>The Defending Pokémon is now Asleep.",P,,2,6.99,8.99,14.99,7.22,,1st Edition,"[1PP] Strange Dance (20+)
<br>Flip a coin. If heads, this attack does 20 damage plus 20 more damage and the Defending Pokémon is now Confused. If tails, this attack does 20 damage.",,
86373,Jynx,Jynx,https://tcgplayer-cdn.tcgplayer.com/product/86373_200w.jpg,3,1389,https://cpt.tcgcsv.com/tzJ,2023-07-08T14:19:40.457,1,31/64,Uncommon,Water,60,Basic,,"[W] Freezing Kiss Goodnight
<br>The Defending Pokémon is now Asleep.",P,,2,1.05,3.48,96.95,3.75,29.99,Unlimited,"[1PP] Strange Dance (20+)
<br>Flip a coin. If heads, this attack does 20 damage plus 20 more damage and the Defending Pokémon is now Confused. If tails, this attack does 20 damage.",,
86442,Kingdra,Kingdra,https://tcgplayer-cdn.tcgplayer.com/product/86442_200w.jpg,3,1389,https://cpt.tcgcsv.com/SBJ,2026-01-30T16:14:59.517,1,19/64,Rare,Water,90,Stage 2,,"[1] Genetic Memory
<br>Use any attack from Kingdra's Basic Pokémon card or Evolution card. (Kingdra doesn't have to pay for that attack's Energy cost.)",,,2,9.76,13.6,29.99,11.07,,1st Edition,"[2WW] Twister (50)
<br>Flip 2 coins. For each heads, choose an Energy card attached to the Defending Pokémon, if any, and discard it. If both are tails, this attack does nothing <em>(not even damage)</em>.",,
86442,Kingdra,Kingdra,https://tcgplayer-cdn.tcgplayer.com/product/86442_200w.jpg,3,1389,https://cpt.tcgcsv.com/SBJ,2026-01-30T16:14:59.517,1,19/64,Rare,Water,90,Stage 2,,"[1] Genetic Memory
<br>Use any attack from Kingdra's Basic Pokémon card or Evolution card. (Kingdra doesn't have to pay for that attack's Energy cost.)",,,2,5.13,6.06,99.99,7.62,39.99,Unlimited,"[2WW] Twister (50)
<br>Flip 2 coins. For each heads, choose an Energy card attached to the Defending Pokémon, if any, and discard it. If both are tails, this attack does nothing <em>(not even damage)</em>.",,
86602,Lanturn,Lanturn,https://tcgplayer-cdn.tcgplayer.com/product/86602_200w.jpg,3,1389,https://cpt.tcgcsv.com/3GJ,2024-09-22T04:00:52.1,1,32/64,Uncommon,Lightning,80,Stage 1,"<strong>Pokémon Power: Submerge</strong> Once during your turn <em>(before your attack)</em>, you may change Lanturn's type to Water until the end of your turn. This power can't be used if Lanturn is Asleep, Confused, or Paralyzed. If Lanturn becomes Asleep, Confused, or Paralyzed after you have used this power, its type changes back to Lightning.","[2L] Blinding Light (30)
<br>Flip a coin. If heads, the Defending Pokémon is now Confused.",F,,2,1.5,2.0,4.99,2.16,,1st Edition,,,
86602,Lanturn,Lanturn,https://tcgplayer-cdn.tcgplayer.com/product/86602_200w.jpg,3,1389,https://cpt.tcgcsv.com/3GJ,2024-09-22T04:00:52.1,1,32/64,Uncommon,Lightning,80,Stage 1,"<strong>Pokémon Power: Submerge</strong> Once during your turn <em>(before your attack)</em>, you may change Lanturn's type to Water until the end of your turn. This power can't be used if Lanturn is Asleep, Confused, or Paralyzed. If Lanturn becomes Asleep, Confused, or Paralyzed after you have used this power, its type changes back to Lightning.","[2L] Blinding Light (30)
<br>Flip a coin. If heads, the Defending Pokémon is now Confused.",F,,2,0.25,1.1,21.27,1.27,,Unlimited,,,
86904,Lugia,Lugia,https://tcgplayer-cdn.tcgplayer.com/product/86904_200w.jpg,3,1389,https://cpt.tcgcsv.com/6NJ,2023-12-13T18:23:43.147,1,20/64,Rare,Psychic,90,Basic,,"[4] Aerowing (40)
<br>You may flip a coin. If heads, this attack does 80 damage. If tails, this attack does nothing.",P,F-30,2,77.25,79.99,119.99,83.43,,1st Edition,,,
86904,Lugia,Lugia,https://tcgplayer-cdn.tcgplayer.com/product/86904_200w.jpg,3,1389,https://cpt.tcgcsv.com/6NJ,2023-12-13T18:23:43.147,1,20/64,Rare,Psychic,90,Basic,,"[4] Aerowing (40)
<br>You may flip a coin. If heads, this attack does 80 damage. If tails, this attack does nothing.",P,F-30,2,19.87,35.98,9999.0,29.78,,Unlimited,,,
87012,Magcargo,Magcargo,https://tcgplayer-cdn.tcgplayer.com/product/87012_200w.jpg,3,1389,https://cpt.tcgcsv.com/gQJ,2023-10-20T13:42:31.093,1,33/64,Uncommon,Fire,80,Stage 1,"<strong>Pokémon Power: Magma Pool</strong> If Magcargo is your Active Pokémon and moves to the Bench, remove 1 Fire Energy card attached to Magcargo, if any, and attach it to the new Active Pokémon. <em>(You can't choose an Energy card that you used to pay the Retreat Cost.)</em>","[RRR] Lava Flow (40+)
<br>You may discard any number of Fire Energy cards attached to Magcargo when you use this attack. If you do, this attack does 40 damage plus 20 more damage for each Fire Energy card you discarded in this way.",W,,3,2.35,3.94,998.99,3.94,179.8,1st Edition,,,
87012,Magcargo,Magcargo,https://tcgplayer-cdn.tcgplayer.com/product/87012_200w.jpg,3,1389,https://cpt.tcgcsv.com/gQJ,2023-10-20T13:42:31.093,1,33/64,Uncommon,Fire,80,Stage 1,"<strong>Pokémon Power: Magma Pool</strong> If Magcargo is your Active Pokémon and moves to the Bench, remove 1 Fire Energy card attached to Magcargo, if any, and attach it to the new Active Pokémon. <em>(You can't choose an Energy card that you used to pay the Retreat Cost.)</em>","[RRR] Lava Flow (40+)
<br>You may discard any number of Fire Energy cards attached to Magcargo when you use this attack. If you do, this attack does 40 damage plus 20 more damage for each Fire Energy card you discarded in this way.",W,,3,0.35,1.48,96.95,1.49,1.97,Unlimited,,,
87092,Magneton,Magneton,https://tcgplayer-cdn.tcgplayer.com/product/87092_200w.jpg,3,1389,https://cpt.tcgcsv.com/SRJ,2026-02-16T21:14:06.457,1,10/64,Holo Rare,Metal,80,Stage 1,"<strong>Pokémon Power: Electromagnetic Power</strong>
<br>
As often as you like during your turn <em>(before your attack)</em>, you may take 1 Energy card attached to 1 of your Magnemites, Magnetons, or Dark Magnetons and attach it to a different 1 of your Magnemites, Magnetons, or Dark Magnetons. This power can't be used if Magneton is Asleep, Confused, or Paralyzed.","[1LL] Plasma (30)
<br>If there are any Lightning Energy cards in your discard pile, attach 1 of them to Magneton.",R,G-30,2,57.5,80.65,98.95,33.5,,1st Edition Holofoil,,,
87092,Magneton,Magneton,https://tcgplayer-cdn.tcgplayer.com/product/87092_200w.jpg,3,1389,https://cpt.tcgcsv.com/SRJ,2026-02-16T21:14:06.457,1,10/64,Holo Rare,Metal,80,Stage 1,"<strong>Pokémon Power: Electromagnetic Power</strong>
<br>
As often as you like during your turn <em>(before your attack)</em>, you may take 1 Energy card attached to 1 of your Magnemites, Magnetons, or Dark Magnetons and attach it to a different 1 of your Magnemites, Magnetons, or Dark Magnetons. This power can't be used if Magneton is Asleep, Confused, or Paralyzed.","[1LL] Plasma (30)
<br>If there are any Lightning Energy cards in your discard pile, attach 1 of them to Magneton.",R,G-30,2,18.0,28.57,40.0,27.77,27.59,Unlimited Holofoil,,,
87501,Misdreavus,Misdreavus,https://tcgplayer-cdn.tcgplayer.com/product/87501_200w.jpg,3,1389,https://cpt.tcgcsv.com/20K,2022-11-27T18:54:14.72,1,11/64,Holo Rare,Psychic,50,Basic,,"[P] Night Eyes
<br>The Defending Pokémon is now Asleep.",,F-30,1,92.13,127.5,9999.0,130.24,,1st Edition Holofoil,"[PPP] Perish Song
<br>If the Defending Pokémon is Asleep, and was attacked with Night Eyes during your last turn, it is Knocked Out.",,
87501,Misdreavus,Misdreavus,https://tcgplayer-cdn.tcgplayer.com/product/87501_200w.jpg,3,1389,https://cpt.tcgcsv.com/20K,2022-11-27T18:54:14.72,1,11/64,Holo Rare,Psychic,50,Basic,,"[P] Night Eyes
<br>The Defending Pokémon is now Asleep.",,F-30,1,28.37,33.95,77.63,51.56,,Unlimited Holofoil,"[PPP] Perish Song
<br>If the Defending Pokémon is Asleep, and was attacked with Night Eyes during your last turn, it is Knocked Out.",,
87647,Murkrow,Murkrow,https://tcgplayer-cdn.tcgplayer.com/product/87647_200w.jpg,3,1389,https://cpt.tcgcsv.com/Z3K,2025-02-05T21:03:42.943,1,46/64,Common,Darkness,40,Basic,,"[1] Call for Family
<br>Search your deck for a card named Murkrow and put it onto your Bench. Shuffle your deck afterward. <em>(You can't use this attack if your Bench is full.)</em>",,P-30,,1.08,1.89,5.0,2.03,,1st Edition,"[2] Flock Attack (10+)
<br>Flip a number of coins equal to the number of Murkrows on your Bench. This attack does 10 damage plus 10 more damage for each heads.",,
87647,Murkrow,Murkrow,https://tcgplayer-cdn.tcgplayer.com/product/87647_200w.jpg,3,1389,https://cpt.tcgcsv.com/Z3K,2025-02-05T21:03:42.943,1,46/64,Common,Darkness,40,Basic,,"[1] Call for Family
<br>Search your deck for a card named Murkrow and put it onto your Bench. Shuffle your deck afterward. <em>(You can't use this attack if your Bench is full.)</em>",,P-30,,0.22,0.7,20.62,0.73,,Unlimited,"[2] Flock Attack (10+)
<br>Flip a number of coins equal to the number of Murkrows on your Bench. This attack does 10 damage plus 10 more damage for each heads.",,
87830,Octillery,Octillery,https://tcgplayer-cdn.tcgplayer.com/product/87830_200w.jpg,3,1389,https://cpt.tcgcsv.com/D8K,2025-11-22T03:33:08.173,1,34/64,Uncommon,Water,80,Stage 1,,"[W] Constrict (10)
<br>Flip a coin. If heads, the Defending Pokémon is now Paralyzed.",L,,2,3.05,5.0,12.99,4.42,,1st Edition,"[WWW] Octazooka (40)
<br>Flip a coin. If heads, whenever the Defending Pokémon attacks, your opponent flips a coin. If tails that attack does nothing. <em>(Benching or evolving that Pokémon ends this effect.)</em>",,
87830,Octillery,Octillery,https://tcgplayer-cdn.tcgplayer.com/product/87830_200w.jpg,3,1389,https://cpt.tcgcsv.com/D8K,2025-11-22T03:33:08.173,1,34/64,Uncommon,Water,80,Stage 1,,"[W] Constrict (10)
<br>Flip a coin. If heads, the Defending Pokémon is now Paralyzed.",L,,2,1.0,1.56,22.16,2.16,2.73,Unlimited,"[WWW] Octazooka (40)
<br>Flip a coin. If heads, whenever the Defending Pokémon attacks, your opponent flips a coin. If tails that attack does nothing. <em>(Benching or evolving that Pokémon ends this effect.)</em>",,
87851,Old Rod,Old Rod,https://tcgplayer-cdn.tcgplayer.com/product/87851_200w.jpg,3,1389,https://cpt.tcgcsv.com/29K,2022-11-27T19:32:09.38,1,64/64,Common,Item,,,"Flip 2 coins. If both are heads, put a Baby Pokémon, Basic Pokémon, or Evolution card from your discard pile into your hand. If both are tails, put a Trainer card from your discard pile into your hand.",,,,,0.27,0.73,10.0,0.88,0.45,1st Edition,,,
87851,Old Rod,Old Rod,https://tcgplayer-cdn.tcgplayer.com/product/87851_200w.jpg,3,1389,https://cpt.tcgcsv.com/29K,2022-11-27T19:32:09.38,1,64/64,Common,Item,,,"Flip 2 coins. If both are heads, put a Baby Pokémon, Basic Pokémon, or Evolution card from your discard pile into your hand. If both are tails, put a Trainer card from your discard pile into your hand.",,,,,0.2,0.37,20.38,0.38,,Unlimited,,,
87947,Paras,Paras,https://tcgplayer-cdn.tcgplayer.com/product/87947_200w.jpg,3,1389,https://cpt.tcgcsv.com/ZbK,2025-11-22T03:34:55.933,1,47/64,Common,Grass,40,Basic,,"[G] Sleep Spore (10)
<br>Flip a coin. If heads, the Defending Pokémon is now Asleep.",R,,1,0.7,1.51,21.3,1.84,,1st Edition,[2] Scratch (20),,
87947,Paras,Paras,https://tcgplayer-cdn.tcgplayer.com/product/87947_200w.jpg,3,1389,https://cpt.tcgcsv.com/ZbK,2025-11-22T03:34:55.933,1,47/64,Common,Grass,40,Basic,,"[G] Sleep Spore (10)
<br>Flip a coin. If heads, the Defending Pokémon is now Asleep.",R,,1,0.3,0.59,23.0,0.59,0.56,Unlimited,[2] Scratch (20),,
87955,Parasect,Parasect,https://tcgplayer-cdn.tcgplayer.com/product/87955_200w.jpg,3,1389,https://cpt.tcgcsv.com/7cK,2025-11-22T03:35:36.177,1,35/64,Uncommon,Grass,60,Stage 1,"<strong>Pokémon Power: Allergic Pollen</strong> As long as Parasect is in play, cards in any player's discard piles are not affected by attacks or Pokémon Power. This power stops working if Parasect becomes Asleep, Confused, or Paralyzed.","[GG] Sleep Pinchers (30)
<br>Flip a coin. If heads, the Defending Pokémon is now Asleep.",R,,2,1.33,2.58,4.99,2.34,,1st Edition,,,
87955,Parasect,Parasect,https://tcgplayer-cdn.tcgplayer.com/product/87955_200w.jpg,3,1389,https://cpt.tcgcsv.com/7cK,2025-11-22T03:35:36.177,1,35/64,Uncommon,Grass,60,Stage 1,"<strong>Pokémon Power: Allergic Pollen</strong> As long as Parasect is in play, cards in any player's discard piles are not affected by attacks or Pokémon Power. This power stops working if Parasect becomes Asleep, Confused, or Paralyzed.","[GG] Sleep Pinchers (30)
<br>Flip a coin. If heads, the Defending Pokémon is now Asleep.",R,,2,0.5,0.99,27831.64,1.25,1.44,Unlimited,,,
88114,Piloswine,Piloswine,https://tcgplayer-cdn.tcgplayer.com/product/88114_200w.jpg,3,1389,https://cpt.tcgcsv.com/jgK,2022-11-27T19:32:41.643,1,36/64,Uncommon,Fighting,90,Stage 1,,"[2] Nap
<br>Remove 3 damage counters from Piloswine. If it has fewer damage counters than that, remove all of them.",G,L-30,3,1.48,2.32,4.99,2.32,,1st Edition,"[2FF] High-Speed Charge (80)
<br>Piloswine does 30 damage to itself. Piloswine can't use this attack during your next turn.",,
88114,Piloswine,Piloswine,https://tcgplayer-cdn.tcgplayer.com/product/88114_200w.jpg,3,1389,https://cpt.tcgcsv.com/jgK,2022-11-27T19:32:41.643,1,36/64,Uncommon,Fighting,90,Stage 1,,"[2] Nap
<br>Remove 3 damage counters from Piloswine. If it has fewer damage counters than that, remove all of them.",G,L-30,3,0.35,1.0,7.99,1.12,,Unlimited,"[2FF] High-Speed Charge (80)
<br>Piloswine does 30 damage to itself. Piloswine can't use this attack during your next turn.",,
88208,Pokemon Breeder Fields,Pokemon Breeder Fields,https://tcgplayer-cdn.tcgplayer.com/product/88208_200w.jpg,3,1389,https://cpt.tcgcsv.com/bjK,2025-02-05T21:03:43.04,1,62/64,Uncommon,Trainer,,,"Flip a coin for 1 or 2 of your non-Baby Pokémon that can evolve. For each heads, search your deck for a later-Stage card that matches that Pokémon. Then put that card into your hand. Shuffle your deck afterward.",,,,,1.76,10.39,25.0,5.9,,1st Edition,,,
88208,Pokemon Breeder Fields,Pokemon Breeder Fields,https://tcgplayer-cdn.tcgplayer.com/product/88208_200w.jpg,3,1389,https://cpt.tcgcsv.com/bjK,2025-02-05T21:03:43.04,1,62/64,Uncommon,Trainer,,,"Flip a coin for 1 or 2 of your non-Baby Pokémon that can evolve. For each heads, search your deck for a later-Stage card that matches that Pokémon. Then put that card into your hand. Shuffle your deck afterward.",,,,,0.73,1.01,4.99,0.94,,Unlimited,,,
88322,Porygon2,Porygon2,https://tcgplayer-cdn.tcgplayer.com/product/88322_200w.jpg,3,1389,https://cpt.tcgcsv.com/slK,2026-02-16T21:14:34.457,1,12/64,Holo Rare,Colorless,70,Stage 1,"<strong>Pokémon Power: Energy Converter</strong> Once during your turn <em>(before your attack)</em>, you may choose 1 basic Energy card attached to 1 of your Pokémon and choose an Energy type. Treat that Energy card as that type until the end of your turn. This power can't be used if Porygon2 is Asleep, Confused, or Paralyzed. If Porygon2 becomes Asleep, Confused, or Paralyzed, the Energy card goes back to its original type.","[3] Delta Beam (20)
<br>Flip a coin. If heads, choose whether the Defending Pokémon becomes Asleep, Confused, or Paralyzed.",F,P-30,1,70.0,99.99,9999.0,97.0,,1st Edition Holofoil,,,
88322,Porygon2,Porygon2,https://tcgplayer-cdn.tcgplayer.com/product/88322_200w.jpg,3,1389,https://cpt.tcgcsv.com/slK,2026-02-16T21:14:34.457,1,12/64,Holo Rare,Colorless,70,Stage 1,"<strong>Pokémon Power: Energy Converter</strong> Once during your turn <em>(before your attack)</em>, you may choose 1 basic Energy card attached to 1 of your Pokémon and choose an Energy type. Treat that Energy card as that type until the end of your turn. This power can't be used if Porygon2 is Asleep, Confused, or Paralyzed. If Porygon2 becomes Asleep, Confused, or Paralyzed, the Energy card goes back to its original type.","[3] Delta Beam (20)
<br>Flip a coin. If heads, choose whether the Defending Pokémon becomes Asleep, Confused, or Paralyzed.",F,P-30,1,30.0,42.99,64.3,44.73,42.99,Unlimited Holofoil,,,
88469,Quagsire,Quagsire,https://tcgplayer-cdn.tcgplayer.com/product/88469_200w.jpg,3,1389,https://cpt.tcgcsv.com/ppK,2026-03-09T15:07:02.723,1,48/64,Common,Water,70,Stage 1,,[FF] Mud Slap (30),G,L-30,2,3.68,4.38,7.5,3.97,,1st Edition,"[2WW] Whirlpool (40)
<br>If the Defending Pokémon has any Energy cards attached to it, choose 1 of them and discard it.",,
88469,Quagsire,Quagsire,https://tcgplayer-cdn.tcgplayer.com/product/88469_200w.jpg,3,1389,https://cpt.tcgcsv.com/ppK,2026-03-09T15:07:02.723,1,48/64,Common,Water,70,Stage 1,,[FF] Mud Slap (30),G,L-30,2,0.75,2.53,111.49,2.19,2.57,Unlimited,"[2WW] Whirlpool (40)
<br>If the Defending Pokémon has any Energy cards attached to it, choose 1 of them and discard it.",,
88492,Qwilfish,Qwilfish,https://tcgplayer-cdn.tcgplayer.com/product/88492_200w.jpg,3,1389,https://cpt.tcgcsv.com/SpK,2023-07-13T15:51:43.713,1,49/64,Common,Water,60,Basic,,"[W] Poison Sting (10)
<br>Flip a coin. If heads, the Defending Pokémon is now Poisoned.",L,,1,1.2,1.99,9.69,1.49,,1st Edition,"[2] Needle Storm (20x)
<br>Flip a coin until you get tails. This attack does 20 damage times the number of heads you get.",,
88492,Qwilfish,Qwilfish,https://tcgplayer-cdn.tcgplayer.com/product/88492_200w.jpg,3,1389,https://cpt.tcgcsv.com/SpK,2023-07-13T15:51:43.713,1,49/64,Common,Water,60,Basic,,"[W] Poison Sting (10)
<br>Flip a coin. If heads, the Defending Pokémon is now Poisoned.",L,,1,0.25,0.61,20.66,0.67,,Unlimited,"[2] Needle Storm (20x)
<br>Flip a coin until you get tails. This attack does 20 damage times the number of heads you get.",,
88500,Raichu,Raichu,https://tcgplayer-cdn.tcgplayer.com/product/88500_200w.jpg,3,1389,https://cpt.tcgcsv.com/0qK,2025-11-22T03:36:25.027,1,21/64,Rare,Lightning,80,Stage 1,,"[1L] Thundershock (20)
<br>Flip a coin. If heads, the Defending Pokémon is now Paralyzed.",F,,1,9.51,11.96,36.75,27.62,,1st Edition,"[LLL] Lightning Strike (40)
<br>You may discard all Lightning Energy cards attached to Raichu. If you do, this attack does 80 damage.",,
88500,Raichu,Raichu,https://tcgplayer-cdn.tcgplayer.com/product/88500_200w.jpg,3,1389,https://cpt.tcgcsv.com/0qK,2025-11-22T03:36:25.027,1,21/64,Rare,Lightning,80,Stage 1,,"[1L] Thundershock (20)
<br>Flip a coin. If heads, the Defending Pokémon is now Paralyzed.",F,,1,6.64,14.08,158.2,13.4,7.33,Unlimited,"[LLL] Lightning Strike (40)
<br>You may discard all Lightning Energy cards attached to Raichu. If you do, this attack does 80 damage.",,
88529,Raikou (13),Raikou 13,https://tcgplayer-cdn.tcgplayer.com/product/88529_200w.jpg,3,1389,https://cpt.tcgcsv.com/CqK,2023-08-08T14:31:23.103,1,13/64,Holo Rare,Lightning,80,Basic,"<strong>Pokémon Power: Lightning Burst</strong> Whenever you attach a Lightning Energy card from your hand to Raikou, if your opponent has any Benched Pokémon, he or she chooses 1 of them and switches it with the Defending Pokémon. This power stops working while Raikou is Asleep, Confused, or Paralyzed.","[LLL] Lightning Tackle (50)
<br>Flip a coin. If tails, Raikou does 20 damage to itself.",F,,1,499.94,499.95,9999.0,500.0,,1st Edition Holofoil,,,
88529,Raikou (13),Raikou 13,https://tcgplayer-cdn.tcgplayer.com/product/88529_200w.jpg,3,1389,https://cpt.tcgcsv.com/CqK,2023-08-08T14:31:23.103,1,13/64,Holo Rare,Lightning,80,Basic,"<strong>Pokémon Power: Lightning Burst</strong> Whenever you attach a Lightning Energy card from your hand to Raikou, if your opponent has any Benched Pokémon, he or she chooses 1 of them and switches it with the Defending Pokémon. This power stops working while Raikou is Asleep, Confused, or Paralyzed.","[LLL] Lightning Tackle (50)
<br>Flip a coin. If tails, Raikou does 20 damage to itself.",F,,1,152.95,210.93,230.16,201.88,,Unlimited Holofoil,,,
88530,Raikou (22),Raikou 22,https://tcgplayer-cdn.tcgplayer.com/product/88530_200w.jpg,3,1389,https://cpt.tcgcsv.com/DqK,2022-11-27T19:29:07.507,1,22/64,Rare,Lightning,60,Basic,"<strong>Pokémon Power: Legendary Body</strong> As long as Raikou is your Active Pokémon, Raikou and Energy cards attached to it aren't affected by effects from Trainer cards other than Stadium cards. As long as this Power is active, discard any Trainer cards attached to Raikou. <em>(This power works even if Raikou is Asleep, Confused, or Paralyzed.)</em>","[LLL] Lightning Spark (30)
<br>If your opponent has any Benched Pokémon, flip a coin. If heads, choose 1 of them and this attack does 20 damage to it. <em>(Don't apply Weakness and Resistance for Benched Pokémon.)</em>",F,,,25.0,36.42,73.97,40.51,66.56,1st Edition,,,
88530,Raikou (22),Raikou 22,https://tcgplayer-cdn.tcgplayer.com/product/88530_200w.jpg,3,1389,https://cpt.tcgcsv.com/DqK,2022-11-27T19:29:07.507,1,22/64,Rare,Lightning,60,Basic,"<strong>Pokémon Power: Legendary Body</strong> As long as Raikou is your Active Pokémon, Raikou and Energy cards attached to it aren't affected by effects from Trainer cards other than Stadium cards. As long as this Power is active, discard any Trainer cards attached to Raikou. <em>(This power works even if Raikou is Asleep, Confused, or Paralyzed.)</em>","[LLL] Lightning Spark (30)
<br>If your opponent has any Benched Pokémon, flip a coin. If heads, choose 1 of them and this attack does 20 damage to it. <em>(Don't apply Weakness and Resistance for Benched Pokémon.)</em>",F,,,7.01,9.81,36.0,14.28,,Unlimited,,,
88692,Remoraid,Remoraid,https://tcgplayer-cdn.tcgplayer.com/product/88692_200w.jpg,3,1389,https://cpt.tcgcsv.com/StK,2025-02-05T21:03:43.087,1,50/64,Common,Water,40,Basic,,"[W] Sharpshooting
<br>Flip a coin. If heads, choose 1 of your opponent's Pokémon. This attack does 20 damage to that Pokemon. Don't apply Weakness and Resistance.",L,,,0.85,1.5,2.99,1.45,,1st Edition,,,
88692,Remoraid,Remoraid,https://tcgplayer-cdn.tcgplayer.com/product/88692_200w.jpg,3,1389,https://cpt.tcgcsv.com/StK,2025-02-05T21:03:43.087,1,50/64,Common,Water,40,Basic,,"[W] Sharpshooting
<br>Flip a coin. If heads, choose 1 of your opponent's Pokémon. This attack does 20 damage to that Pokemon. Don't apply Weakness and Resistance.",L,,,0.29,0.51,20.54,0.54,,Unlimited,,,
88770,Rocket's Hideout,Rockets Hideout,https://tcgplayer-cdn.tcgplayer.com/product/88770_200w.jpg,3,1389,https://cpt.tcgcsv.com/qwK,2025-11-22T03:37:20.937,1,63/64,Uncommon,Stadium,,,"This card stays in play when you play it. Discard this card if another Stadium card comes into play.
<br>
Each Pokémon in play with Dark in its name <em>(even your opponent's)</em> gets +20 HP.",,,,,14.99,37.5,2500.0,24.55,,1st Edition,,,
88770,Rocket's Hideout,Rockets Hideout,https://tcgplayer-cdn.tcgplayer.com/product/88770_200w.jpg,3,1389,https://cpt.tcgcsv.com/qwK,2025-11-22T03:37:20.937,1,63/64,Uncommon,Stadium,,,"This card stays in play when you play it. Discard this card if another Stadium card comes into play.
<br>
Each Pokémon in play with Dark in its name <em>(even your opponent's)</em> gets +20 HP.",,,,,3.0,6.95,319.49,5.68,3.99,Unlimited,,,
89022,Seaking,Seaking,https://tcgplayer-cdn.tcgplayer.com/product/89022_200w.jpg,3,1389,https://cpt.tcgcsv.com/sDK,2025-11-22T03:38:30.58,1,37/64,Uncommon,Water,70,Stage 1,,"[W] Rising Lunge (10+)
<br>Flip a coin. If heads, this attack does 10 damage plus 10 more damage. If tails, this attack does 10 damage.",L,,1,1.7,2.17,3.99,2.01,,1st Edition,"[WW] Horn Swipe (20+)
<br>Flip 2 coins. If both are heads, this attack does 20 damage plus 40 more damage. If 1 or both are tails, this attack does 20 damage.",,
89022,Seaking,Seaking,https://tcgplayer-cdn.tcgplayer.com/product/89022_200w.jpg,3,1389,https://cpt.tcgcsv.com/sDK,2025-11-22T03:38:30.58,1,37/64,Uncommon,Water,70,Stage 1,,"[W] Rising Lunge (10+)
<br>Flip a coin. If heads, this attack does 10 damage plus 10 more damage. If tails, this attack does 10 damage.",L,,1,0.59,1.0,22.35,2.35,2.7,Unlimited,"[WW] Horn Swipe (20+)
<br>Flip 2 coins. If both are heads, this attack does 20 damage plus 40 more damage. If 1 or both are tails, this attack does 20 damage.",,
89164,Shining Gyarados,Shining Gyarados,https://tcgplayer-cdn.tcgplayer.com/product/89164_200w.jpg,3,1389,https://cpt.tcgcsv.com/jHK,2022-11-27T19:30:37.277,1,65/64,Secret Rare,Water,100,Basic,,"[FFW] Outrage (30+)
<br>Flip a coin. If heads, this attack does 30 damage plus 10 more damage for each damage counter on Shining Gyarados. If tails, this attack does nothing.",G,F-30,3,1199.99,1200.69,1400.25,534.27,,Unlimited Holofoil,"[WWRR] Devastate (50)
<br>Discard 2 Fire Energy cards attached to Shining Gyarados or this attack does nothing. This attack does 10 damage to each of your opponent's Benched Pokémon. <em>(Don't apply Weakness and Resistance for Benched Pokémon.)</em> Then, flip a coin. If heads, choose 1 Energy card attached to each of your opponent's Pokémon that has any Energy cards attached to it and discard those Energy cards.",,
89166,Shining Magikarp,Shining Magikarp,https://tcgplayer-cdn.tcgplayer.com/product/89166_200w.jpg,3,1389,https://cpt.tcgcsv.com/lHK,2023-03-02T14:24:00.213,1,66/64,Secret Rare,Water,30,Basic,,"[W] Gold Scale
<br>Your opponent may draw 2 cards. Either way, you may draw 2 cards.",L,,1,358.0,400.0,446.32,441.82,,Unlimited Holofoil,"[P] Dragon Bond
<br>Search your deck for a card named Gyarados, Dark Gyarados, or Shining Gyarados. Show it to your opponent and put it into your hand. Shuffle your deck afterward.",,
89187,Shuckle,Shuckle,https://tcgplayer-cdn.tcgplayer.com/product/89187_200w.jpg,3,1389,https://cpt.tcgcsv.com/MHK,2025-02-05T21:03:43.133,1,51/64,Common,Fighting,40,Basic,"<strong>Pokémon Power: Hard Shell</strong> Whenever an attack <em>(including your own) does 40 or less damage to Shuckle <em>(after applying Weakness and Resistance)</em>, reduce that damage to 10. <em>(Any other effects of attacks still happen.)</em> This power stops working while Shuckle is Asleep, Confused, or Paralyzed.","[GG] Toxic Saliva
<br>Flip a coin. If heads, the Defending Pokemon is now Poisoned. It now takes 20 Poison damage after each player's turn <em>(even if it was already Poisoned)</em>.",G,,1,3.45,13.0,18.99,6.21,,1st Edition,,,
89187,Shuckle,Shuckle,https://tcgplayer-cdn.tcgplayer.com/product/89187_200w.jpg,3,1389,https://cpt.tcgcsv.com/MHK,2025-02-05T21:03:43.133,1,51/64,Common,Fighting,40,Basic,"<strong>Pokémon Power: Hard Shell</strong> Whenever an attack <em>(including your own) does 40 or less damage to Shuckle <em>(after applying Weakness and Resistance)</em>, reduce that damage to 10. <em>(Any other effects of attacks still happen.)</em> This power stops working while Shuckle is Asleep, Confused, or Paralyzed.","[GG] Toxic Saliva
<br>Flip a coin. If heads, the Defending Pokemon is now Poisoned. It now takes 20 Poison damage after each player's turn <em>(even if it was already Poisoned)</em>.",G,,1,0.25,1.99,22.99,2.63,2.0,Unlimited,,,
89233,Skarmory,Skarmory,https://tcgplayer-cdn.tcgplayer.com/product/89233_200w.jpg,3,1389,https://cpt.tcgcsv.com/HJK,2026-03-09T15:08:00.687,1,23/64,Rare,Metal,60,Basic,,"[1] Fury Attack (10x)
<br>Flip 2 coins. This attack does 10 damage times the number of heads.",R,G-30,2,12.31,17.84,21.22,21.87,,1st Edition,"[2M] Agility (20)
<br>Flip a coin. If heads, during your opponent's next turn, prevent all effects of attacks, including damage, done to Skarmory.",,
89233,Skarmory,Skarmory,https://tcgplayer-cdn.tcgplayer.com/product/89233_200w.jpg,3,1389,https://cpt.tcgcsv.com/HJK,2026-03-09T15:08:00.687,1,23/64,Rare,Metal,60,Basic,,"[1] Fury Attack (10x)
<br>Flip 2 coins. This attack does 10 damage times the number of heads.",R,G-30,2,4.75,7.95,29.99,8.87,8.7,Unlimited,"[2M] Agility (20)
<br>Flip a coin. If heads, during your opponent's next turn, prevent all effects of attacks, including damage, done to Skarmory.",,
89253,Skiploom,Skiploom,https://tcgplayer-cdn.tcgplayer.com/product/89253_200w.jpg,3,1389,https://cpt.tcgcsv.com/5KK,2023-07-13T16:07:15.93,1,52/64,Common,Grass,60,Stage 1,,[1] Hop (20),R,F-30,2,0.7,1.94,3.59,1.42,,1st Edition,"[G] Mysterious Powder (10)
<br>Flip a coin. If heads, the Defending Pokémon is now Confused.",,
89253,Skiploom,Skiploom,https://tcgplayer-cdn.tcgplayer.com/product/89253_200w.jpg,3,1389,https://cpt.tcgcsv.com/5KK,2023-07-13T16:07:15.93,1,52/64,Common,Grass,60,Stage 1,,[1] Hop (20),R,F-30,2,0.25,0.7,20.71,0.7,,Unlimited,"[G] Mysterious Powder (10)
<br>Flip a coin. If heads, the Defending Pokémon is now Confused.",,
89336,Slugma,Slugma,https://tcgplayer-cdn.tcgplayer.com/product/89336_200w.jpg,3,1389,https://cpt.tcgcsv.com/LLK,2025-11-22T03:39:57.24,1,53/64,Common,Fire,50,Basic,,[R] Flare (10),W,,2,1.02,1.75,3.99,1.47,1.97,1st Edition,"[RR] Magma Ring (20)
<br>The Defending Pokémon can't retreat during your opponent's next turn.",,
89336,Slugma,Slugma,https://tcgplayer-cdn.tcgplayer.com/product/89336_200w.jpg,3,1389,https://cpt.tcgcsv.com/LLK,2025-11-22T03:39:57.24,1,53/64,Common,Fire,50,Basic,,[R] Flare (10),W,,2,0.25,0.57,20.58,0.59,,Unlimited,"[RR] Magma Ring (20)
<br>The Defending Pokémon can't retreat during your opponent's next turn.",,
89359,Smoochum,Smoochum,https://tcgplayer-cdn.tcgplayer.com/product/89359_200w.jpg,3,1389,https://cpt.tcgcsv.com/cMK,2025-01-31T19:12:46.53,1,54/64,Common,Psychic,30,Basic,"<em>If this Baby Pokémon is your Active Pokémon and your opponent announces an attack, your opponent flips a coin (before doing anything else). If tails, your opponent's turn ends.</em>","[1] Psykiss
<br>Flip a coin. If heads, choose a Special Energy card attached to 1 of your opponent's Pokémon. Your opponent shuffles that card into his or her deck.",,,,1.0,2.5,96.94,1.94,5.24,1st Edition,,,
89359,Smoochum,Smoochum,https://tcgplayer-cdn.tcgplayer.com/product/89359_200w.jpg,3,1389,https://cpt.tcgcsv.com/cMK,2025-01-31T19:12:46.53,1,54/64,Common,Psychic,30,Basic,"<em>If this Baby Pokémon is your Active Pokémon and your opponent announces an attack, your opponent flips a coin (before doing anything else). If tails, your opponent's turn ends.</em>","[1] Psykiss
<br>Flip a coin. If heads, choose a Special Energy card attached to 1 of your opponent's Pokémon. Your opponent shuffles that card into his or her deck.",,,,0.58,1.15,23.0,1.38,1.59,Unlimited,,,
89366,Sneasel,Sneasel,https://tcgplayer-cdn.tcgplayer.com/product/89366_200w.jpg,3,1389,https://cpt.tcgcsv.com/lMK,2025-11-22T03:40:43.797,1,24/64,Rare,Darkness,60,Basic,,"[D] Swipe
<br>
Flip a coin. If heads, discard all Trainer cards attached to your opponent's Pokémon.",,P-30,,6.26,7.5,13.99,7.93,,1st Edition,"[2] Quick Attack (10+)
<br>Flip a coin. If heads, this attack does 10 damage plus 20 more damage.",,
89366,Sneasel,Sneasel,https://tcgplayer-cdn.tcgplayer.com/product/89366_200w.jpg,3,1389,https://cpt.tcgcsv.com/lMK,2025-11-22T03:40:43.797,1,24/64,Rare,Darkness,60,Basic,,"[D] Swipe
<br>
Flip a coin. If heads, discard all Trainer cards attached to your opponent's Pokémon.",,P-30,,3.99,6.01,99.88,6.05,6.05,Unlimited,"[2] Quick Attack (10+)
<br>Flip a coin. If heads, this attack does 10 damage plus 20 more damage.",,
89411,Snubbull,Snubbull,https://tcgplayer-cdn.tcgplayer.com/product/89411_200w.jpg,3,1389,https://cpt.tcgcsv.com/fNK,2025-11-22T03:41:27.74,1,55/64,Common,Colorless,50,Basic,,[1] Bite (10),F,P-30,1,0.9,1.95,3.99,2.23,,1st Edition,"[2] Raging Headbutt (10+)
<br>Flip a coin. If heads, this attack does 10 damage plus 10 damage times the number of damage counters on Snubbull. If tails, this attack does 10 damage.",,
89411,Snubbull,Snubbull,https://tcgplayer-cdn.tcgplayer.com/product/89411_200w.jpg,3,1389,https://cpt.tcgcsv.com/fNK,2025-11-22T03:41:27.74,1,55/64,Common,Colorless,50,Basic,,[1] Bite (10),F,P-30,1,0.25,0.71,20.82,0.82,,Unlimited,"[2] Raging Headbutt (10+)
<br>Flip a coin. If heads, this attack does 10 damage plus 10 damage times the number of damage counters on Snubbull. If tails, this attack does 10 damage.",,
89500,Stantler,Stantler,https://tcgplayer-cdn.tcgplayer.com/product/89500_200w.jpg,3,1389,https://cpt.tcgcsv.com/0QK,2025-11-22T03:42:02.743,1,38/64,Uncommon,Colorless,60,Basic,,"[1] Terrorize
<br>If the Defending Pokémon is a Basic, choose 1 of its attacks. That Pokémon can't use that attack during your opponent's next turn.",F,P-30,1,1.0,2.07,4.99,1.75,,1st Edition,"[3] Overhead Toss (30)
<br>If you have any Benched Pokémon, flip a coin. If tails, this attack does 10 damage to 1 of them. <em>(Don't apply Weakness and Resistance for Benched Pokémon.)</em>",,
89500,Stantler,Stantler,https://tcgplayer-cdn.tcgplayer.com/product/89500_200w.jpg,3,1389,https://cpt.tcgcsv.com/0QK,2025-11-22T03:42:02.743,1,38/64,Uncommon,Colorless,60,Basic,,"[1] Terrorize
<br>If the Defending Pokémon is a Basic, choose 1 of its attacks. That Pokémon can't use that attack during your opponent's next turn.",F,P-30,1,0.5,0.84,1.99,1.0,1.15,Unlimited,"[3] Overhead Toss (30)
<br>If you have any Benched Pokémon, flip a coin. If tails, this attack does 10 damage to 1 of them. <em>(Don't apply Weakness and Resistance for Benched Pokémon.)</em>",,
89527,Starmie,Starmie,https://tcgplayer-cdn.tcgplayer.com/product/89527_200w.jpg,3,1389,https://cpt.tcgcsv.com/zQK,2022-11-27T19:39:45.84,1,25/64,Rare,Psychic,70,Stage 1,,"[W] Confuse Ray (10)
<br>Flip a coin. If heads, the Defending Pokémon is now Confused.",P,,1,7.0,7.89,24.9,10.3,,1st Edition,"[1PP] Core Stream
<br>Choose an Energy type other than Colorless. This attack does 20 damage to each of your opponent's Pokémon with any Energy cards of that type attached to it. Don't apply Weakness and Resistance.",,
89527,Starmie,Starmie,https://tcgplayer-cdn.tcgplayer.com/product/89527_200w.jpg,3,1389,https://cpt.tcgcsv.com/zQK,2022-11-27T19:39:45.84,1,25/64,Rare,Psychic,70,Stage 1,,"[W] Confuse Ray (10)
<br>Flip a coin. If heads, the Defending Pokémon is now Confused.",P,,1,3.1,4.25,14.9,5.11,,Unlimited,"[1PP] Core Stream
<br>Choose an Energy type other than Colorless. This attack does 20 damage to each of your opponent's Pokémon with any Energy cards of that type attached to it. Don't apply Weakness and Resistance.",,
89542,Staryu,Staryu,https://tcgplayer-cdn.tcgplayer.com/product/89542_200w.jpg,3,1389,https://cpt.tcgcsv.com/SQK,2025-02-05T21:03:43.437,1,56/64,Common,Water,40,Basic,,[1] Tackle (10),L,,1,0.9,2.11,4.99,1.69,,1st Edition,"[W] Bubblebeam (10)
<br>Flip a coin. If heads, the Defending Pokémon is now Paralyzed.",,
89542,Staryu,Staryu,https://tcgplayer-cdn.tcgplayer.com/product/89542_200w.jpg,3,1389,https://cpt.tcgcsv.com/SQK,2025-02-05T21:03:43.437,1,56/64,Common,Water,40,Basic,,[1] Tackle (10),L,,1,0.25,0.52,20.45,0.77,,Unlimited,"[W] Bubblebeam (10)
<br>Flip a coin. If heads, the Defending Pokémon is now Paralyzed.",,
89590,Sudowoodo,Sudowoodo,https://tcgplayer-cdn.tcgplayer.com/product/89590_200w.jpg,3,1389,https://cpt.tcgcsv.com/QRK,2023-07-27T17:12:26.06,1,26/64,Rare,Fighting,60,Basic,"<strong>Pokémon Power: Mimic</strong> As long as Sudowoodo is your Active Pokémon, it copies all of the Defending Pokémon's attacks, including their costs. This power can't be used if Sudowoodo is Asleep, Confused, or Paralyzed.","[2] Slam (20x)
<br>Flip 2 coins. This attack does 20 damage times the number of heads.",W,,3,11.75,20.0,25.36,13.97,,1st Edition,,,
89590,Sudowoodo,Sudowoodo,https://tcgplayer-cdn.tcgplayer.com/product/89590_200w.jpg,3,1389,https://cpt.tcgcsv.com/QRK,2023-07-27T17:12:26.06,1,26/64,Rare,Fighting,60,Basic,"<strong>Pokémon Power: Mimic</strong> As long as Sudowoodo is your Active Pokémon, it copies all of the Defending Pokémon's attacks, including their costs. This power can't be used if Sudowoodo is Asleep, Confused, or Paralyzed.","[2] Slam (20x)
<br>Flip 2 coins. This attack does 20 damage times the number of heads.",W,,3,3.75,6.4,9.98,6.64,,Unlimited,,,
89597,Suicune (14),Suicune 14,https://tcgplayer-cdn.tcgplayer.com/product/89597_200w.jpg,3,1389,https://cpt.tcgcsv.com/ZRK,2026-02-16T19:45:52.28,1,14/64,Holo Rare,Water,70,Basic,"<strong>Pokémon Power: Crystal Body</strong> Prevent all effects of your opponent's attacks, other than damage, done to Suicune. This power stops working while Suicune is Asleep, Confused, or Paralyzed.","[WWW] Aurora Wave (30)
<br>Flip 2 coins. If both are heads, the Defending Pokémon is now Paralyzed. If only 1 is heads, the Defending Pokémon is now Asleep.",L,,1,339.99,364.3,9999.0,461.45,,1st Edition Holofoil,,,
89597,Suicune (14),Suicune 14,https://tcgplayer-cdn.tcgplayer.com/product/89597_200w.jpg,3,1389,https://cpt.tcgcsv.com/ZRK,2026-02-16T19:45:52.28,1,14/64,Holo Rare,Water,70,Basic,"<strong>Pokémon Power: Crystal Body</strong> Prevent all effects of your opponent's attacks, other than damage, done to Suicune. This power stops working while Suicune is Asleep, Confused, or Paralyzed.","[WWW] Aurora Wave (30)
<br>Flip 2 coins. If both are heads, the Defending Pokémon is now Paralyzed. If only 1 is heads, the Defending Pokémon is now Asleep.",L,,1,82.0,107.16,9999.0,125.69,,Unlimited Holofoil,,,
89599,Suicune (27),Suicune 27,https://tcgplayer-cdn.tcgplayer.com/product/89599_200w.jpg,3,1389,https://cpt.tcgcsv.com/_RK,2022-11-27T19:45:17.78,1,27/64,Rare,Water,60,Basic,"<strong>Pokémon Power: Legendary Body</strong> As long as Suicune is your Active Pokémon, Suicune and Energy cards attached to it aren't affected by effects from Trainer cards other than Stadium cards. As long as this power is active, discard any Trainer cards attached to Suicune. <em>(This power works even if Suicune is Asleep, Confused, or Paralyzed.)</em>","[WWW] Crystal Wave (30+)
<br>Flip a coin. If heads, this attack does 30 damage plus 10 more damage. If tails, this attack does 30 damage and, if your opponent has any Benched Pokémon, he or she chooses 1 of them and switches it with the Defending Pokémon. (Do the damage before switching the Pokémon.)",L,,,37.18,53.85,62.99,45.28,,1st Edition,,,
89599,Suicune (27),Suicune 27,https://tcgplayer-cdn.tcgplayer.com/product/89599_200w.jpg,3,1389,https://cpt.tcgcsv.com/_RK,2022-11-27T19:45:17.78,1,27/64,Rare,Water,60,Basic,"<strong>Pokémon Power: Legendary Body</strong> As long as Suicune is your Active Pokémon, Suicune and Energy cards attached to it aren't affected by effects from Trainer cards other than Stadium cards. As long as this power is active, discard any Trainer cards attached to Suicune. <em>(This power works even if Suicune is Asleep, Confused, or Paralyzed.)</em>","[WWW] Crystal Wave (30+)
<br>Flip a coin. If heads, this attack does 30 damage plus 10 more damage. If tails, this attack does 30 damage and, if your opponent has any Benched Pokémon, he or she chooses 1 of them and switches it with the Defending Pokémon. (Do the damage before switching the Pokémon.)",L,,,15.94,19.5,49.99,17.54,,Unlimited,,,
89697,Swinub,Swinub,https://tcgplayer-cdn.tcgplayer.com/product/89697_200w.jpg,3,1389,https://cpt.tcgcsv.com/ZTK,2025-11-22T03:46:58.53,1,57/64,Common,Fighting,40,Basic,,[1] Tackle (10),G,L-30,1,1.12,1.71,4.99,1.62,1.97,1st Edition,"[1F] Take Down (30)
<br>Swinub does 10 damage to itself.",,
89697,Swinub,Swinub,https://tcgplayer-cdn.tcgplayer.com/product/89697_200w.jpg,3,1389,https://cpt.tcgcsv.com/ZTK,2025-11-22T03:46:58.53,1,57/64,Common,Fighting,40,Basic,,[1] Tackle (10),G,L-30,1,0.15,0.5,4.99,0.55,0.17,Unlimited,"[1F] Take Down (30)
<br>Swinub does 10 damage to itself.",,
90199,Unown [B],Unown B,https://tcgplayer-cdn.tcgplayer.com/product/90199_200w.jpg,3,1389,https://cpt.tcgcsv.com/_5L,2025-11-22T03:44:03.177,1,39/64,Uncommon,Psychic,50,Basic,"<strong>Pokémon Power: [Bear]</strong> Once during your turn <em>(before your attack)</em>, you may move 1 damage counter from 1 of your Pokémon with Unown in its name to Unown [B]. This power can't be used if Unown [B] has 10 HP left. This power can be used even if Unown [B] is Asleep, Confused, or Paralyzed.",[P] Hidden Power (10),P,,1,1.89,3.47,19.99,2.75,,1st Edition,,,
90199,Unown [B],Unown B,https://tcgplayer-cdn.tcgplayer.com/product/90199_200w.jpg,3,1389,https://cpt.tcgcsv.com/_5L,2025-11-22T03:44:03.177,1,39/64,Uncommon,Psychic,50,Basic,"<strong>Pokémon Power: [Bear]</strong> Once during your turn <em>(before your attack)</em>, you may move 1 damage counter from 1 of your Pokémon with Unown in its name to Unown [B]. This power can't be used if Unown [B] has 10 HP left. This power can be used even if Unown [B] is Asleep, Confused, or Paralyzed.",[P] Hidden Power (10),P,,1,0.5,1.25,111.49,1.65,0.99,Unlimited,,,
90217,Unown [K],Unown K,https://tcgplayer-cdn.tcgplayer.com/product/90217_200w.jpg,3,1389,https://cpt.tcgcsv.com/m6L,2026-03-09T15:10:59.287,1,58/64,Common,Psychic,40,Basic,"<strong>Pokémon Power: [Keep]</strong> Your opponent's attacks, Pokémon Powers, and Trainer cards can't discard Energy cards from your Pokémon with Unown in their names. <em>(Any other effects still happen.)</em>",[P] Hidden Power (10),P,,1,1.13,2.06,3.99,2.15,2.99,1st Edition,,,
90217,Unown [K],Unown K,https://tcgplayer-cdn.tcgplayer.com/product/90217_200w.jpg,3,1389,https://cpt.tcgcsv.com/m6L,2026-03-09T15:10:59.287,1,58/64,Common,Psychic,40,Basic,"<strong>Pokémon Power: [Keep]</strong> Your opponent's attacks, Pokémon Powers, and Trainer cards can't discard Energy cards from your Pokémon with Unown in their names. <em>(Any other effects still happen.)</em>",[P] Hidden Power (10),P,,1,0.25,0.56,20.64,0.65,0.49,Unlimited,,,
90244,Unown [Y],Unown Y,https://tcgplayer-cdn.tcgplayer.com/product/90244_200w.jpg,3,1389,https://cpt.tcgcsv.com/V6L,2025-11-22T03:45:45.287,1,40/64,Uncommon,Psychic,40,Basic,"<strong>Pokémon Power: [Yield]</strong> Once during your turn <em>(before your attack)</em>, you may flip a coin. If heads, search your deck for a Psychic Energy card and attach it to 1 of your Pokémon with Unown in its name. Shuffle your deck afterward. This power can be used even if Unown [Y] is Asleep, Confused, or Paralyzed.",[P] Hidden Power (10),P,,1,2.23,3.99,5.99,2.94,,1st Edition,,,
90244,Unown [Y],Unown Y,https://tcgplayer-cdn.tcgplayer.com/product/90244_200w.jpg,3,1389,https://cpt.tcgcsv.com/V6L,2025-11-22T03:45:45.287,1,40/64,Uncommon,Psychic,40,Basic,"<strong>Pokémon Power: [Yield]</strong> Once during your turn <em>(before your attack)</em>, you may flip a coin. If heads, search your deck for a Psychic Energy card and attach it to 1 of your Pokémon with Unown in its name. Shuffle your deck afterward. This power can be used even if Unown [Y] is Asleep, Confused, or Paralyzed.",[P] Hidden Power (10),P,,1,0.5,1.4,96.95,1.9,1.19,Unlimited,,,
90766,Zubat,Zubat,https://tcgplayer-cdn.tcgplayer.com/product/90766_200w.jpg,3,1389,https://cpt.tcgcsv.com/lkL,2025-02-05T21:03:43.547,1,59/64,Common,Grass,40,Basic,,[1] Bite (10),P,F-30,,0.9,2.08,3.0,2.1,,1st Edition,"[G] Poison Spray
<br>The Defending Pokémon is now Poisoned.",,
90766,Zubat,Zubat,https://tcgplayer-cdn.tcgplayer.com/product/90766_200w.jpg,3,1389,https://cpt.tcgcsv.com/lkL,2025-02-05T21:03:43.547,1,59/64,Common,Grass,40,Basic,,[1] Bite (10),P,F-30,,0.25,0.5,23.0,0.55,,Unlimited,"[G] Poison Spray
<br>The Defending Pokémon is now Poisoned.",,
138145,Neo Revelation Booster Pack [1st Edition],Neo Revelation Booster Pack 1st Edition,https://tcgplayer-cdn.tcgplayer.com/product/138145_200w.jpg,3,1389,https://cpt.tcgcsv.com/Wg72,2017-07-22T16:19:25.193,1,,,,,,This booster pack contains 11 cards for Wizards of the Coast printed Neo Revelation set.,,,,,,,,,,,,,
138146,Neo Revelation Booster Pack [Unlimited Edition],Neo Revelation Booster Pack Unlimited Edition,https://tcgplayer-cdn.tcgplayer.com/product/138146_200w.jpg,3,1389,https://cpt.tcgcsv.com/Xg72,2017-07-22T16:19:30,1,,,,,,This booster pack contains 11 cards for Wizards of the Coast printed Neo Revelation set.,,,,,,,,,,,,,
634445,Neo Revelation Booster Box [1st Edition],Neo Revelation Booster Box 1st Edition,https://tcgplayer-cdn.tcgplayer.com/product/634445_200w.jpg,3,1389,https://cpt.tcgcsv.com/WN57,2025-05-29T18:04:23.283,1,,,,,,"THE LEGEND AWAKENS
From beneath a fire-ravaged tower, three ancient and powerful Pokémon emerge. The journey of worldwide adventure continues with the revelation of these legendary Pokémon.
This display box contains
 36 booster packs, each with 11 game cards",,,,,,,,,,,,,076930885635
