productId,name,cleanName,imageUrl,categoryId,groupId,url,modifiedOn,imageCount,extNumber,extRarity,extCardType,extHP,extStage,extAttack1,extAttack2,extWeakness,extRetreatCost,lowPrice,midPrice,highPrice,marketPrice,directLowPrice,subTypeName,extResistance,extCardText
83459,Accelgor,Accelgor,https://tcgplayer-cdn.tcgplayer.com/product/83459_200w.jpg,3,1385,https://cpt.tcgcsv.com/cpH,2025-11-11T01:27:33.173,1,12/101,Rare,Grass,90,Stage 1,"[1] Acid Spray (20) Flip a coin.  If heads, discard an Energy attached to the Defending Pokemon.",[G] Slashing Strike (60) This Pokemon can't use Slashing Strike during your next turn.,Rx2,0,0.29,0.63,2.24,0.82,0.44,Normal,,
83459,Accelgor,Accelgor,https://tcgplayer-cdn.tcgplayer.com/product/83459_200w.jpg,3,1385,https://cpt.tcgcsv.com/cpH,2025-11-11T01:27:33.173,1,12/101,Rare,Grass,90,Stage 1,"[1] Acid Spray (20) Flip a coin.  If heads, discard an Energy attached to the Defending Pokemon.",[G] Slashing Strike (60) This Pokemon can't use Slashing Strike during your next turn.,Rx2,0,0.59,0.85,2.64,0.59,,Reverse Holofoil,,
83531,Amoonguss,Amoonguss,https://tcgplayer-cdn.tcgplayer.com/product/83531_200w.jpg,3,1385,https://cpt.tcgcsv.com/FqH,2025-11-29T01:42:07.227,1,10/101,Uncommon,Grass,90,Stage 1,[G] Toxic - The Defending Pokemon is now poisoned.  Put 2 damage counters instead of 1 on that Pokemon between turns.,"[2] Body Slam (30) Flip a coin.  If heads, the Defending Pokemon is now Paralyzed.",Rx2,2,0.2,0.54,5.0,0.76,0.69,Normal,W-20,
83531,Amoonguss,Amoonguss,https://tcgplayer-cdn.tcgplayer.com/product/83531_200w.jpg,3,1385,https://cpt.tcgcsv.com/FqH,2025-11-29T01:42:07.227,1,10/101,Uncommon,Grass,90,Stage 1,[G] Toxic - The Defending Pokemon is now poisoned.  Put 2 damage counters instead of 1 on that Pokemon between turns.,"[2] Body Slam (30) Flip a coin.  If heads, the Defending Pokemon is now Paralyzed.",Rx2,2,1.18,1.4,1.59,1.59,,Reverse Holofoil,W-20,
83607,Archen,Archen,https://tcgplayer-cdn.tcgplayer.com/product/83607_200w.jpg,3,1385,https://cpt.tcgcsv.com/9sH,2025-10-14T05:03:45.503,1,66/101,Uncommon,Fighting,80,Restored,[F] Rock Throw (20),[2] Acrobatics (20+) Flip 2 coins.  This attack does 20 more damage for each heads.,Gx2,1,0.4,0.67,1.37,0.84,,Normal,,
83607,Archen,Archen,https://tcgplayer-cdn.tcgplayer.com/product/83607_200w.jpg,3,1385,https://cpt.tcgcsv.com/9sH,2025-10-14T05:03:45.503,1,66/101,Uncommon,Fighting,80,Restored,[F] Rock Throw (20),[2] Acrobatics (20+) Flip 2 coins.  This attack does 20 more damage for each heads.,Gx2,1,3.42,5.69,7.8,5.69,,Reverse Holofoil,,
83609,Archeops,Archeops,https://tcgplayer-cdn.tcgplayer.com/product/83609_200w.jpg,3,1385,https://cpt.tcgcsv.com/csH,2023-01-09T20:20:31.467,1,67/101,Rare,Fighting,130,Stage 1,[1FF] Rock Slide (60) Does 10 damage to 2 of your opponent's Benched Pokemon.  (Don't apply Weakness and Resistance for Benched Pokemon.),,Gx2,2,7.83,10.19,13.12,12.49,,Normal,,Ancient Power - Each player can't play any Pokemon from his or her hand to evolve his or her Pokemon.  (Ability)
83609,Archeops,Archeops,https://tcgplayer-cdn.tcgplayer.com/product/83609_200w.jpg,3,1385,https://cpt.tcgcsv.com/csH,2023-01-09T20:20:31.467,1,67/101,Rare,Fighting,130,Stage 1,[1FF] Rock Slide (60) Does 10 damage to 2 of your opponent's Benched Pokemon.  (Don't apply Weakness and Resistance for Benched Pokemon.),,Gx2,2,10.06,11.99,13.98,10.89,,Reverse Holofoil,,Ancient Power - Each player can't play any Pokemon from his or her hand to evolve his or her Pokemon.  (Ability)
83662,Audino,Audino,https://tcgplayer-cdn.tcgplayer.com/product/83662_200w.jpg,3,1385,https://cpt.tcgcsv.com/gtH,2023-01-09T20:30:49.56,1,85/101,Uncommon,Colorless,90,Basic,[2] Do the Wave (10x) Does 10 damage times the number of your Benched Pokemon.,,Fx2,2,0.25,0.44,1.49,0.55,0.5,Normal,,
83662,Audino,Audino,https://tcgplayer-cdn.tcgplayer.com/product/83662_200w.jpg,3,1385,https://cpt.tcgcsv.com/gtH,2023-01-09T20:30:49.56,1,85/101,Uncommon,Colorless,90,Basic,[2] Do the Wave (10x) Does 10 damage times the number of your Benched Pokemon.,,Fx2,2,1.75,2.5,2.95,1.77,,Reverse Holofoil,,
83668,Axew,Axew,https://tcgplayer-cdn.tcgplayer.com/product/83668_200w.jpg,3,1385,https://cpt.tcgcsv.com/ntH,2023-01-09T20:31:08.493,1,86/101,Common,Colorless,60,Basic,[1] Dual Chop (10x) Flip 2 coins.  This attack does 10 damage times the number of heads.,,,1,0.16,0.31,1.49,0.32,,Normal,,
83668,Axew,Axew,https://tcgplayer-cdn.tcgplayer.com/product/83668_200w.jpg,3,1385,https://cpt.tcgcsv.com/ntH,2023-01-09T20:31:08.493,1,86/101,Common,Colorless,60,Basic,[1] Dual Chop (10x) Flip 2 coins.  This attack does 10 damage times the number of heads.,,,1,2.14,2.55,3.99,1.72,,Reverse Holofoil,,
83778,Beheeyem,Beheeyem,https://tcgplayer-cdn.tcgplayer.com/product/83778_200w.jpg,3,1385,https://cpt.tcgcsv.com/BwH,2026-03-09T14:41:25.423,1,56/101,Rare,Psychic,80,Stage 1,[P] Synchronoise (20) Does 20 damage to each of your opponent's Benched Pokemon that shares a type with the Defending Pokemon.  (Don't apply Weakness and Resistance for Benched Pokemon.),[1P] Psyshot (40),Px2,1,2.09,3.05,4.2,3.41,2.96,Normal,,
83778,Beheeyem,Beheeyem,https://tcgplayer-cdn.tcgplayer.com/product/83778_200w.jpg,3,1385,https://cpt.tcgcsv.com/BwH,2026-03-09T14:41:25.423,1,56/101,Rare,Psychic,80,Stage 1,[P] Synchronoise (20) Does 20 damage to each of your opponent's Benched Pokemon that shares a type with the Defending Pokemon.  (Don't apply Weakness and Resistance for Benched Pokemon.),[1P] Psyshot (40),Px2,1,3.84,5.99,16.2,4.2,,Reverse Holofoil,,
83842,Bisharp (76),Bisharp 76,https://tcgplayer-cdn.tcgplayer.com/product/83842_200w.jpg,3,1385,https://cpt.tcgcsv.com/SxH,2023-03-02T19:48:13.34,1,76/101,Uncommon,Darkness,90,Stage 1,"[D] Finishing Blow (20+) If the Defending Pokemon already has any damage counters on it, this attack does 50 more damage.",[1D] Night Slash (30) Switch this Pokemon with 1 of your Benched Pokemon.,Fx2,1,0.25,0.39,1.49,0.39,,Normal,P-20,
83842,Bisharp (76),Bisharp 76,https://tcgplayer-cdn.tcgplayer.com/product/83842_200w.jpg,3,1385,https://cpt.tcgcsv.com/SxH,2023-03-02T19:48:13.34,1,76/101,Uncommon,Darkness,90,Stage 1,"[D] Finishing Blow (20+) If the Defending Pokemon already has any damage counters on it, this attack does 50 more damage.",[1D] Night Slash (30) Switch this Pokemon with 1 of your Benched Pokemon.,Fx2,1,3.33,3.49,6.29,3.34,,Reverse Holofoil,P-20,
83843,Bisharp (82),Bisharp 82,https://tcgplayer-cdn.tcgplayer.com/product/83843_200w.jpg,3,1385,https://cpt.tcgcsv.com/TxH,2026-02-02T18:26:03.437,1,82/101,Holo Rare,Metal,100,Stage 1,[1] Energy Stream (20) Attach a M Energy card from your discard pile to this Pokemon.,[3] Metal Scissors (40+) Does 20 more damage for each M Energy attached to this Pokemon.,Rx2,2,0.8,1.24,4.19,1.36,4.19,Holofoil,P-20,
83843,Bisharp (82),Bisharp 82,https://tcgplayer-cdn.tcgplayer.com/product/83843_200w.jpg,3,1385,https://cpt.tcgcsv.com/TxH,2026-02-02T18:26:03.437,1,82/101,Holo Rare,Metal,100,Stage 1,[1] Energy Stream (20) Attach a M Energy card from your discard pile to this Pokemon.,[3] Metal Scissors (40+) Does 20 more damage for each M Energy attached to this Pokemon.,Rx2,2,1.75,2.03,3.06,1.89,,Reverse Holofoil,P-20,
83930,Blitzle,Blitzle,https://tcgplayer-cdn.tcgplayer.com/product/83930_200w.jpg,3,1385,https://cpt.tcgcsv.com/DBH,2023-01-09T20:09:57.37,1,35/101,Common,Lightning,60,Basic,"[L] Agility (10) Flip a coin.  If heads, prevent all effects of attacks, including damage, done to this Pokemon during your opponent's next turn.",,Fx2,1,0.25,1.7,13.75,2.38,,Normal,,
83930,Blitzle,Blitzle,https://tcgplayer-cdn.tcgplayer.com/product/83930_200w.jpg,3,1385,https://cpt.tcgcsv.com/DBH,2023-01-09T20:09:57.37,1,35/101,Common,Lightning,60,Basic,"[L] Agility (10) Flip a coin.  If heads, prevent all effects of attacks, including damage, done to this Pokemon during your opponent's next turn.",,Fx2,1,5.01,7.07,13.99,6.62,,Reverse Holofoil,,
84109,Carracosta,Carracosta,https://tcgplayer-cdn.tcgplayer.com/product/84109_200w.jpg,3,1385,https://cpt.tcgcsv.com/cGH,2023-01-09T20:07:58.607,1,26/101,Rare,Water,140,Stage 1,[2WW] Crunch (80) Discard an Energy attached to the Defending Pokemon.,,Gx2,4,2.0,3.44,7.93,5.29,,Normal,,"Solid Rock - If any damage is done to this Pokemon by attacks, flip a coin.  If heads, reduce that damage by 50 (after applying Weakness and Resistance).  (Ability)"
84109,Carracosta,Carracosta,https://tcgplayer-cdn.tcgplayer.com/product/84109_200w.jpg,3,1385,https://cpt.tcgcsv.com/cGH,2023-01-09T20:07:58.607,1,26/101,Rare,Water,140,Stage 1,[2WW] Crunch (80) Discard an Energy attached to the Defending Pokemon.,,Gx2,4,3.09,4.34,10.08,6.12,,Reverse Holofoil,,"Solid Rock - If any damage is done to this Pokemon by attacks, flip a coin.  If heads, reduce that damage by 50 (after applying Weakness and Resistance).  (Ability)"
84164,Chandelure,Chandelure,https://tcgplayer-cdn.tcgplayer.com/product/84164_200w.jpg,3,1385,https://cpt.tcgcsv.com/jHH,2023-01-09T20:16:32.467,1,60/101,Rare,Psychic,130,Stage 2,[1PP] Eerie Glow (50) The Defending Pokemon is now Burned and Confused.,,Dx2,2,10.42,11.84,14.5,13.15,,Normal,,"Cursed Shadow - Once during your turn (before your attack), if this Pokemon is your Active Pokemon, you may put 3 damage counters on your opponent's Pokemon in any way you like.  (Ability)"
84164,Chandelure,Chandelure,https://tcgplayer-cdn.tcgplayer.com/product/84164_200w.jpg,3,1385,https://cpt.tcgcsv.com/jHH,2023-01-09T20:16:32.467,1,60/101,Rare,Psychic,130,Stage 2,[1PP] Eerie Glow (50) The Defending Pokemon is now Burned and Confused.,,Dx2,2,14.75,15.79,16.52,16.15,,Reverse Holofoil,,"Cursed Shadow - Once during your turn (before your attack), if this Pokemon is your Active Pokemon, you may put 3 damage counters on your opponent's Pokemon in any way you like.  (Ability)"
84378,Cobalion,Cobalion,https://tcgplayer-cdn.tcgplayer.com/product/84378_200w.jpg,3,1385,https://cpt.tcgcsv.com/BMH,2023-02-09T17:52:32.347,1,84/101,Holo Rare,Metal,120,Basic,[1M] Energy Press (20+) Does 20 more damage for each Energy attached to the Defending Pokemon.,[1MM] Iron Breaker (80) The Defending Pokemon can't attack during your opponent's next turn.,Rx2,2,0.72,1.38,4.89,1.56,,Holofoil,P-20,
84378,Cobalion,Cobalion,https://tcgplayer-cdn.tcgplayer.com/product/84378_200w.jpg,3,1385,https://cpt.tcgcsv.com/BMH,2023-02-09T17:52:32.347,1,84/101,Holo Rare,Metal,120,Basic,[1M] Energy Press (20+) Does 20 more damage for each Energy attached to the Defending Pokemon.,[1MM] Iron Breaker (80) The Defending Pokemon can't attack during your opponent's next turn.,Rx2,2,1.22,1.37,10.0,1.55,,Reverse Holofoil,P-20,
84381,Cobalion (100 Full Art),Cobalion 100 Full Art,https://tcgplayer-cdn.tcgplayer.com/product/84381_200w.jpg,3,1385,https://cpt.tcgcsv.com/FMH,2023-01-09T20:35:14.497,1,100/101,Ultra Rare,Metal,120,Basic,[1M] Energy Press (20+) Does 20 more damage for each Energy attached to the Defending Pokemon.,[1MM] Iron Breaker (80) The Defending Pokemon can't attack during your opponent's next turn.,Rx2,2,41.99,88.99,199.99,54.02,,Holofoil,P-20,
84384,Cofagrigus (46),Cofagrigus 46,https://tcgplayer-cdn.tcgplayer.com/product/84384_200w.jpg,3,1385,https://cpt.tcgcsv.com/JMH,2023-01-09T20:13:23.03,1,46/101,Rare,Psychic,90,Stage 1,[1P] Damagriiigus - Move all damage counters from 1 of your Benched Pokemon to the Defending Pokemon.,[2P] Perplex (30) The Defending Pokemon is now Confused.,Dx2,3,1.09,1.75,34.99,2.19,,Normal,,
84384,Cofagrigus (46),Cofagrigus 46,https://tcgplayer-cdn.tcgplayer.com/product/84384_200w.jpg,3,1385,https://cpt.tcgcsv.com/JMH,2023-01-09T20:13:23.03,1,46/101,Rare,Psychic,90,Stage 1,[1P] Damagriiigus - Move all damage counters from 1 of your Benched Pokemon to the Defending Pokemon.,[2P] Perplex (30) The Defending Pokemon is now Confused.,Dx2,3,1.75,2.62,5.04,2.35,,Reverse Holofoil,,
84385,Cofagrigus (47),Cofagrigus 47,https://tcgplayer-cdn.tcgplayer.com/product/84385_200w.jpg,3,1385,https://cpt.tcgcsv.com/KMH,2023-01-09T20:13:34.067,1,47/101,Rare,Psychic,90,Stage 1,"[1P] Ambush (40+)  Flip a coin.  If heads, this attack does 20 more damage.",,Dx2,2,1.16,2.03,4.5,2.45,,Normal,,"Durable Body - If this Pokemon would be Knocked Out by damage from an attack, flip a coin.  If heads, this Pokemon is not Knocked Out and its remaining HP becomes 10 instead.  (Ability)"
84385,Cofagrigus (47),Cofagrigus 47,https://tcgplayer-cdn.tcgplayer.com/product/84385_200w.jpg,3,1385,https://cpt.tcgcsv.com/KMH,2023-01-09T20:13:34.067,1,47/101,Rare,Psychic,90,Stage 1,"[1P] Ambush (40+)  Flip a coin.  If heads, this attack does 20 more damage.",,Dx2,2,2.15,4.14,7.0,3.5,,Reverse Holofoil,,"Durable Body - If this Pokemon would be Knocked Out by damage from an attack, flip a coin.  If heads, this Pokemon is not Knocked Out and its remaining HP becomes 10 instead.  (Ability)"
84418,Conkeldurr (64),Conkeldurr 64,https://tcgplayer-cdn.tcgplayer.com/product/84418_200w.jpg,3,1385,https://cpt.tcgcsv.com/nNH,2023-01-09T20:19:58.963,1,64/101,Holo Rare,Fighting,140,Stage 2,"[3F] Top Down (80) Flip a coin until you get tails.  For each heads, discard the top card of your opponent's deck.",,Px2,4,1.89,2.28,6.49,2.32,,Holofoil,,Craftsmanship - This Pokemon gets +20 HP for each F Energy attached to it.  (Ability)
84418,Conkeldurr (64),Conkeldurr 64,https://tcgplayer-cdn.tcgplayer.com/product/84418_200w.jpg,3,1385,https://cpt.tcgcsv.com/nNH,2023-01-09T20:19:58.963,1,64/101,Holo Rare,Fighting,140,Stage 2,"[3F] Top Down (80) Flip a coin until you get tails.  For each heads, discard the top card of your opponent's deck.",,Px2,4,1.75,2.47,3.94,2.53,,Reverse Holofoil,,Craftsmanship - This Pokemon gets +20 HP for each F Energy attached to it.  (Ability)
84419,Conkeldurr (65),Conkeldurr 65,https://tcgplayer-cdn.tcgplayer.com/product/84419_200w.jpg,3,1385,https://cpt.tcgcsv.com/pNH,2023-01-09T20:20:09.217,1,65/101,Rare,Fighting,140,Stage 2,[F] Chip Away (40) This attack's damage isn't affected by any effects on the Defending Pokemon.,[1FF] Swing Around (60+) Flip 2 coins.  This attack does 30 more damage for each heads.,Px2,3,0.7,0.86,1.98,0.89,,Normal,,
84419,Conkeldurr (65),Conkeldurr 65,https://tcgplayer-cdn.tcgplayer.com/product/84419_200w.jpg,3,1385,https://cpt.tcgcsv.com/pNH,2023-01-09T20:20:09.217,1,65/101,Rare,Fighting,140,Stage 2,[F] Chip Away (40) This attack's damage isn't affected by any effects on the Defending Pokemon.,[1FF] Swing Around (60+) Flip 2 coins.  This attack does 30 more damage for each heads.,Px2,3,1.0,3.43,5.59,4.2,,Reverse Holofoil,,
84449,Cover Fossil,Cover Fossil,https://tcgplayer-cdn.tcgplayer.com/product/84449_200w.jpg,3,1385,https://cpt.tcgcsv.com/_NH,2026-02-02T18:26:37.763,1,90/101,Uncommon,Item,0,Item,Look at the bottom 7 cards of your deck.  You may reveal a Tirtouga you find there and put it onto your Bench.  Shuffle the other cards back into your deck.,,,,0.18,0.34,1.49,0.34,0.25,Normal,,You may play as many Item cards as you like during your turn (before your attack).
84449,Cover Fossil,Cover Fossil,https://tcgplayer-cdn.tcgplayer.com/product/84449_200w.jpg,3,1385,https://cpt.tcgcsv.com/_NH,2026-02-02T18:26:37.763,1,90/101,Uncommon,Item,0,Item,Look at the bottom 7 cards of your deck.  You may reveal a Tirtouga you find there and put it onto your Bench.  Shuffle the other cards back into your deck.,,,,0.25,0.52,3.0,0.5,0.5,Reverse Holofoil,,You may play as many Item cards as you like during your turn (before your attack).
84508,Crustle,Crustle,https://tcgplayer-cdn.tcgplayer.com/product/84508_200w.jpg,3,1385,https://cpt.tcgcsv.com/bQH,2025-11-11T01:18:06.37,1,7/101,Uncommon,Grass,100,Stage 1,"[1G] X-Scissor (20+) Flip a coin.  If heads, this attack does 50 more damage.",[2G] Reckless Charge (80) This Pokemon does 10 damage to itself.,Rx2,3,0.15,0.44,1.49,0.51,,Normal,,
84508,Crustle,Crustle,https://tcgplayer-cdn.tcgplayer.com/product/84508_200w.jpg,3,1385,https://cpt.tcgcsv.com/bQH,2025-11-11T01:18:06.37,1,7/101,Uncommon,Grass,100,Stage 1,"[1G] X-Scissor (20+) Flip a coin.  If heads, this attack does 50 more damage.",[2G] Reckless Charge (80) This Pokemon does 10 damage to itself.,Rx2,3,0.8,1.24,4.02,0.91,1.34,Reverse Holofoil,,
84512,Cryogonal (32),Cryogonal 32,https://tcgplayer-cdn.tcgplayer.com/product/84512_200w.jpg,3,1385,https://cpt.tcgcsv.com/gQH,2023-01-09T20:09:25.497,1,32/101,Uncommon,Water,80,Basic,[W] Icy Wind - The Defending Pokemon is now Asleep.,"[1W] Ice Shard (30+) If the Defending Pokemon is a F Pokemon, this attack does 40 more damage.",Mx2,1,0.23,0.35,5.0,0.42,0.75,Normal,,
84512,Cryogonal (32),Cryogonal 32,https://tcgplayer-cdn.tcgplayer.com/product/84512_200w.jpg,3,1385,https://cpt.tcgcsv.com/gQH,2023-01-09T20:09:25.497,1,32/101,Uncommon,Water,80,Basic,[W] Icy Wind - The Defending Pokemon is now Asleep.,"[1W] Ice Shard (30+) If the Defending Pokemon is a F Pokemon, this attack does 40 more damage.",Mx2,1,0.56,0.79,14.37,0.56,0.68,Reverse Holofoil,,
84513,Cryogonal (33),Cryogonal 33,https://tcgplayer-cdn.tcgplayer.com/product/84513_200w.jpg,3,1385,https://cpt.tcgcsv.com/hQH,2025-12-11T00:53:28.473,1,33/101,Rare,Water,80,Basic,[W] Ice Chain - Switch the Defending Pokemon with 1 of your opponent's Benched Pokemon.,[WW] Frost Vanish (40) You may return this Pokemon and all cards attached to it to your hand.,Mx2,1,0.49,1.0,4.19,0.84,,Normal,,
84513,Cryogonal (33),Cryogonal 33,https://tcgplayer-cdn.tcgplayer.com/product/84513_200w.jpg,3,1385,https://cpt.tcgcsv.com/hQH,2025-12-11T00:53:28.473,1,33/101,Rare,Water,80,Basic,[W] Ice Chain - Switch the Defending Pokemon with 1 of your opponent's Benched Pokemon.,[WW] Frost Vanish (40) You may return this Pokemon and all cards attached to it to your hand.,Mx2,1,1.75,2.49,19.99,2.06,1.89,Reverse Holofoil,,
84728,Deino,Deino,https://tcgplayer-cdn.tcgplayer.com/product/84728_200w.jpg,3,1385,https://cpt.tcgcsv.com/BVH,2023-01-09T20:25:42.697,1,77/101,Common,Darkness,60,Basic,[1] Headbutt (10),[1D] Bite (20),Fx2,2,0.15,0.36,2.29,0.36,,Normal,P-20,
84728,Deino,Deino,https://tcgplayer-cdn.tcgplayer.com/product/84728_200w.jpg,3,1385,https://cpt.tcgcsv.com/BVH,2023-01-09T20:25:42.697,1,77/101,Common,Darkness,60,Basic,[1] Headbutt (10),[1D] Bite (20),Fx2,2,0.32,1.79,4.03,1.88,,Reverse Holofoil,P-20,
84978,Druddigon,Druddigon,https://tcgplayer-cdn.tcgplayer.com/product/84978_200w.jpg,3,1385,https://cpt.tcgcsv.com/B_H,2024-03-30T07:24:22.823,1,89/101,Rare,Colorless,100,Basic,[3] Clutch (60) The Defending Pokemon can't retreat during your opponent's next turn.,,,2,0.25,0.46,1.49,0.55,,Normal,,"Rough Skin - If this Pokemon is your Active Pokemon and is damaged by an opponent's attack (even if the Pokemon is Knocked Out), put 2 damage counters on the Attacking Pokemon.  (Ability)"
84978,Druddigon,Druddigon,https://tcgplayer-cdn.tcgplayer.com/product/84978_200w.jpg,3,1385,https://cpt.tcgcsv.com/B_H,2024-03-30T07:24:22.823,1,89/101,Rare,Colorless,100,Basic,[3] Clutch (60) The Defending Pokemon can't retreat during your opponent's next turn.,,,2,0.65,0.89,1.21,0.84,,Reverse Holofoil,,"Rough Skin - If this Pokemon is your Active Pokemon and is damaged by an opponent's attack (even if the Pokemon is Knocked Out), put 2 damage counters on the Attacking Pokemon.  (Ability)"
85017,Duosion,Duosion,https://tcgplayer-cdn.tcgplayer.com/product/85017_200w.jpg,3,1385,https://cpt.tcgcsv.com/m0J,2023-01-09T20:14:21.09,1,51/101,Uncommon,Psychic,60,Stage 1,[1] Rollout (20),,Px2,1,0.33,0.6,1.49,0.6,,Normal,,
85017,Duosion,Duosion,https://tcgplayer-cdn.tcgplayer.com/product/85017_200w.jpg,3,1385,https://cpt.tcgcsv.com/m0J,2023-01-09T20:14:21.09,1,51/101,Uncommon,Psychic,60,Stage 1,[1] Rollout (20),,Px2,1,0.8,1.44,3.49,1.58,,Reverse Holofoil,,
85020,Durant,Durant,https://tcgplayer-cdn.tcgplayer.com/product/85020_200w.jpg,3,1385,https://cpt.tcgcsv.com/q0J,2023-01-09T20:29:50.923,1,83/101,Uncommon,Metal,70,Basic,"[M] Devour - For each of your Durant in play, discard the top card of your opponent's deck.",[2] Vice Grip (30),Fx2,1,0.24,0.65,2.64,0.7,0.97,Normal,P-20,
85020,Durant,Durant,https://tcgplayer-cdn.tcgplayer.com/product/85020_200w.jpg,3,1385,https://cpt.tcgcsv.com/q0J,2023-01-09T20:29:50.923,1,83/101,Uncommon,Metal,70,Basic,"[M] Devour - For each of your Durant in play, discard the top card of your opponent's deck.",[2] Vice Grip (30),Fx2,1,1.13,5.06,8.74,4.93,,Reverse Holofoil,P-20,
85061,Dwebble,Dwebble,https://tcgplayer-cdn.tcgplayer.com/product/85061_200w.jpg,3,1385,https://cpt.tcgcsv.com/f2J,2023-10-15T03:49:13.24,1,6/101,Common,Grass,60,Basic,"[1] Withdraw - Flip a coin.  If heads, prevent all damage done to this Pokemon by attacks during your opponent's next turn.",[1G] Slash (20),Rx2,2,0.15,0.3,5.0,0.32,,Normal,,
85061,Dwebble,Dwebble,https://tcgplayer-cdn.tcgplayer.com/product/85061_200w.jpg,3,1385,https://cpt.tcgcsv.com/f2J,2023-10-15T03:49:13.24,1,6/101,Common,Grass,60,Basic,"[1] Withdraw - Flip a coin.  If heads, prevent all damage done to this Pokemon by attacks during your opponent's next turn.",[1G] Slash (20),Rx2,2,1.5,2.62,96.95,2.62,96.95,Reverse Holofoil,,
85067,Eelektrik,Eelektrik,https://tcgplayer-cdn.tcgplayer.com/product/85067_200w.jpg,3,1385,https://cpt.tcgcsv.com/m2J,2026-02-17T15:45:44.063,1,40/101,Uncommon,Lightning,90,Stage 1,[1LL] Electric Ball (50),,Fx2,2,0.49,1.01,19.5,1.06,0.55,Normal,,"Dynamotor - Once during your turn (before your attack), you may attach a L Energy card from your discard pile to 1 of your Benched Pokemon.  (Ability)"
85067,Eelektrik,Eelektrik,https://tcgplayer-cdn.tcgplayer.com/product/85067_200w.jpg,3,1385,https://cpt.tcgcsv.com/m2J,2026-02-17T15:45:44.063,1,40/101,Uncommon,Lightning,90,Stage 1,[1LL] Electric Ball (50),,Fx2,2,12.8,16.72,25.49,17.62,,Reverse Holofoil,,"Dynamotor - Once during your turn (before your attack), you may attach a L Energy card from your discard pile to 1 of your Benched Pokemon.  (Ability)"
85070,Eelektross,Eelektross,https://tcgplayer-cdn.tcgplayer.com/product/85070_200w.jpg,3,1385,https://cpt.tcgcsv.com/q2J,2026-03-09T13:23:27.987,1,41/101,Holo Rare,Lightning,140,Stage 2,[2] Acid (30) The Defending Pokemon can't retreat during your opponent's next turn.,[1LL] Wild Charge (90) This Pokemon does 10 damage to itself.,Fx2,3,1.0,1.9,6.86,2.2,1.77,Holofoil,,
85070,Eelektross,Eelektross,https://tcgplayer-cdn.tcgplayer.com/product/85070_200w.jpg,3,1385,https://cpt.tcgcsv.com/q2J,2026-03-09T13:23:27.987,1,41/101,Holo Rare,Lightning,140,Stage 2,[2] Acid (30) The Defending Pokemon can't retreat during your opponent's next turn.,[1LL] Wild Charge (90) This Pokemon does 10 damage to itself.,Fx2,3,0.99,1.82,3.5,1.76,1.13,Reverse Holofoil,,
85175,Elgyem (54),Elgyem 54,https://tcgplayer-cdn.tcgplayer.com/product/85175_200w.jpg,3,1385,https://cpt.tcgcsv.com/w5J,2023-01-09T20:15:11.067,1,54/101,Common,Psychic,60,Basic,[1] Headbutt (10),[P] Calm Mind - Heal 30 damage from this Pokemon.,Px2,1,0.1,0.33,1.67,0.36,0.29,Normal,,
85175,Elgyem (54),Elgyem 54,https://tcgplayer-cdn.tcgplayer.com/product/85175_200w.jpg,3,1385,https://cpt.tcgcsv.com/w5J,2023-01-09T20:15:11.067,1,54/101,Common,Psychic,60,Basic,[1] Headbutt (10),[P] Calm Mind - Heal 30 damage from this Pokemon.,Px2,1,0.7,0.74,1.99,0.76,,Reverse Holofoil,,
85176,Elgyem (55),Elgyem 55,https://tcgplayer-cdn.tcgplayer.com/product/85176_200w.jpg,3,1385,https://cpt.tcgcsv.com/x5J,2023-01-09T20:15:37.1,1,55/101,Common,Psychic,60,Basic,[1] First Contact - Search your deck for 2 Basic Pokemon and put them onto your Bench.  Shuffle your deck afterward.,[1P] Headbutt (20),Px2,1,0.1,0.35,2.05,0.37,,Normal,,
85176,Elgyem (55),Elgyem 55,https://tcgplayer-cdn.tcgplayer.com/product/85176_200w.jpg,3,1385,https://cpt.tcgcsv.com/x5J,2023-01-09T20:15:37.1,1,55/101,Common,Psychic,60,Basic,[1] First Contact - Search your deck for 2 Basic Pokemon and put them onto your Bench.  Shuffle your deck afterward.,[1P] Headbutt (20),Px2,1,3.33,3.5,3.76,3.42,,Reverse Holofoil,,
85189,Emolga,Emolga,https://tcgplayer-cdn.tcgplayer.com/product/85189_200w.jpg,3,1385,https://cpt.tcgcsv.com/P5J,2023-01-09T20:10:20.01,1,37/101,Uncommon,Lightning,70,Basic,[L] Electrichain (10+) Does 20 more damage if you have any L Pokemon on your Bench.,,Fx2,1,0.2,0.45,1.62,0.47,,Normal,,
85189,Emolga,Emolga,https://tcgplayer-cdn.tcgplayer.com/product/85189_200w.jpg,3,1385,https://cpt.tcgcsv.com/P5J,2023-01-09T20:10:20.01,1,37/101,Uncommon,Lightning,70,Basic,[L] Electrichain (10+) Does 20 more damage if you have any L Pokemon on your Bench.,,Fx2,1,2.0,2.1,2.15,2.71,,Reverse Holofoil,,
85313,Escavalier,Escavalier,https://tcgplayer-cdn.tcgplayer.com/product/85313_200w.jpg,3,1385,https://cpt.tcgcsv.com/h8J,2023-01-09T20:26:40.493,1,80/101,Rare,Metal,90,Stage 1,"[1M] Guard Press (40) During your opponent's next turn, any damage done to this Pokemon by attacks is reduced by 20 (after applying Weakness and Resistance).",[2M] Twineedle (70x) Flip 2 coins.  This attack does 70 damage times the number of heads.,Rx2,3,0.2,0.5,1.99,0.47,,Normal,P-20,
85313,Escavalier,Escavalier,https://tcgplayer-cdn.tcgplayer.com/product/85313_200w.jpg,3,1385,https://cpt.tcgcsv.com/h8J,2023-01-09T20:26:40.493,1,80/101,Rare,Metal,90,Stage 1,"[1M] Guard Press (40) During your opponent's next turn, any damage done to this Pokemon by attacks is reduced by 20 (after applying Weakness and Resistance).",[2M] Twineedle (70x) Flip 2 coins.  This attack does 70 damage times the number of heads.,Rx2,3,0.55,1.37,6.0,1.37,,Reverse Holofoil,P-20,
85333,Eviolite,Eviolite,https://tcgplayer-cdn.tcgplayer.com/product/85333_200w.jpg,3,1385,https://cpt.tcgcsv.com/H8J,2025-11-11T01:28:34.493,1,91/101,Uncommon,Item,0,Tool,"If the Pokemon this card is attached to is a Basic Pokemon, any damage done to this Pokemon by attacks is reduced by 20 (after applying Weakness and Resistance).",,,,0.2,0.35,5.0,0.33,,Normal,,Attach a Pokemon Tool to 1 of your Pokemon that doesn't already have a Pokemon Tool attached to it.
85333,Eviolite,Eviolite,https://tcgplayer-cdn.tcgplayer.com/product/85333_200w.jpg,3,1385,https://cpt.tcgcsv.com/H8J,2025-11-11T01:28:34.493,1,91/101,Uncommon,Item,0,Tool,"If the Pokemon this card is attached to is a Basic Pokemon, any damage done to this Pokemon by attacks is reduced by 20 (after applying Weakness and Resistance).",,,,0.3,0.53,2.47,0.46,0.49,Reverse Holofoil,,Attach a Pokemon Tool to 1 of your Pokemon that doesn't already have a Pokemon Tool attached to it.
85537,Foongus,Foongus,https://tcgplayer-cdn.tcgplayer.com/product/85537_200w.jpg,3,1385,https://cpt.tcgcsv.com/MdJ,2023-01-09T20:03:26.353,1,9/101,Common,Grass,40,Basic,[G] Rollout (20),,Rx2,1,0.03,0.25,1.44,0.27,,Normal,W-20,
85537,Foongus,Foongus,https://tcgplayer-cdn.tcgplayer.com/product/85537_200w.jpg,3,1385,https://cpt.tcgcsv.com/MdJ,2023-01-09T20:03:26.353,1,9/101,Common,Grass,40,Basic,[G] Rollout (20),,Rx2,1,0.25,0.58,0.99,0.59,,Reverse Holofoil,W-20,
85558,Fraxure,Fraxure,https://tcgplayer-cdn.tcgplayer.com/product/85558_200w.jpg,3,1385,https://cpt.tcgcsv.com/bfJ,2024-05-20T12:06:42.29,1,87/101,Uncommon,Colorless,90,Stage 1,[1] Scratch (20),[2] Dual Chop (30x) Flip 2 coins.  This attack does 30 damage times the number of heads.,,2,0.2,0.4,1.62,0.45,,Normal,,
85558,Fraxure,Fraxure,https://tcgplayer-cdn.tcgplayer.com/product/85558_200w.jpg,3,1385,https://cpt.tcgcsv.com/bfJ,2024-05-20T12:06:42.29,1,87/101,Uncommon,Colorless,90,Stage 1,[1] Scratch (20),[2] Dual Chop (30x) Flip 2 coins.  This attack does 30 damage times the number of heads.,,2,0.35,1.19,4.95,0.98,,Reverse Holofoil,,
85563,Frillish,Frillish,https://tcgplayer-cdn.tcgplayer.com/product/85563_200w.jpg,3,1385,https://cpt.tcgcsv.com/hfJ,2023-01-09T20:08:57.69,1,30/101,Common,Water,80,Basic,[2] Rain Splash (20),,Lx2,2,0.17,0.39,1.0,0.45,,Normal,,
85563,Frillish,Frillish,https://tcgplayer-cdn.tcgplayer.com/product/85563_200w.jpg,3,1385,https://cpt.tcgcsv.com/hfJ,2023-01-09T20:08:57.69,1,30/101,Common,Water,80,Basic,[2] Rain Splash (20),,Lx2,2,0.6,1.15,9.99,2.03,,Reverse Holofoil,,
85615,Garbodor,Garbodor,https://tcgplayer-cdn.tcgplayer.com/product/85615_200w.jpg,3,1385,https://cpt.tcgcsv.com/kgJ,2023-01-09T20:13:53.573,1,49/101,Uncommon,Psychic,100,Stage 1,[1P] Gentle Wrap (30) The Defending Pokemon can't retreat during your opponent's next turn.,[1PP] Gunk Shot (60) The Defending Pokemon is now Poisoned.,Px2,3,0.25,0.56,1.27,0.64,0.52,Normal,,
85615,Garbodor,Garbodor,https://tcgplayer-cdn.tcgplayer.com/product/85615_200w.jpg,3,1385,https://cpt.tcgcsv.com/kgJ,2023-01-09T20:13:53.573,1,49/101,Uncommon,Psychic,100,Stage 1,[1P] Gentle Wrap (30) The Defending Pokemon can't retreat during your opponent's next turn.,[1PP] Gunk Shot (60) The Defending Pokemon is now Poisoned.,Px2,3,4.99,5.99,6.99,6.65,,Reverse Holofoil,,
85706,Gigalith,Gigalith,https://tcgplayer-cdn.tcgplayer.com/product/85706_200w.jpg,3,1385,https://cpt.tcgcsv.com/8jJ,2023-01-09T20:18:41.037,1,61/101,Rare,Fighting,150,Stage 2,[F] Core Cannon - This attack does 20 damage to 1 of your opponent's Pokemon for each F Energy attached to this Pokemon.  (Don't apply Weakness and Resistance for Benched Pokemon.),[3F] Power Gem (90),Gx2,4,0.55,0.85,2.0,0.93,,Normal,,
85706,Gigalith,Gigalith,https://tcgplayer-cdn.tcgplayer.com/product/85706_200w.jpg,3,1385,https://cpt.tcgcsv.com/8jJ,2023-01-09T20:18:41.037,1,61/101,Rare,Fighting,150,Stage 2,[F] Core Cannon - This attack does 20 damage to 1 of your opponent's Pokemon for each F Energy attached to this Pokemon.  (Don't apply Weakness and Resistance for Benched Pokemon.),[3F] Power Gem (90),Gx2,4,2.0,2.72,3.97,2.75,,Reverse Holofoil,,
85832,Golett,Golett,https://tcgplayer-cdn.tcgplayer.com/product/85832_200w.jpg,3,1385,https://cpt.tcgcsv.com/GlJ,2023-01-09T20:23:33.787,1,71/101,Common,Fighting,80,Basic,"[1F] Dynamic Punch (20+) Flip a coin.  If heads, this attack does 20 more damage and the Defending Pokemon is now Confused.",,Wx2,3,0.2,0.38,1.89,0.44,0.49,Normal,L-20,
85832,Golett,Golett,https://tcgplayer-cdn.tcgplayer.com/product/85832_200w.jpg,3,1385,https://cpt.tcgcsv.com/GlJ,2023-01-09T20:23:33.787,1,71/101,Common,Fighting,80,Basic,"[1F] Dynamic Punch (20+) Flip a coin.  If heads, this attack does 20 more damage and the Defending Pokemon is now Confused.",,Wx2,3,0.47,0.98,3.49,0.93,1.03,Reverse Holofoil,L-20,
85835,Golurk,Golurk,https://tcgplayer-cdn.tcgplayer.com/product/85835_200w.jpg,3,1385,https://cpt.tcgcsv.com/KlJ,2023-01-09T20:23:58.313,1,72/101,Rare,Fighting,130,Stage 1,[1FF] Hammer Arm (60) Discard the top card of your opponent's deck.,[2FF] Hurricane Punch (50x) Flip 4 coins.  This attack does 50 damage times the number of heads.,Wx2,4,0.99,2.0,2.68,2.54,,Normal,L-20,
85835,Golurk,Golurk,https://tcgplayer-cdn.tcgplayer.com/product/85835_200w.jpg,3,1385,https://cpt.tcgcsv.com/KlJ,2023-01-09T20:23:58.313,1,72/101,Rare,Fighting,130,Stage 1,[1FF] Hammer Arm (60) Discard the top card of your opponent's deck.,[2FF] Hurricane Punch (50x) Flip 4 coins.  This attack does 50 damage times the number of heads.,Wx2,4,6.49,59.36,112.22,5.36,,Reverse Holofoil,L-20,
85981,Gurdurr,Gurdurr,https://tcgplayer-cdn.tcgplayer.com/product/85981_200w.jpg,3,1385,https://cpt.tcgcsv.com/FpJ,2025-11-24T12:32:51.547,1,63/101,Uncommon,Fighting,80,Stage 1,[FF] Strength (30),"[2F] Pummel (40+) Flip a coin.  If heads, this attack does 20 more damage.",Px2,3,0.22,0.5,1.0,0.54,0.4,Normal,,
85981,Gurdurr,Gurdurr,https://tcgplayer-cdn.tcgplayer.com/product/85981_200w.jpg,3,1385,https://cpt.tcgcsv.com/FpJ,2025-11-24T12:32:51.547,1,63/101,Uncommon,Fighting,80,Stage 1,[FF] Strength (30),"[2F] Pummel (40+) Flip a coin.  If heads, this attack does 20 more damage.",Px2,3,1.1,1.5,7.69,1.26,,Reverse Holofoil,,
86032,Haxorus,Haxorus,https://tcgplayer-cdn.tcgplayer.com/product/86032_200w.jpg,3,1385,https://cpt.tcgcsv.com/GqJ,2026-02-02T18:27:48.923,1,88/101,Holo Rare,Colorless,140,Stage 2,[2] Dual Chop (50x) Flip 2 coins.  This attack does 50 damage times the number of heads.,[3] Giga Impact (120) This Pokemon can't attack during your next turn.,,2,3.26,4.29,96.95,4.22,96.95,Holofoil,,
86032,Haxorus,Haxorus,https://tcgplayer-cdn.tcgplayer.com/product/86032_200w.jpg,3,1385,https://cpt.tcgcsv.com/GqJ,2026-02-02T18:27:48.923,1,88/101,Holo Rare,Colorless,140,Stage 2,[2] Dual Chop (50x) Flip 2 coins.  This attack does 50 damage times the number of heads.,[3] Giga Impact (120) This Pokemon can't attack during your next turn.,,2,4.0,5.66,9.01,5.94,,Reverse Holofoil,,
86044,Heatmor,Heatmor,https://tcgplayer-cdn.tcgplayer.com/product/86044_200w.jpg,3,1385,https://cpt.tcgcsv.com/VqJ,2023-11-22T17:49:56.057,1,18/101,Uncommon,Fire,90,Basic,[R] Singe - The Defending Pokemon is now Burned.,"[1R] Incinerate (30) Before doing damage, discard a Pokemon Tool card attached to the Defending Pokemon.",Wx2,2,0.15,0.48,1.49,0.53,0.51,Normal,,
86044,Heatmor,Heatmor,https://tcgplayer-cdn.tcgplayer.com/product/86044_200w.jpg,3,1385,https://cpt.tcgcsv.com/VqJ,2023-11-22T17:49:56.057,1,18/101,Uncommon,Fire,90,Basic,[R] Singe - The Defending Pokemon is now Burned.,"[1R] Incinerate (30) Before doing damage, discard a Pokemon Tool card attached to the Defending Pokemon.",Wx2,2,0.73,1.32,2.0,0.85,,Reverse Holofoil,,
86239,Hydreigon,Hydreigon,https://tcgplayer-cdn.tcgplayer.com/product/86239_200w.jpg,3,1385,https://cpt.tcgcsv.com/PvJ,2023-03-26T13:08:35.16,1,79/101,Holo Rare,Darkness,150,Stage 2,[DDDD] Berserker Blade (60) Does 40 damage to 2 of your opponent's Benched Pokemon.  (Don't apply Weakness and Resistance for Benched Pokemon.),,Fx2,3,3.87,5.46,13.78,8.4,,Holofoil,P-20,Dark Aura - All Energy attached to this Pokemon are D Energy instead of their usual type.  (Ability)
86239,Hydreigon,Hydreigon,https://tcgplayer-cdn.tcgplayer.com/product/86239_200w.jpg,3,1385,https://cpt.tcgcsv.com/PvJ,2023-03-26T13:08:35.16,1,79/101,Holo Rare,Darkness,150,Stage 2,[DDDD] Berserker Blade (60) Does 40 damage to 2 of your opponent's Benched Pokemon.  (Don't apply Weakness and Resistance for Benched Pokemon.),,Fx2,3,3.67,6.87,10.49,6.87,,Reverse Holofoil,P-20,Dark Aura - All Energy attached to this Pokemon are D Energy instead of their usual type.  (Ability)
86305,Jellicent,Jellicent,https://tcgplayer-cdn.tcgplayer.com/product/86305_200w.jpg,3,1385,https://cpt.tcgcsv.com/7xJ,2023-01-09T20:09:08.567,1,31/101,Rare,Water,110,Stage 1,[2] Hydro Pump (10+) Does 20 more damage for each W Energy attached to this Pokemon.,,Lx2,3,1.75,5.21,7.75,5.41,,Normal,,"Cursed Body - If this Pokemon is your Active Pokemon and is damaged by an opponent's attack (even if this Pokemon is Knocked Out), the Attacking Pokemon is now Confused.  (Ability)"
86305,Jellicent,Jellicent,https://tcgplayer-cdn.tcgplayer.com/product/86305_200w.jpg,3,1385,https://cpt.tcgcsv.com/7xJ,2023-01-09T20:09:08.567,1,31/101,Rare,Water,110,Stage 1,[2] Hydro Pump (10+) Does 20 more damage for each W Energy attached to this Pokemon.,,Lx2,3,3.18,3.26,4.05,3.18,,Reverse Holofoil,,"Cursed Body - If this Pokemon is your Active Pokemon and is damaged by an opponent's attack (even if this Pokemon is Knocked Out), the Attacking Pokemon is now Confused.  (Ability)"
86425,Karrablast,Karrablast,https://tcgplayer-cdn.tcgplayer.com/product/86425_200w.jpg,3,1385,https://cpt.tcgcsv.com/wBJ,2023-01-09T20:03:11.42,1,8/101,Common,Grass,60,Basic,"[1] Mysterious Evolution - If Shelmet is in play, search your deck for a card that evolves from this Pokemon and put it onto this Pokemon.  (This counts as evolving this Pokemon.)  Shuffle your deck afterward.",[2] Fury Attack (10x) Flip 3 coins.  This attack does 10 damage times the number of heads.,Rx2,1,0.05,0.25,2.29,0.22,,Normal,,
86425,Karrablast,Karrablast,https://tcgplayer-cdn.tcgplayer.com/product/86425_200w.jpg,3,1385,https://cpt.tcgcsv.com/wBJ,2023-01-09T20:03:11.42,1,8/101,Common,Grass,60,Basic,"[1] Mysterious Evolution - If Shelmet is in play, search your deck for a card that evolves from this Pokemon and put it onto this Pokemon.  (This counts as evolving this Pokemon.)  Shuffle your deck afterward.",[2] Fury Attack (10x) Flip 3 coins.  This attack does 10 damage times the number of heads.,Rx2,1,0.3,0.63,1.95,0.63,,Reverse Holofoil,,
86561,Kyurem,Kyurem,https://tcgplayer-cdn.tcgplayer.com/product/86561_200w.jpg,3,1385,https://cpt.tcgcsv.com/fFJ,2023-01-09T20:09:46.707,1,34/101,Holo Rare,Water,130,Basic,[2] Outrage (20+) Does 10 more damage for each damage counter on this Pokemon.,[1WW] Glaciate - This attack does 30 damage to each of your opponent's Pokemon.  (Don't apply Weakness and Resistance for Benched Pokemon.),Mx2,2,2.27,4.36,8.54,4.43,,Holofoil,,
86561,Kyurem,Kyurem,https://tcgplayer-cdn.tcgplayer.com/product/86561_200w.jpg,3,1385,https://cpt.tcgcsv.com/fFJ,2023-01-09T20:09:46.707,1,34/101,Holo Rare,Water,130,Basic,[2] Outrage (20+) Does 10 more damage for each damage counter on this Pokemon.,[1WW] Glaciate - This attack does 30 damage to each of your opponent's Pokemon.  (Don't apply Weakness and Resistance for Benched Pokemon.),Mx2,2,3.77,5.09,13.14,4.56,,Reverse Holofoil,,
86587,Lampent,Lampent,https://tcgplayer-cdn.tcgplayer.com/product/86587_200w.jpg,3,1385,https://cpt.tcgcsv.com/MFJ,2023-07-20T17:05:54.69,1,59/101,Uncommon,Psychic,80,Stage 1,[1] Luring Light - Switch the Defending Pokemon with 1 of your opponent's Benched Pokemon.,[1P] Will-O-Wisp (30),Dx2,1,0.4,1.41,2.39,1.66,,Normal,,
86587,Lampent,Lampent,https://tcgplayer-cdn.tcgplayer.com/product/86587_200w.jpg,3,1385,https://cpt.tcgcsv.com/MFJ,2023-07-20T17:05:54.69,1,59/101,Uncommon,Psychic,80,Stage 1,[1] Luring Light - Switch the Defending Pokemon with 1 of your opponent's Benched Pokemon.,[1P] Will-O-Wisp (30),Dx2,1,8.99,11.97,19.95,11.98,,Reverse Holofoil,,
86591,Landorus,Landorus,https://tcgplayer-cdn.tcgplayer.com/product/86591_200w.jpg,3,1385,https://cpt.tcgcsv.com/RFJ,2023-01-09T20:24:26.783,1,74/101,Holo Rare,Fighting,110,Basic,[F] Abundant Harvest - Attach a basic Energy card from your discard pile to this Pokemon.,[1FF] Gaia Hammer (80) Does 10 damage to each Benched Pokemon (both yours and your opponent's).  (Don't apply Weakness and Resistance for Benched Pokemon.),Wx2,1,1.81,6.4,9.98,5.51,,Holofoil,L-20,
86591,Landorus,Landorus,https://tcgplayer-cdn.tcgplayer.com/product/86591_200w.jpg,3,1385,https://cpt.tcgcsv.com/RFJ,2023-01-09T20:24:26.783,1,74/101,Holo Rare,Fighting,110,Basic,[F] Abundant Harvest - Attach a basic Energy card from your discard pile to this Pokemon.,[1FF] Gaia Hammer (80) Does 10 damage to each Benched Pokemon (both yours and your opponent's).  (Don't apply Weakness and Resistance for Benched Pokemon.),Wx2,1,1.75,5.2,9.6,5.17,,Reverse Holofoil,L-20,
86627,Larvesta (19),Larvesta 19,https://tcgplayer-cdn.tcgplayer.com/product/86627_200w.jpg,3,1385,https://cpt.tcgcsv.com/zGJ,2023-01-09T20:05:09.91,1,19/101,Common,Fire,70,Basic,"[R] Ember (20) Flip a coin.  If tails, discard an Energy attached to this Pokemon.",,Wx2,2,0.15,0.29,2.79,0.29,0.25,Normal,,
86627,Larvesta (19),Larvesta 19,https://tcgplayer-cdn.tcgplayer.com/product/86627_200w.jpg,3,1385,https://cpt.tcgcsv.com/zGJ,2023-01-09T20:05:09.91,1,19/101,Common,Fire,70,Basic,"[R] Ember (20) Flip a coin.  If tails, discard an Energy attached to this Pokemon.",,Wx2,2,0.91,5.99,14.99,9.54,,Reverse Holofoil,,
86628,Larvesta (20),Larvesta 20,https://tcgplayer-cdn.tcgplayer.com/product/86628_200w.jpg,3,1385,https://cpt.tcgcsv.com/BGJ,2023-01-09T20:05:17.66,1,20/101,Common,Fire,80,Basic,[2] Take Down (30) This Pokemon does 10 damage to itself.,,Wx2,2,0.01,0.25,1.62,0.26,0.2,Normal,,
86628,Larvesta (20),Larvesta 20,https://tcgplayer-cdn.tcgplayer.com/product/86628_200w.jpg,3,1385,https://cpt.tcgcsv.com/BGJ,2023-01-09T20:05:17.66,1,20/101,Common,Fire,80,Basic,[2] Take Down (30) This Pokemon does 10 damage to itself.,,Wx2,2,0.73,0.79,2.0,0.78,,Reverse Holofoil,,
86687,Leavanny,Leavanny,https://tcgplayer-cdn.tcgplayer.com/product/86687_200w.jpg,3,1385,https://cpt.tcgcsv.com/MHJ,2023-01-09T20:01:58.667,1,3/101,Holo Rare,Grass,130,Stage 2,[2G] Cutting Arm (40+) Flip 2 coins.  This attack does 20 more damage for each heads.,,Rx2,2,0.75,1.25,3.74,1.21,,Holofoil,,Leaf Tailor - Each of your Pokemon that has any Energy attached to it has no Weakness.  (Ability)
86687,Leavanny,Leavanny,https://tcgplayer-cdn.tcgplayer.com/product/86687_200w.jpg,3,1385,https://cpt.tcgcsv.com/MHJ,2023-01-09T20:01:58.667,1,3/101,Holo Rare,Grass,130,Stage 2,[2G] Cutting Arm (40+) Flip 2 coins.  This attack does 20 more damage for each heads.,,Rx2,2,1.0,1.49,3.49,1.53,,Reverse Holofoil,,Leaf Tailor - Each of your Pokemon that has any Energy attached to it has no Weakness.  (Ability)
86794,Lilligant,Lilligant,https://tcgplayer-cdn.tcgplayer.com/product/86794_200w.jpg,3,1385,https://cpt.tcgcsv.com/VKJ,2023-01-09T20:02:26.1,1,5/101,Rare,Grass,80,Stage 1,[G] Aromax - Heal all damage from 1 of your Benched Pokemon.,[1G] Windmill (30) Switch this Pokemon with 1 of your Benched Pokemon.,Rx2,1,0.45,1.05,6.99,1.79,,Normal,W-20,
86794,Lilligant,Lilligant,https://tcgplayer-cdn.tcgplayer.com/product/86794_200w.jpg,3,1385,https://cpt.tcgcsv.com/VKJ,2023-01-09T20:02:26.1,1,5/101,Rare,Grass,80,Stage 1,[G] Aromax - Heal all damage from 1 of your Benched Pokemon.,[1G] Windmill (30) Switch this Pokemon with 1 of your Benched Pokemon.,Rx2,1,5.98,7.84,11.53,5.98,,Reverse Holofoil,W-20,
86808,Litwick (57),Litwick 57,https://tcgplayer-cdn.tcgplayer.com/product/86808_200w.jpg,3,1385,https://cpt.tcgcsv.com/bLJ,2023-01-09T20:16:00.253,1,57/101,Common,Psychic,50,Basic,"[2] Searing Flame (20) Flip a coin.  If heads, the Defending Pokemon is now Burned.",,Dx2,1,0.23,0.4,1.17,0.38,0.42,Normal,,
86808,Litwick (57),Litwick 57,https://tcgplayer-cdn.tcgplayer.com/product/86808_200w.jpg,3,1385,https://cpt.tcgcsv.com/bLJ,2023-01-09T20:16:00.253,1,57/101,Common,Psychic,50,Basic,"[2] Searing Flame (20) Flip a coin.  If heads, the Defending Pokemon is now Burned.",,Dx2,1,4.25,7.08,16.99,5.51,,Reverse Holofoil,,
86809,Litwick (58),Litwick 58,https://tcgplayer-cdn.tcgplayer.com/product/86809_200w.jpg,3,1385,https://cpt.tcgcsv.com/cLJ,2025-02-05T21:11:32.103,1,58/101,Common,Psychic,50,Basic,[P] Teleportation Burst (10) Switch this Pokemon with 1 of your Benched Pokemon.,,Dx2,1,0.15,0.35,1.56,0.37,,Normal,,
86809,Litwick (58),Litwick 58,https://tcgplayer-cdn.tcgplayer.com/product/86809_200w.jpg,3,1385,https://cpt.tcgcsv.com/cLJ,2025-02-05T21:11:32.103,1,58/101,Common,Psychic,50,Basic,[P] Teleportation Burst (10) Switch this Pokemon with 1 of your Benched Pokemon.,,Dx2,1,9.0,9.0,9.0,2.81,,Reverse Holofoil,,
87325,Meowth,Meowth,https://tcgplayer-cdn.tcgplayer.com/product/87325_200w.jpg,3,1385,https://cpt.tcgcsv.com/wXJ,2026-02-02T18:33:59,1,102/101,Secret Rare,Colorless,60,Basic,[1] Fury Swipes (10x) Flip 3 coins.  This attack does 10 damage times the number of heads.,[2] Pay Day (20) Draw a card.,Fx2,1,64.99,91.98,136.42,83.47,81.46,Holofoil,,
87436,Mienfoo,Mienfoo,https://tcgplayer-cdn.tcgplayer.com/product/87436_200w.jpg,3,1385,https://cpt.tcgcsv.com/L-J,2023-01-09T20:22:49.41,1,69/101,Common,Fighting,50,Basic,[1] Pound (10),[FF] High Jump Kick (30),Px2,1,0.15,0.3,1.49,0.31,0.25,Normal,,
87436,Mienfoo,Mienfoo,https://tcgplayer-cdn.tcgplayer.com/product/87436_200w.jpg,3,1385,https://cpt.tcgcsv.com/L-J,2023-01-09T20:22:49.41,1,69/101,Common,Fighting,50,Basic,[1] Pound (10),[FF] High Jump Kick (30),Px2,1,0.35,0.48,1.99,0.69,,Reverse Holofoil,,
87440,Mienshao,Mienshao,https://tcgplayer-cdn.tcgplayer.com/product/87440_200w.jpg,3,1385,https://cpt.tcgcsv.com/Q-J,2024-04-23T15:04:03.92,1,70/101,Uncommon,Fighting,90,Stage 1,[1] Feint (30) This attack's damage isn't affected by Resistance.,[FF] High Jump Kick (50),Px2,1,0.25,0.43,1.67,0.41,0.47,Normal,,
87440,Mienshao,Mienshao,https://tcgplayer-cdn.tcgplayer.com/product/87440_200w.jpg,3,1385,https://cpt.tcgcsv.com/Q-J,2024-04-23T15:04:03.92,1,70/101,Uncommon,Fighting,90,Stage 1,[1] Feint (30) This attack's damage isn't affected by Resistance.,[FF] High Jump Kick (50),Px2,1,1.0,1.41,4.19,1.51,,Reverse Holofoil,,
87675,N (Supporter),N Supporter,https://tcgplayer-cdn.tcgplayer.com/product/87675_200w.jpg,3,1385,https://cpt.tcgcsv.com/w5K,2025-11-24T12:34:29.92,1,92/101,Uncommon,Supporter,,,,,,,0.75,1.41,96.95,2.3,1.24,Normal,,"You may play only 1 Supporter card per turn (before your attack).
<br>
<br>Each player shuffles his or her hand into his or her deck.  Then, each player draws a card for each of his or her remaining Prize cards."
87675,N (Supporter),N Supporter,https://tcgplayer-cdn.tcgplayer.com/product/87675_200w.jpg,3,1385,https://cpt.tcgcsv.com/w5K,2025-11-24T12:34:29.92,1,92/101,Uncommon,Supporter,,,,,,,9.85,14.32,22.59,13.26,,Reverse Holofoil,,"You may play only 1 Supporter card per turn (before your attack).
<br>
<br>Each player shuffles his or her hand into his or her deck.  Then, each player draws a card for each of his or her remaining Prize cards."
87678,N (Supporter) (Full Art),N Supporter Full Art,https://tcgplayer-cdn.tcgplayer.com/product/87678_200w.jpg,3,1385,https://cpt.tcgcsv.com/B5K,2023-09-16T09:00:39.5,1,101/101,Ultra Rare,Supporter,0,Supporter,"Each player shuffles his or her hand into his or her deck.  Then, each player draws a card for each of his or her remaining Prize cards.",,,,225.0,250.63,300.0,263.74,200.0,Holofoil,,You may play only 1 Supporter card per turn (before your attack).
87922,Palpitoad,Palpitoad,https://tcgplayer-cdn.tcgplayer.com/product/87922_200w.jpg,3,1385,https://cpt.tcgcsv.com/sbK,2023-01-09T20:07:14.767,1,23/101,Uncommon,Water,80,Stage 1,[W] Mud Shot (20),[3] Round (20x) Does 20 damage times the number of your Pokemon that have the Round attack.,Gx2,2,0.34,0.48,1.49,0.45,,Normal,,
87922,Palpitoad,Palpitoad,https://tcgplayer-cdn.tcgplayer.com/product/87922_200w.jpg,3,1385,https://cpt.tcgcsv.com/sbK,2023-01-09T20:07:14.767,1,23/101,Uncommon,Water,80,Stage 1,[W] Mud Shot (20),[3] Round (20x) Does 20 damage times the number of your Pokemon that have the Round attack.,Gx2,2,1.77,2.17,2.99,1.79,,Reverse Holofoil,,
87942,Pansear,Pansear,https://tcgplayer-cdn.tcgplayer.com/product/87942_200w.jpg,3,1385,https://cpt.tcgcsv.com/SbK,2023-11-22T17:50:41.177,1,16/101,Common,Fire,70,Basic,[1] Beat (10),"[2R] Lunge (60) Flip a coin.  If tails, this attack does nothing.",Wx2,2,0.05,0.25,1.1,0.2,0.2,Normal,,
87942,Pansear,Pansear,https://tcgplayer-cdn.tcgplayer.com/product/87942_200w.jpg,3,1385,https://cpt.tcgcsv.com/SbK,2023-11-22T17:50:41.177,1,16/101,Common,Fire,70,Basic,[1] Beat (10),"[2R] Lunge (60) Flip a coin.  If tails, this attack does nothing.",Wx2,2,0.25,0.53,1.74,0.74,,Reverse Holofoil,,
87967,Pawniard (75),Pawniard 75,https://tcgplayer-cdn.tcgplayer.com/product/87967_200w.jpg,3,1385,https://cpt.tcgcsv.com/mcK,2023-03-26T13:08:03.153,1,75/101,Common,Darkness,60,Basic,[1] Iron Head (10x) Flip a coin until you get tails.  This attack does 10 damage times the number of heads.,,Fx2,1,0.12,0.35,1.66,0.37,,Normal,P-20,
87967,Pawniard (75),Pawniard 75,https://tcgplayer-cdn.tcgplayer.com/product/87967_200w.jpg,3,1385,https://cpt.tcgcsv.com/mcK,2023-03-26T13:08:03.153,1,75/101,Common,Darkness,60,Basic,[1] Iron Head (10x) Flip a coin until you get tails.  This attack does 10 damage times the number of heads.,,Fx2,1,0.92,2.92,5.94,1.08,,Reverse Holofoil,P-20,
87968,Pawniard (81),Pawniard 81,https://tcgplayer-cdn.tcgplayer.com/product/87968_200w.jpg,3,1385,https://cpt.tcgcsv.com/ncK,2023-01-09T20:29:07.717,1,81/101,Common,Metal,60,Basic,[M] Pierce (10),[2] Cut (20),Rx2,1,0.2,0.37,1.0,0.4,,Normal,P-20,
87968,Pawniard (81),Pawniard 81,https://tcgplayer-cdn.tcgplayer.com/product/87968_200w.jpg,3,1385,https://cpt.tcgcsv.com/ncK,2023-01-09T20:29:07.717,1,81/101,Common,Metal,60,Basic,[M] Pierce (10),[2] Cut (20),Rx2,1,25.0,26.06,27.12,7.94,,Reverse Holofoil,P-20,
87992,Petilil,Petilil,https://tcgplayer-cdn.tcgplayer.com/product/87992_200w.jpg,3,1385,https://cpt.tcgcsv.com/ScK,2025-02-05T21:11:32.15,1,4/101,Common,Grass,60,Basic,[1] Ram (10),[1G] Absorb (10) Heal 10 damage from this Pokemon.,Rx2,1,0.05,0.31,1.49,0.33,,Normal,W-20,
87992,Petilil,Petilil,https://tcgplayer-cdn.tcgplayer.com/product/87992_200w.jpg,3,1385,https://cpt.tcgcsv.com/ScK,2025-02-05T21:11:32.15,1,4/101,Common,Grass,60,Basic,[1] Ram (10),[1G] Absorb (10) Heal 10 damage from this Pokemon.,Rx2,1,0.52,0.99,8.0,0.87,,Reverse Holofoil,W-20,
88159,Plume Fossil,Plume Fossil,https://tcgplayer-cdn.tcgplayer.com/product/88159_200w.jpg,3,1385,https://cpt.tcgcsv.com/chK,2026-02-02T18:34:46.56,1,93/101,Uncommon,Item,0,Item,Look at the bottom 7 cards of your deck.  You may reveal an Archen you find there and put it onto your Bench.  Shuffle the other cards back into your deck.,,,,0.15,0.3,1.5,0.4,,Normal,,You may play as many Item cards as you like during your turn (before your attack).
88159,Plume Fossil,Plume Fossil,https://tcgplayer-cdn.tcgplayer.com/product/88159_200w.jpg,3,1385,https://cpt.tcgcsv.com/chK,2026-02-02T18:34:46.56,1,93/101,Uncommon,Item,0,Item,Look at the bottom 7 cards of your deck.  You may reveal an Archen you find there and put it onto your Bench.  Shuffle the other cards back into your deck.,,,,0.24,0.55,9.09,0.7,0.74,Reverse Holofoil,,You may play as many Item cards as you like during your turn (before your attack).
88720,Reuniclus (52),Reuniclus 52,https://tcgplayer-cdn.tcgplayer.com/product/88720_200w.jpg,3,1385,https://cpt.tcgcsv.com/qvK,2023-01-09T20:14:43.163,1,52/101,Rare,Psychic,90,Stage 2,[P] Dizzy Punch (30x) Flip 2 coins.  This attack does 30 damage times the number of heads.,[2P] Mind Bend (60) The Defending Pokemon is now Confused.,Px2,2,0.39,1.0,4.0,1.01,,Normal,,
88720,Reuniclus (52),Reuniclus 52,https://tcgplayer-cdn.tcgplayer.com/product/88720_200w.jpg,3,1385,https://cpt.tcgcsv.com/qvK,2023-01-09T20:14:43.163,1,52/101,Rare,Psychic,90,Stage 2,[P] Dizzy Punch (30x) Flip 2 coins.  This attack does 30 damage times the number of heads.,[2P] Mind Bend (60) The Defending Pokemon is now Confused.,Px2,2,0.5,1.25,3.49,1.46,,Reverse Holofoil,,
88721,Reuniclus (53),Reuniclus 53,https://tcgplayer-cdn.tcgplayer.com/product/88721_200w.jpg,3,1385,https://cpt.tcgcsv.com/rvK,2023-01-09T20:14:50.833,1,53/101,Rare,Psychic,90,Stage 2,[1] Future Sight - Look at the top 5 cards of your deck and put them back on top of your deck in any order.,[P] Net Force (40x) Does 40 damage times the number of Reuniclus you have in play.,Px2,2,0.25,0.58,4.73,0.6,,Normal,,
88721,Reuniclus (53),Reuniclus 53,https://tcgplayer-cdn.tcgplayer.com/product/88721_200w.jpg,3,1385,https://cpt.tcgcsv.com/rvK,2023-01-09T20:14:50.833,1,53/101,Rare,Psychic,90,Stage 2,[1] Future Sight - Look at the top 5 cards of your deck and put them back on top of your deck in any order.,[P] Net Force (40x) Does 40 damage times the number of Reuniclus you have in play.,Px2,2,1.44,1.5,2.8,1.99,,Reverse Holofoil,,
88802,Rocky Helmet,Rocky Helmet,https://tcgplayer-cdn.tcgplayer.com/product/88802_200w.jpg,3,1385,https://cpt.tcgcsv.com/3xK,2023-01-09T20:33:42.84,1,94/101,Uncommon,Item,0,Tool,"If the Pokemon this card is attached to is your Active Pokemon and is damaged by an opponent's attack (even if the Pokemon is Knocked Out), put 2 damage counters on the Attacking Pokemon.",,,,0.13,0.25,19.5,0.27,0.16,Normal,,Attach a Pokemon Tool to 1 of your Pokemon that doesn't already have a Pokemon Tool attached to it.
88802,Rocky Helmet,Rocky Helmet,https://tcgplayer-cdn.tcgplayer.com/product/88802_200w.jpg,3,1385,https://cpt.tcgcsv.com/3xK,2023-01-09T20:33:42.84,1,94/101,Uncommon,Item,0,Tool,"If the Pokemon this card is attached to is your Active Pokemon and is damaged by an opponent's attack (even if the Pokemon is Knocked Out), put 2 damage counters on the Attacking Pokemon.",,,,0.25,0.5,0.88,0.5,,Reverse Holofoil,,Attach a Pokemon Tool to 1 of your Pokemon that doesn't already have a Pokemon Tool attached to it.
89057,Seismitoad,Seismitoad,https://tcgplayer-cdn.tcgplayer.com/product/89057_200w.jpg,3,1385,https://cpt.tcgcsv.com/9FK,2023-04-10T08:35:33.2,1,24/101,Rare,Water,140,Stage 2,[2] Round (30x) Does 30 damage times the number of your Pokemon that have the Round attack.,[1WW] Hyper Voice (70),Gx2,3,0.5,0.74,1.14,0.75,,Normal,,
89057,Seismitoad,Seismitoad,https://tcgplayer-cdn.tcgplayer.com/product/89057_200w.jpg,3,1385,https://cpt.tcgcsv.com/9FK,2023-04-10T08:35:33.2,1,24/101,Rare,Water,140,Stage 2,[2] Round (30x) Does 30 damage times the number of your Pokemon that have the Round attack.,[1WW] Hyper Voice (70),Gx2,3,1.0,1.99,5.99,2.42,,Reverse Holofoil,,
89091,Sewaddle,Sewaddle,https://tcgplayer-cdn.tcgplayer.com/product/89091_200w.jpg,3,1385,https://cpt.tcgcsv.com/RFK,2025-12-11T00:58:50.67,1,1/101,Common,Grass,50,Basic,[1G] Leaf Boomerang (20x) Flip 2 coins.  This attack does 20 damage times the number of heads.,,Rx2,1,0.05,0.26,19.5,0.25,0.23,Normal,,
89091,Sewaddle,Sewaddle,https://tcgplayer-cdn.tcgplayer.com/product/89091_200w.jpg,3,1385,https://cpt.tcgcsv.com/RFK,2025-12-11T00:58:50.67,1,1/101,Common,Grass,50,Basic,[1G] Leaf Boomerang (20x) Flip 2 coins.  This attack does 20 damage times the number of heads.,,Rx2,1,0.25,0.85,1.49,0.85,0.99,Reverse Holofoil,,
89146,Shelmet,Shelmet,https://tcgplayer-cdn.tcgplayer.com/product/89146_200w.jpg,3,1385,https://cpt.tcgcsv.com/XGK,2023-01-09T20:03:46.727,1,11/101,Common,Grass,60,Basic,"[1] Mysterious Evolution - If Karrablast is in play, search your deck for a card that evolves from this Pokemon and put it onto this Pokemon.  (This counts as evolving this Pokemon.)  Shuffle your deck afterward.",[G] Ram (10),Rx2,3,0.09,0.25,1.59,0.31,,Normal,,
89146,Shelmet,Shelmet,https://tcgplayer-cdn.tcgplayer.com/product/89146_200w.jpg,3,1385,https://cpt.tcgcsv.com/XGK,2023-01-09T20:03:46.727,1,11/101,Common,Grass,60,Basic,"[1] Mysterious Evolution - If Karrablast is in play, search your deck for a card that evolves from this Pokemon and put it onto this Pokemon.  (This counts as evolving this Pokemon.)  Shuffle your deck afterward.",[G] Ram (10),Rx2,3,0.25,0.89,3.49,0.85,,Reverse Holofoil,,
89227,Simisear,Simisear,https://tcgplayer-cdn.tcgplayer.com/product/89227_200w.jpg,3,1385,https://cpt.tcgcsv.com/zJK,2023-03-26T13:06:58.737,1,17/101,Uncommon,Fire,90,Stage 1,[1] Scratch (20),[1RR] Double Fire (80x) Flip 2 coins.  This attack does 80 damage times the number of heads.,Wx2,2,0.1,0.25,1.49,0.25,0.25,Normal,,
89227,Simisear,Simisear,https://tcgplayer-cdn.tcgplayer.com/product/89227_200w.jpg,3,1385,https://cpt.tcgcsv.com/zJK,2023-03-26T13:06:58.737,1,17/101,Uncommon,Fire,90,Stage 1,[1] Scratch (20),[1RR] Double Fire (80x) Flip 2 coins.  This attack does 80 damage times the number of heads.,Wx2,2,0.41,0.63,1.0,0.66,,Reverse Holofoil,,
89421,Solosis,Solosis,https://tcgplayer-cdn.tcgplayer.com/product/89421_200w.jpg,3,1385,https://cpt.tcgcsv.com/rNK,2023-03-26T13:07:33.237,1,50/101,Common,Psychic,30,Basic,[1] Rollout (10),,Px2,1,0.05,0.27,1.19,0.28,0.24,Normal,,
89421,Solosis,Solosis,https://tcgplayer-cdn.tcgplayer.com/product/89421_200w.jpg,3,1385,https://cpt.tcgcsv.com/rNK,2023-03-26T13:07:33.237,1,50/101,Common,Psychic,30,Basic,[1] Rollout (10),,Px2,1,0.48,0.74,2.14,0.53,,Reverse Holofoil,,
89579,Stunfisk (42),Stunfisk 42,https://tcgplayer-cdn.tcgplayer.com/product/89579_200w.jpg,3,1385,https://cpt.tcgcsv.com/CRK,2023-01-09T20:12:38.637,1,42/101,Common,Lightning,90,Basic,[2] Mud Shot (20),"[2L] Thunder (60) Flip a coin.  If tails, this Pokemon does 30 damage to itself.",Fx2,2,0.05,0.25,7.82,0.23,0.25,Normal,,
89579,Stunfisk (42),Stunfisk 42,https://tcgplayer-cdn.tcgplayer.com/product/89579_200w.jpg,3,1385,https://cpt.tcgcsv.com/CRK,2023-01-09T20:12:38.637,1,42/101,Common,Lightning,90,Basic,[2] Mud Shot (20),"[2L] Thunder (60) Flip a coin.  If tails, this Pokemon does 30 damage to itself.",Fx2,2,0.25,0.5,0.99,0.53,,Reverse Holofoil,,
89580,Stunfisk (68),Stunfisk 68,https://tcgplayer-cdn.tcgplayer.com/product/89580_200w.jpg,3,1385,https://cpt.tcgcsv.com/DRK,2023-01-09T20:21:55.9,1,68/101,Uncommon,Fighting,90,Basic,[1L] Trickle (30x) Flip 2 coins.  This attack does 30 damage times the number of heads.,"[1LL] Thundershock (50) Flip a coin.  If heads, the Defending Pokemon is now Paralyzed.",Wx2,1,0.25,0.41,1.6,0.41,,Normal,L-20,
89580,Stunfisk (68),Stunfisk 68,https://tcgplayer-cdn.tcgplayer.com/product/89580_200w.jpg,3,1385,https://cpt.tcgcsv.com/DRK,2023-01-09T20:21:55.9,1,68/101,Uncommon,Fighting,90,Basic,[1L] Trickle (30x) Flip 2 coins.  This attack does 30 damage times the number of heads.,"[1LL] Thundershock (50) Flip a coin.  If heads, the Defending Pokemon is now Paralyzed.",Wx2,1,0.45,0.75,1.19,0.87,,Reverse Holofoil,L-20,
89631,Super Rod,Super Rod,https://tcgplayer-cdn.tcgplayer.com/product/89631_200w.jpg,3,1385,https://cpt.tcgcsv.com/FSK,2023-10-18T12:20:17.317,1,95/101,Uncommon,Item,0,Item,Shuffle 3 in any combination of Pokemon and basic Energy cards from your discard pile back into your deck.,,,,1.0,2.38,6.49,2.99,2.96,Normal,,You may play as many Item cards as you like during your turn (before your attack).
89631,Super Rod,Super Rod,https://tcgplayer-cdn.tcgplayer.com/product/89631_200w.jpg,3,1385,https://cpt.tcgcsv.com/FSK,2023-10-18T12:20:17.317,1,95/101,Uncommon,Item,0,Item,Shuffle 3 in any combination of Pokemon and basic Energy cards from your discard pile back into your deck.,,,,3.39,5.84,10.0,6.5,,Reverse Holofoil,,You may play as many Item cards as you like during your turn (before your attack).
89667,Swadloon,Swadloon,https://tcgplayer-cdn.tcgplayer.com/product/89667_200w.jpg,3,1385,https://cpt.tcgcsv.com/mTK,2023-01-09T20:01:41.823,1,2/101,Uncommon,Grass,70,Stage 1,[G] Tackle (20),"[2] String Shot (20) Flip a coin.  If heads, the Defending Pokemon is now Paralyzed.",Rx2,1,0.09,0.34,19.5,0.35,0.25,Normal,,
89667,Swadloon,Swadloon,https://tcgplayer-cdn.tcgplayer.com/product/89667_200w.jpg,3,1385,https://cpt.tcgcsv.com/mTK,2023-01-09T20:01:41.823,1,2/101,Uncommon,Grass,70,Stage 1,[G] Tackle (20),"[2] String Shot (20) Flip a coin.  If heads, the Defending Pokemon is now Paralyzed.",Rx2,1,0.86,1.09,1.14,1.09,,Reverse Holofoil,,
89887,Terrakion,Terrakion,https://tcgplayer-cdn.tcgplayer.com/product/89887_200w.jpg,3,1385,https://cpt.tcgcsv.com/MZK,2023-01-09T20:24:13.797,1,73/101,Holo Rare,Fighting,130,Basic,"[1F] Retaliate (30+) If any of your Pokemon were Knocked Out by damage from an opponent's attack during his or her last turn, this attack does 60 more damage.",[1FF] Land Crush (90),Gx2,4,1.67,2.68,9.09,2.57,2.67,Holofoil,,
89887,Terrakion,Terrakion,https://tcgplayer-cdn.tcgplayer.com/product/89887_200w.jpg,3,1385,https://cpt.tcgcsv.com/MZK,2023-01-09T20:24:13.797,1,73/101,Holo Rare,Fighting,130,Basic,"[1F] Retaliate (30+) If any of your Pokemon were Knocked Out by damage from an opponent's attack during his or her last turn, this attack does 60 more damage.",[1FF] Land Crush (90),Gx2,4,2.07,3.67,6.0,3.6,,Reverse Holofoil,,
89891,Terrakion (99 Full Art),Terrakion 99 Full Art,https://tcgplayer-cdn.tcgplayer.com/product/89891_200w.jpg,3,1385,https://cpt.tcgcsv.com/RZK,2023-01-09T20:35:00.113,1,99/101,Ultra Rare,Fighting,130,Basic,"[1F] Retaliate (30+) If any of your Pokemon were Knocked Out by damage from an opponent's attack during his or her last turn, this attack does 60 more damage.",[1FF] Land Crush (90),Gx2,4,28.95,37.49,58.91,36.05,,Holofoil,,
89914,Timburr,Timburr,https://tcgplayer-cdn.tcgplayer.com/product/89914_200w.jpg,3,1385,https://cpt.tcgcsv.com/j-K,2023-01-09T20:18:54.5,1,62/101,Common,Fighting,60,Basic,"[F] Pummel (10+) Flip a coin.  If heads, this attack does 10 more damage.",,Px2,2,0.24,0.5,1.75,0.54,,Normal,,
89914,Timburr,Timburr,https://tcgplayer-cdn.tcgplayer.com/product/89914_200w.jpg,3,1385,https://cpt.tcgcsv.com/j-K,2023-01-09T20:18:54.5,1,62/101,Common,Fighting,60,Basic,"[F] Pummel (10+) Flip a coin.  If heads, this attack does 10 more damage.",,Px2,2,0.99,1.3,1.39,1.47,,Reverse Holofoil,,
89921,Tirtouga,Tirtouga,https://tcgplayer-cdn.tcgplayer.com/product/89921_200w.jpg,3,1385,https://cpt.tcgcsv.com/r-K,2023-01-09T20:07:43.803,1,25/101,Uncommon,Water,90,Restored,[1W] Water Gun (30),[2W] Surf (60),Gx2,3,1.15,1.69,3.0,1.6,,Normal,,
89921,Tirtouga,Tirtouga,https://tcgplayer-cdn.tcgplayer.com/product/89921_200w.jpg,3,1385,https://cpt.tcgcsv.com/r-K,2023-01-09T20:07:43.803,1,25/101,Uncommon,Water,90,Restored,[1W] Water Gun (30),[2W] Surf (60),Gx2,3,7.0,8.82,19.99,7.78,,Reverse Holofoil,,
90065,Trubbish,Trubbish,https://tcgplayer-cdn.tcgplayer.com/product/90065_200w.jpg,3,1385,https://cpt.tcgcsv.com/k2L,2023-01-09T20:13:42.14,1,48/101,Common,Psychic,60,Basic,[1] Garbage Collection - Put a card from your discard pile on top of your deck.,[1P] Sludge Bomb (20),Px2,1,1.99,2.17,5.0,2.79,,Normal,,
90065,Trubbish,Trubbish,https://tcgplayer-cdn.tcgplayer.com/product/90065_200w.jpg,3,1385,https://cpt.tcgcsv.com/k2L,2023-01-09T20:13:42.14,1,48/101,Common,Psychic,60,Basic,[1] Garbage Collection - Put a card from your discard pile on top of your deck.,[1P] Sludge Bomb (20),Px2,1,7.98,8.99,13.19,8.01,,Reverse Holofoil,,
90088,Tympole,Tympole,https://tcgplayer-cdn.tcgplayer.com/product/90088_200w.jpg,3,1385,https://cpt.tcgcsv.com/N2L,2023-01-09T20:06:51.767,1,22/101,Common,Water,60,Basic,[1] Vibration (10),[1W] Mud Shot (20),Gx2,1,0.12,0.25,1.0,0.22,,Normal,,
90088,Tympole,Tympole,https://tcgplayer-cdn.tcgplayer.com/product/90088_200w.jpg,3,1385,https://cpt.tcgcsv.com/N2L,2023-01-09T20:06:51.767,1,22/101,Common,Water,60,Basic,[1] Vibration (10),[1W] Mud Shot (20),Gx2,1,0.27,0.6,1.68,0.62,,Reverse Holofoil,,
90093,Tynamo (38),Tynamo 38,https://tcgplayer-cdn.tcgplayer.com/product/90093_200w.jpg,3,1385,https://cpt.tcgcsv.com/T2L,2026-02-02T18:35:22.22,1,38/101,Common,Lightning,40,Basic,"[L] Thunder Wave (10) Flip a coin.  If heads, the Defending Pokemon is now Paralyzed.",,Fx2,1,0.02,0.3,19.5,0.33,0.17,Normal,,
90093,Tynamo (38),Tynamo 38,https://tcgplayer-cdn.tcgplayer.com/product/90093_200w.jpg,3,1385,https://cpt.tcgcsv.com/T2L,2026-02-02T18:35:22.22,1,38/101,Common,Lightning,40,Basic,"[L] Thunder Wave (10) Flip a coin.  If heads, the Defending Pokemon is now Paralyzed.",,Fx2,1,3.7,5.0,7.0,4.47,,Reverse Holofoil,,
90094,Tynamo (39),Tynamo 39,https://tcgplayer-cdn.tcgplayer.com/product/90094_200w.jpg,3,1385,https://cpt.tcgcsv.com/V2L,2023-01-30T11:07:08.28,1,39/101,Common,Lightning,30,Basic,[1] Tackle (10),,Fx2,0,0.2,0.31,9.09,0.36,,Normal,,
90094,Tynamo (39),Tynamo 39,https://tcgplayer-cdn.tcgplayer.com/product/90094_200w.jpg,3,1385,https://cpt.tcgcsv.com/V2L,2023-01-30T11:07:08.28,1,39/101,Common,Lightning,30,Basic,[1] Tackle (10),,Fx2,0,4.72,6.99,9.0,5.94,,Reverse Holofoil,,
90263,Vanillish,Vanillish,https://tcgplayer-cdn.tcgplayer.com/product/90263_200w.jpg,3,1385,https://cpt.tcgcsv.com/h7L,2023-01-09T20:08:31.397,1,28/101,Uncommon,Water,80,Stage 1,"[1W] Ice Beam (20) Flip a coin.  If heads, the Defending Pokemon is now Paralyzed.",[WW] Frost Breath (40),Mx2,2,0.26,0.5,5.0,0.51,0.4,Normal,,
90263,Vanillish,Vanillish,https://tcgplayer-cdn.tcgplayer.com/product/90263_200w.jpg,3,1385,https://cpt.tcgcsv.com/h7L,2023-01-09T20:08:31.397,1,28/101,Uncommon,Water,80,Stage 1,"[1W] Ice Beam (20) Flip a coin.  If heads, the Defending Pokemon is now Paralyzed.",[WW] Frost Breath (40),Mx2,2,1.34,1.51,1.6,1.35,1.49,Reverse Holofoil,,
90268,Vanillite,Vanillite,https://tcgplayer-cdn.tcgplayer.com/product/90268_200w.jpg,3,1385,https://cpt.tcgcsv.com/n7L,2025-11-11T01:30:55.407,1,27/101,Common,Water,50,Basic,"[W] Icicle Barb (10+) Flip a coin.  If heads, this attack does 10 more damage.",,Mx2,1,0.14,0.29,5.0,0.28,0.25,Normal,,
90268,Vanillite,Vanillite,https://tcgplayer-cdn.tcgplayer.com/product/90268_200w.jpg,3,1385,https://cpt.tcgcsv.com/n7L,2025-11-11T01:30:55.407,1,27/101,Common,Water,50,Basic,"[W] Icicle Barb (10+) Flip a coin.  If heads, this attack does 10 more damage.",,Mx2,1,0.2,0.69,5.0,0.74,,Reverse Holofoil,,
90273,Vanilluxe,Vanilluxe,https://tcgplayer-cdn.tcgplayer.com/product/90273_200w.jpg,3,1385,https://cpt.tcgcsv.com/t7L,2025-11-11T01:33:25.1,1,29/101,Rare,Water,130,Stage 2,"[1W] Double Freeze (40x) Flip 2 coins.  This attack does 40 damage times the number of heads.  If either of them is heads, the Defending Pokemon is now Paralyzed.",[WW] Frost Breath (60),Mx2,2,1.0,1.24,96.95,1.24,2.44,Normal,,
90273,Vanilluxe,Vanilluxe,https://tcgplayer-cdn.tcgplayer.com/product/90273_200w.jpg,3,1385,https://cpt.tcgcsv.com/t7L,2025-11-11T01:33:25.1,1,29/101,Rare,Water,130,Stage 2,"[1W] Double Freeze (40x) Flip 2 coins.  This attack does 40 damage times the number of heads.  If either of them is heads, the Defending Pokemon is now Paralyzed.",[WW] Frost Breath (60),Mx2,2,1.64,2.35,2.81,2.23,,Reverse Holofoil,,
90343,Victini (14),Victini 14,https://tcgplayer-cdn.tcgplayer.com/product/90343_200w.jpg,3,1385,https://cpt.tcgcsv.com/T8L,2023-01-09T20:04:20.443,1,14/101,Holo Rare,Fire,60,Basic,[1R] Stored Power (30) Move an Energy attached to this Pokemon to 1 of your Benched Pokemon.,,Wx2,1,5.99,8.47,11.0,10.81,,Holofoil,,"Victory Star - Once during your turn, after you flip any coins for an attack, you may ignore all effects of those coin flips and begin flipping those coins again.  You can't use more than 1 Victory Star Ability each turn.  (Ability)"
90343,Victini (14),Victini 14,https://tcgplayer-cdn.tcgplayer.com/product/90343_200w.jpg,3,1385,https://cpt.tcgcsv.com/T8L,2023-01-09T20:04:20.443,1,14/101,Holo Rare,Fire,60,Basic,[1R] Stored Power (30) Move an Energy attached to this Pokemon to 1 of your Benched Pokemon.,,Wx2,1,8.95,9.46,10.0,7.38,,Reverse Holofoil,,"Victory Star - Once during your turn, after you flip any coins for an attack, you may ignore all effects of those coin flips and begin flipping those coins again.  You can't use more than 1 Victory Star Ability each turn.  (Ability)"
90344,Victini (15),Victini 15,https://tcgplayer-cdn.tcgplayer.com/product/90344_200w.jpg,3,1385,https://cpt.tcgcsv.com/V8L,2025-12-11T00:59:26.11,1,15/101,Holo Rare,Fire,70,Basic,"[1R] V-create (100) If you have 4 or fewer Benched Pokemon, this attack does nothing.",,Wx2,1,2.5,4.58,5.95,4.6,,Holofoil,,
90344,Victini (15),Victini 15,https://tcgplayer-cdn.tcgplayer.com/product/90344_200w.jpg,3,1385,https://cpt.tcgcsv.com/V8L,2025-12-11T00:59:26.11,1,15/101,Holo Rare,Fire,70,Basic,"[1R] V-create (100) If you have 4 or fewer Benched Pokemon, this attack does nothing.",,Wx2,1,4.62,5.23,9.99,5.03,4.62,Reverse Holofoil,,
90345,Victini (43),Victini 43,https://tcgplayer-cdn.tcgplayer.com/product/90345_200w.jpg,3,1385,https://cpt.tcgcsv.com/W8L,2023-01-09T20:12:53.537,1,43/101,Rare,Psychic,60,Basic,"[P] V-blast (120) Flip 2 coins.  If either of them is tails, this attack does nothing.",,Px2,1,3.59,8.27,12.1,7.35,,Normal,,
90345,Victini (43),Victini 43,https://tcgplayer-cdn.tcgplayer.com/product/90345_200w.jpg,3,1385,https://cpt.tcgcsv.com/W8L,2023-01-09T20:12:53.537,1,43/101,Rare,Psychic,60,Basic,"[P] V-blast (120) Flip 2 coins.  If either of them is tails, this attack does nothing.",,Px2,1,13.0,17.97,18.99,15.0,,Reverse Holofoil,,
90349,Victini (98 Full Art),Victini 98 Full Art,https://tcgplayer-cdn.tcgplayer.com/product/90349_200w.jpg,3,1385,https://cpt.tcgcsv.com/_8L,2023-01-09T20:34:47.173,1,98/101,Ultra Rare,Fire,60,Basic,[1R] Stored Power (30) Move an Energy attached to this Pokemon to 1 of your Benched Pokemon.,,Wx2,1,99.22,148.64,250.0,128.88,249.89,Holofoil,,"Victory Star - Once during your turn, after you flip any coins for an attack, you may ignore all effects of those coin flips and begin flipping those coins again.  You can't use more than 1 Victory Star Ability each turn.  (Ability)"
90388,Virizion,Virizion,https://tcgplayer-cdn.tcgplayer.com/product/90388_200w.jpg,3,1385,https://cpt.tcgcsv.com/N9L,2023-01-09T20:04:09.473,1,13/101,Holo Rare,Grass,110,Basic,[1] Double Draw - Draw 2 cards.,"[1G] Leaf Wallop (40) During your next turn, this Pokemon's Leaf Wallop attack does 40 more damage (before applying Weakness and Resistance).",Rx2,1,1.0,1.86,6.24,1.9,,Holofoil,W-20,
90388,Virizion,Virizion,https://tcgplayer-cdn.tcgplayer.com/product/90388_200w.jpg,3,1385,https://cpt.tcgcsv.com/N9L,2023-01-09T20:04:09.473,1,13/101,Holo Rare,Grass,110,Basic,[1] Double Draw - Draw 2 cards.,"[1G] Leaf Wallop (40) During your next turn, this Pokemon's Leaf Wallop attack does 40 more damage (before applying Weakness and Resistance).",Rx2,1,1.0,1.68,3.0,1.7,,Reverse Holofoil,W-20,
90392,Virizion (Full Art),Virizion Full Art,https://tcgplayer-cdn.tcgplayer.com/product/90392_200w.jpg,3,1385,https://cpt.tcgcsv.com/S9L,2023-01-09T20:34:30.88,1,97/101,Ultra Rare,Grass,110,Basic,[1] Double Draw - Draw 2 cards.,"[1G] Leaf Wallop (40) During your next turn, this Pokemon's Leaf Wallop attack does 40 more damage (before applying Weakness and Resistance).",Rx2,1,34.12,43.76,74.37,45.52,,Holofoil,W-20,
90402,Volcarona,Volcarona,https://tcgplayer-cdn.tcgplayer.com/product/90402_200w.jpg,3,1385,https://cpt.tcgcsv.com/3bL,2023-01-09T20:06:40.457,1,21/101,Rare,Fire,110,Stage 1,[R] Fiery Dance (30) Attach a basic Energy card from your discard pile to 1 of your Pokemon.,[2R] Heat Wave (60) The Defending Pokemon is now Burned.,Wx2,1,0.59,0.94,1.99,1.06,,Normal,,
90402,Volcarona,Volcarona,https://tcgplayer-cdn.tcgplayer.com/product/90402_200w.jpg,3,1385,https://cpt.tcgcsv.com/3bL,2023-01-09T20:06:40.457,1,21/101,Rare,Fire,110,Stage 1,[R] Fiery Dance (30) Attach a basic Energy card from your discard pile to 1 of your Pokemon.,[2R] Heat Wave (60) The Defending Pokemon is now Burned.,Wx2,1,1.67,3.23,15.0,4.04,,Reverse Holofoil,,
90674,Xtransceiver,Xtransceiver,https://tcgplayer-cdn.tcgplayer.com/product/90674_200w.jpg,3,1385,https://cpt.tcgcsv.com/vhL,2023-01-09T20:34:18.91,1,96/101,Uncommon,Item,0,Item,"Flip a coin.  If heads, search you deck for a Supporter card, reveal it, and put it into your hand.  Shuffle your deck afterward.",,,,0.42,0.69,1.99,0.79,,Normal,,You may play as many Item cards as you like during your turn (before your attack).
90674,Xtransceiver,Xtransceiver,https://tcgplayer-cdn.tcgplayer.com/product/90674_200w.jpg,3,1385,https://cpt.tcgcsv.com/vhL,2023-01-09T20:34:18.91,1,96/101,Uncommon,Item,0,Item,"Flip a coin.  If heads, search you deck for a Supporter card, reveal it, and put it into your hand.  Shuffle your deck afterward.",,,,0.91,1.31,3.89,1.19,,Reverse Holofoil,,You may play as many Item cards as you like during your turn (before your attack).
90675,Yamask (44),Yamask 44,https://tcgplayer-cdn.tcgplayer.com/product/90675_200w.jpg,3,1385,https://cpt.tcgcsv.com/whL,2023-01-09T20:13:03.25,1,44/101,Common,Psychic,60,Basic,"[P] Perplex (10) Flip a coin.  If heads, the Defending Pokemon is now Confused.",,Dx2,1,0.1,0.29,6.51,0.29,0.23,Normal,,
90675,Yamask (44),Yamask 44,https://tcgplayer-cdn.tcgplayer.com/product/90675_200w.jpg,3,1385,https://cpt.tcgcsv.com/whL,2023-01-09T20:13:03.25,1,44/101,Common,Psychic,60,Basic,"[P] Perplex (10) Flip a coin.  If heads, the Defending Pokemon is now Confused.",,Dx2,1,0.25,2.62,4.99,2.33,,Reverse Holofoil,,
90676,Yamask (45),Yamask 45,https://tcgplayer-cdn.tcgplayer.com/product/90676_200w.jpg,3,1385,https://cpt.tcgcsv.com/xhL,2023-01-09T20:13:14.467,1,45/101,Common,Psychic,60,Basic,"[1] Ambush (10+) Flip a coin.  If heads, this attack does 10 more damage.",,Dx2,1,0.13,0.28,1.17,0.28,0.25,Normal,,
90676,Yamask (45),Yamask 45,https://tcgplayer-cdn.tcgplayer.com/product/90676_200w.jpg,3,1385,https://cpt.tcgcsv.com/xhL,2023-01-09T20:13:14.467,1,45/101,Common,Psychic,60,Basic,"[1] Ambush (10+) Flip a coin.  If heads, this attack does 10 more damage.",,Dx2,1,0.4,0.91,1.79,1.09,,Reverse Holofoil,,
90729,Zebstrika,Zebstrika,https://tcgplayer-cdn.tcgplayer.com/product/90729_200w.jpg,3,1385,https://cpt.tcgcsv.com/CjL,2025-12-11T00:59:55.157,1,36/101,Rare,Lightning,90,Stage 1,"[1] Quick attack (10+) Flip a coin.  If heads, this attack does 20 more damage.","[1LL] Shock Bolt (90) Flip a coin.  If tails, discard all L Energy attached to this Pokemon.",Fx2,1,0.15,0.5,4.0,0.57,0.49,Normal,,
90729,Zebstrika,Zebstrika,https://tcgplayer-cdn.tcgplayer.com/product/90729_200w.jpg,3,1385,https://cpt.tcgcsv.com/CjL,2025-12-11T00:59:55.157,1,36/101,Rare,Lightning,90,Stage 1,"[1] Quick attack (10+) Flip a coin.  If heads, this attack does 20 more damage.","[1LL] Shock Bolt (90) Flip a coin.  If tails, discard all L Energy attached to this Pokemon.",Fx2,1,0.78,1.25,4.89,1.79,,Reverse Holofoil,,
90779,Zweilous,Zweilous,https://tcgplayer-cdn.tcgplayer.com/product/90779_200w.jpg,3,1385,https://cpt.tcgcsv.com/CkL,2023-01-09T20:26:07.023,1,78/101,Uncommon,Darkness,90,Stage 1,[1] Double Hit (20x) Flip 2 coins.  This attack does 20 damage times the number of heads.,[2D] Strength (50),Fx2,2,0.3,0.95,1.49,0.98,0.93,Normal,P-20,
90779,Zweilous,Zweilous,https://tcgplayer-cdn.tcgplayer.com/product/90779_200w.jpg,3,1385,https://cpt.tcgcsv.com/CkL,2023-01-09T20:26:07.023,1,78/101,Uncommon,Darkness,90,Stage 1,[1] Double Hit (20x) Flip 2 coins.  This attack does 20 damage times the number of heads.,[2D] Strength (50),Fx2,2,1.83,3.0,3.45,3.02,,Reverse Holofoil,P-20,
98570,Noble Victories Booster Pack,Noble Victories Booster Pack,https://tcgplayer-cdn.tcgplayer.com/product/98570_200w.jpg,3,1385,https://cpt.tcgcsv.com/qrP,2017-07-03T14:01:37.32,1,,,,,,,,,,169.97,169.97,169.99,169.97,,Normal,,
98571,Noble Victories Booster Box,Noble Victories Booster Box,https://tcgplayer-cdn.tcgplayer.com/product/98571_200w.jpg,3,1385,https://cpt.tcgcsv.com/rrP,2015-05-06T14:43:01.687,1,,,,,,,,,,,,,,,,,
98626,"Noble Victories Theme Deck - ""Fast Daze"" [Accelgor]",Noble Victories Theme Deck Fast Daze Accelgor,https://tcgplayer-cdn.tcgplayer.com/product/98626_200w.jpg,3,1385,https://cpt.tcgcsv.com/xsP,2021-02-17T16:01:50.503,1,,,,,,,,,,34.0,34.0,34.0,34.0,,Normal,,"<em>Dazzle your opponents with the Fast Daze theme deck! With its low-cost attacks and no Retreat Cost, Accelgor can get in and out of battle in the blink of an eye! Volcarona's Fiery Dance powers up your best attacks with blazing speed, and Lilligant's healing touch can get your quickest fighters back into the fray! You could be on the fast track to success!</em> 
<br><br><strong>Contents:</strong>
<br>• 1 60-card preconstructed deck
<br>• Damage counters
<br>• 1 coin"
98627,"Noble Victories Theme Deck - ""Furious Knights"" [Escavalier]",Noble Victories Theme Deck Furious Knights Escavalier,https://tcgplayer-cdn.tcgplayer.com/product/98627_200w.jpg,3,1385,https://cpt.tcgcsv.com/zsP,2021-02-17T16:01:55.767,1,,,,,,,,,,,,,,,,,"<em>Send in the cavalry with the Furious Knights theme deck! Quick hitters like Emolga give you time to marshal your forces, and the slow and sturdy Escavalier can dish out the damage while protecting itself. Plus, Druddigon's Rough Skin Ability will make your opponent think twice about attacking! In a furious battle, victory could be yours!</em>
<br><br><strong>Contents:</strong>
<br>• 1 60-card preconstructed deck
<br>• Damage counters
<br>• 1 coin"
98628,Prime Challenge Box [Espeon],Prime Challenge Box Espeon,https://tcgplayer-cdn.tcgplayer.com/product/98628_200w.jpg,3,1385,https://cpt.tcgcsv.com/BsP,2015-05-06T17:40:59.917,1,,,,,,,,,,,,,,,,,
98629,Prime Challenge Box [Umbreon],Prime Challenge Box Umbreon,https://tcgplayer-cdn.tcgplayer.com/product/98629_200w.jpg,3,1385,https://cpt.tcgcsv.com/CsP,2015-05-06T17:41:11.78,1,,,,,,,,,,,,,,,,,
98630,Prime Challenge Box [Machamp],Prime Challenge Box Machamp,https://tcgplayer-cdn.tcgplayer.com/product/98630_200w.jpg,3,1385,https://cpt.tcgcsv.com/DsP,2015-05-06T17:41:39.74,1,,,,,,,,,,,,,,,,,
98631,Prime Challenge Box [Yanmega],Prime Challenge Box Yanmega,https://tcgplayer-cdn.tcgplayer.com/product/98631_200w.jpg,3,1385,https://cpt.tcgcsv.com/FsP,2015-05-06T17:42:00.007,1,,,,,,,,,,,,,,,,,
98632,V for Victini Tin,V for Victini Tin,https://tcgplayer-cdn.tcgplayer.com/product/98632_200w.jpg,3,1385,https://cpt.tcgcsv.com/GsP,2015-05-06T17:42:40.847,1,,,,,,,,,,,,,,,,,
280535,Code Card - Noble Victories Booster Pack,Code Card Noble Victories Booster Pack,https://tcgplayer-cdn.tcgplayer.com/product/280535_200w.jpg,3,1385,https://cpt.tcgcsv.com/Kdg3,2022-07-27T20:50:01.603,1,,Code Card,,,,,,,,0.94,0.94,0.99,0.99,,Normal,,"This listing is <strong>not</strong> a physical item. Please keep in mind that this <strong>Code Card</strong> listing represents a digital copy of the stated item for the Pokémon TCG Online <strong>and/or</strong> the Pokémon TCG Live games. You may receive the physical <strong>Code Card</strong>. Upon purchase, please work with your specific Seller by sending them a message using the <strong>Contact Seller</strong> button on the order details in your <a href=https://store.tcgplayer.com/myaccount/orderhistory>Order History</a> to opt in to having your <strong>Code Card</strong> code delivered digitally due to the nature of the product."
280537,"Code Card - Noble Victories Theme Deck - ""Fast Daze"" [Accelgor]",Code Card Noble Victories Theme Deck Fast Daze Accelgor,https://tcgplayer-cdn.tcgplayer.com/product/280537_200w.jpg,3,1385,https://cpt.tcgcsv.com/Mdg3,2022-07-27T20:50:11.3,1,,Code Card,,,,,,,,5.0,5.0,5.0,,,Normal,,"This listing is <strong>not</strong> a physical item. Please keep in mind that this <strong>Code Card</strong> listing represents a digital copy of the stated item for the Pokémon TCG Online <strong>and/or</strong> the Pokémon TCG Live games. You may receive the physical <strong>Code Card</strong>. Upon purchase, please work with your specific Seller by sending them a message using the <strong>Contact Seller</strong> button on the order details in your <a href=https://store.tcgplayer.com/myaccount/orderhistory>Order History</a> to opt in to having your <strong>Code Card</strong> code delivered digitally due to the nature of the product."
280538,"Code Card - Noble Victories Theme Deck - ""Furious Knights"" [Escavalier]",Code Card Noble Victories Theme Deck Furious Knights Escavalier,https://tcgplayer-cdn.tcgplayer.com/product/280538_200w.jpg,3,1385,https://cpt.tcgcsv.com/Ndg3,2022-07-27T20:50:24.373,1,,Code Card,,,,,,,,,,,,,,,"This listing is <strong>not</strong> a physical item. Please keep in mind that this <strong>Code Card</strong> listing represents a digital copy of the stated item for the Pokémon TCG Online <strong>and/or</strong> the Pokémon TCG Live games. You may receive the physical <strong>Code Card</strong>. Upon purchase, please work with your specific Seller by sending them a message using the <strong>Contact Seller</strong> button on the order details in your <a href=https://store.tcgplayer.com/myaccount/orderhistory>Order History</a> to opt in to having your <strong>Code Card</strong> code delivered digitally due to the nature of the product."
280539,Code Card - Prime Challenge Box [Espeon],Code Card Prime Challenge Box Espeon,https://tcgplayer-cdn.tcgplayer.com/product/280539_200w.jpg,3,1385,https://cpt.tcgcsv.com/Pdg3,2022-07-27T20:50:34.75,1,,Code Card,,,,,,,,,,,,,,,"This listing is <strong>not</strong> a physical item. Please keep in mind that this <strong>Code Card</strong> listing represents a digital copy of the stated item for the Pokémon TCG Online <strong>and/or</strong> the Pokémon TCG Live games. You may receive the physical <strong>Code Card</strong>. Upon purchase, please work with your specific Seller by sending them a message using the <strong>Contact Seller</strong> button on the order details in your <a href=https://store.tcgplayer.com/myaccount/orderhistory>Order History</a> to opt in to having your <strong>Code Card</strong> code delivered digitally due to the nature of the product."
280540,Code Card - Prime Challenge Box [Machamp],Code Card Prime Challenge Box Machamp,https://tcgplayer-cdn.tcgplayer.com/product/280540_200w.jpg,3,1385,https://cpt.tcgcsv.com/Qdg3,2022-07-27T20:50:43.853,1,,Code Card,,,,,,,,,,,,,,,"This listing is <strong>not</strong> a physical item. Please keep in mind that this <strong>Code Card</strong> listing represents a digital copy of the stated item for the Pokémon TCG Online <strong>and/or</strong> the Pokémon TCG Live games. You may receive the physical <strong>Code Card</strong>. Upon purchase, please work with your specific Seller by sending them a message using the <strong>Contact Seller</strong> button on the order details in your <a href=https://store.tcgplayer.com/myaccount/orderhistory>Order History</a> to opt in to having your <strong>Code Card</strong> code delivered digitally due to the nature of the product."
280541,Code Card - Prime Challenge Box [Umbreon],Code Card Prime Challenge Box Umbreon,https://tcgplayer-cdn.tcgplayer.com/product/280541_200w.jpg,3,1385,https://cpt.tcgcsv.com/Rdg3,2022-07-27T20:50:55.193,1,,Code Card,,,,,,,,,,,,,,,"This listing is <strong>not</strong> a physical item. Please keep in mind that this <strong>Code Card</strong> listing represents a digital copy of the stated item for the Pokémon TCG Online <strong>and/or</strong> the Pokémon TCG Live games. You may receive the physical <strong>Code Card</strong>. Upon purchase, please work with your specific Seller by sending them a message using the <strong>Contact Seller</strong> button on the order details in your <a href=https://store.tcgplayer.com/myaccount/orderhistory>Order History</a> to opt in to having your <strong>Code Card</strong> code delivered digitally due to the nature of the product."
280542,Code Card - Prime Challenge Box [Yanmega],Code Card Prime Challenge Box Yanmega,https://tcgplayer-cdn.tcgplayer.com/product/280542_200w.jpg,3,1385,https://cpt.tcgcsv.com/Sdg3,2022-07-27T20:51:04.673,1,,Code Card,,,,,,,,,,,,,,,"This listing is <strong>not</strong> a physical item. Please keep in mind that this <strong>Code Card</strong> listing represents a digital copy of the stated item for the Pokémon TCG Online <strong>and/or</strong> the Pokémon TCG Live games. You may receive the physical <strong>Code Card</strong>. Upon purchase, please work with your specific Seller by sending them a message using the <strong>Contact Seller</strong> button on the order details in your <a href=https://store.tcgplayer.com/myaccount/orderhistory>Order History</a> to opt in to having your <strong>Code Card</strong> code delivered digitally due to the nature of the product."
280543,Code Card - V for Victini Tin,Code Card V for Victini Tin,https://tcgplayer-cdn.tcgplayer.com/product/280543_200w.jpg,3,1385,https://cpt.tcgcsv.com/Tdg3,2022-07-27T20:51:15.89,1,,Code Card,,,,,,,,,,,,,,,"This listing is <strong>not</strong> a physical item. Please keep in mind that this <strong>Code Card</strong> listing represents a digital copy of the stated item for the Pokémon TCG Online <strong>and/or</strong> the Pokémon TCG Live games. You may receive the physical <strong>Code Card</strong>. Upon purchase, please work with your specific Seller by sending them a message using the <strong>Contact Seller</strong> button on the order details in your <a href=https://store.tcgplayer.com/myaccount/orderhistory>Order History</a> to opt in to having your <strong>Code Card</strong> code delivered digitally due to the nature of the product."
