productId,name,cleanName,imageUrl,categoryId,groupId,url,modifiedOn,imageCount,extNumber,extRarity,extCardType,extHP,extStage,extAttack1,extAttack2,extWeakness,extResistance,extRetreatCost,lowPrice,midPrice,highPrice,marketPrice,directLowPrice,subTypeName,extCardText
84100,Carnivine,Carnivine,https://tcgplayer-cdn.tcgplayer.com/product/84100_200w.jpg,3,1450,https://cpt.tcgcsv.com/0GH,2023-08-21T17:23:45.673,1,007/017,Uncommon,Grass,70,Basic,"[1G] Swallow Up (30)
<br>Before doing damage, count the remaining HP of the Defending Pokémon and Carnivine. If the Defending Pokémon has fewer remaining HP than Carnivine's, this attack does 60 damage instead.","[GG] Wring Out (20)
<br>Flip a coin. If heads, the Defending Pokémon is now Paralyzed and discard an Energy card attached to the Defending Pokémon.",R+20,W-20,1,2.99,5.65,7.0,6.24,,Normal,
84100,Carnivine,Carnivine,https://tcgplayer-cdn.tcgplayer.com/product/84100_200w.jpg,3,1450,https://cpt.tcgcsv.com/0GH,2023-08-21T17:23:45.673,1,007/017,Uncommon,Grass,70,Basic,"[1G] Swallow Up (30)
<br>Before doing damage, count the remaining HP of the Defending Pokémon and Carnivine. If the Defending Pokémon has fewer remaining HP than Carnivine's, this attack does 60 damage instead.","[GG] Wring Out (20)
<br>Flip a coin. If heads, the Defending Pokémon is now Paralyzed and discard an Energy card attached to the Defending Pokémon.",R+20,W-20,1,1.81,2.99,4.5,5.03,,Reverse Holofoil,
84253,Cherrim,Cherrim,https://tcgplayer-cdn.tcgplayer.com/product/84253_200w.jpg,3,1450,https://cpt.tcgcsv.com/5KH,2024-03-14T19:11:32.82,1,006/017,Uncommon,Grass,80,Stage 1,"[G] Worry Seed (20)
<br>Flip a coin. If heads, the Defending Pokémon is now Confused.","[GG] Magical Leaf (20+)
<br>Flip a coin. If heads, this attack does 20 damage plus 20 more damage and remove 3 damage counters from Cherrim.",R+20,W-20,2,2.0,5.5,9.0,3.4,,Normal,
84253,Cherrim,Cherrim,https://tcgplayer-cdn.tcgplayer.com/product/84253_200w.jpg,3,1450,https://cpt.tcgcsv.com/5KH,2024-03-14T19:11:32.82,1,006/017,Uncommon,Grass,80,Stage 1,"[G] Worry Seed (20)
<br>Flip a coin. If heads, the Defending Pokémon is now Confused.","[GG] Magical Leaf (20+)
<br>Flip a coin. If heads, this attack does 20 damage plus 20 more damage and remove 3 damage counters from Cherrim.",R+20,W-20,2,6.7,9.35,12.0,9.67,,Reverse Holofoil,
84287,Chimchar,Chimchar,https://tcgplayer-cdn.tcgplayer.com/product/84287_200w.jpg,3,1450,https://cpt.tcgcsv.com/MKH,2025-02-05T21:09:27.577,1,012/017,Common,Fire,50,Basic,[0] Scratch (10),"[1R] Ember (30)
<br>Flip a coin. If tails, discard a Fire Energy attached to Chimchar.",W+10,,1,0.48,0.75,15.0,1.01,,Normal,
84287,Chimchar,Chimchar,https://tcgplayer-cdn.tcgplayer.com/product/84287_200w.jpg,3,1450,https://cpt.tcgcsv.com/MKH,2025-02-05T21:09:27.577,1,012/017,Common,Fire,50,Basic,[0] Scratch (10),"[1R] Ember (30)
<br>Flip a coin. If tails, discard a Fire Energy attached to Chimchar.",W+10,,1,39.99,39.99,39.99,30.0,,Reverse Holofoil,
84475,Croagunk,Croagunk,https://tcgplayer-cdn.tcgplayer.com/product/84475_200w.jpg,3,1450,https://cpt.tcgcsv.com/wPH,2025-02-25T12:13:14.7,1,13/17,Common,Psychic,60,Basic,"[1] Ghastly Sound 
<br>Flip a coin. If heads, your opponent can't play any Supporter cards from his or her hand during his or her next turn.","[PP] Finger Poke (20)
<br>Flip a coin. If heads, the Defending Pokémon is now Poisoned.",P+10,,1,0.25,0.5,2.0,0.58,,Normal,
84475,Croagunk,Croagunk,https://tcgplayer-cdn.tcgplayer.com/product/84475_200w.jpg,3,1450,https://cpt.tcgcsv.com/wPH,2025-02-25T12:13:14.7,1,13/17,Common,Psychic,60,Basic,"[1] Ghastly Sound 
<br>Flip a coin. If heads, your opponent can't play any Supporter cards from his or her hand during his or her next turn.","[PP] Finger Poke (20)
<br>Flip a coin. If heads, the Defending Pokémon is now Poisoned.",P+10,,1,2.75,5.5,6.79,12.3,,Holofoil,
86007,Happiny,Happiny,https://tcgplayer-cdn.tcgplayer.com/product/86007_200w.jpg,3,1450,https://cpt.tcgcsv.com/9qJ,2025-11-20T01:24:25.957,1,014/017,Common,Colorless,60,Basic,"[0] Lively
<br>Remove 2 damage counters from 1 of your Pokémon.",,F+10,,1,5.0,16.19,30.0,5.47,,Normal,"<strong>Poké-POWER — Baby Evolution</strong>
<br>
Once during your turn <em>(before your attack)</em>, you may put Chansey from your hand onto Happiny (this counts as evolving Happiny) and remove all damage counters from Happiny."
86007,Happiny,Happiny,https://tcgplayer-cdn.tcgplayer.com/product/86007_200w.jpg,3,1450,https://cpt.tcgcsv.com/9qJ,2025-11-20T01:24:25.957,1,014/017,Common,Colorless,60,Basic,"[0] Lively
<br>Remove 2 damage counters from 1 of your Pokémon.",,F+10,,1,9.99,15.93,96.95,7.01,96.95,Holofoil,"<strong>Poké-POWER — Baby Evolution</strong>
<br>
Once during your turn <em>(before your attack)</em>, you may put Chansey from your hand onto Happiny (this counts as evolving Happiny) and remove all damage counters from Happiny."
86049,Heatran,Heatran,https://tcgplayer-cdn.tcgplayer.com/product/86049_200w.jpg,3,1450,https://cpt.tcgcsv.com/_qJ,2022-09-25T16:43:22.383,1,001/017,Rare,Fire,100,Basic,"[2] Body Slam (20)
<br>Flip a coin. If heads, the Defending Pokémon is now Paralyzed.","[1RRR] Fire Spin (90)
<br>Discard 2 basic Energy cards attached to Heatran. (If you can't discard cards, this attack does nothing.)",W+30,,3,0.68,1.09,4.19,1.5,,Normal,
86049,Heatran,Heatran,https://tcgplayer-cdn.tcgplayer.com/product/86049_200w.jpg,3,1450,https://cpt.tcgcsv.com/_qJ,2022-09-25T16:43:22.383,1,001/017,Rare,Fire,100,Basic,"[2] Body Slam (20)
<br>Flip a coin. If heads, the Defending Pokémon is now Paralyzed.","[1RRR] Fire Spin (90)
<br>Discard 2 basic Energy cards attached to Heatran. (If you can't discard cards, this attack does nothing.)",W+30,,3,0.85,3.5,5.94,3.5,,Holofoil,
86877,Lucario,Lucario,https://tcgplayer-cdn.tcgplayer.com/product/86877_200w.jpg,3,1450,https://cpt.tcgcsv.com/zMJ,2022-09-25T16:44:44.077,1,002/017,Rare,Fighting,90,Stage 1,"[1M] Blocking Punch (40)
<br>During your opponent's next turn, any damage done to Lucario by attacks is reduced by 20 <em>(after applying Weakness and Resistance)</em>.","[2F] Striking Kick (60)
<br>This attack's damage isn't affected by Resistance, Poké-Powers, Poké-Bodies, or any other effects on the Defending Pokémon.",P+20,,1,10.99,18.49,49.99,18.08,,Normal,
86877,Lucario,Lucario,https://tcgplayer-cdn.tcgplayer.com/product/86877_200w.jpg,3,1450,https://cpt.tcgcsv.com/zMJ,2022-09-25T16:44:44.077,1,002/017,Rare,Fighting,90,Stage 1,"[1M] Blocking Punch (40)
<br>During your opponent's next turn, any damage done to Lucario by attacks is reduced by 20 <em>(after applying Weakness and Resistance)</em>.","[2F] Striking Kick (60)
<br>This attack's damage isn't affected by Resistance, Poké-Powers, Poké-Bodies, or any other effects on the Defending Pokémon.",P+20,,1,6.1,99.98,999.99,16.49,99.98,Holofoil,
86941,Luxio,Luxio,https://tcgplayer-cdn.tcgplayer.com/product/86941_200w.jpg,3,1450,https://cpt.tcgcsv.com/RNJ,2022-09-25T16:53:48.327,1,008/017,Uncommon,Lightning,80,Stage 1,"[1] Fasten Claws (10+)
<br>Flip a coin. If heads, this attack does 10 damage plus 30 more damage.","[LL] Thunder Fang (30)
<br>Flip a coin. If heads, the Defending Pokémon is now Paralyzed.",F+20,M-20,,2.87,7.09,9.0,6.98,,Normal,
86941,Luxio,Luxio,https://tcgplayer-cdn.tcgplayer.com/product/86941_200w.jpg,3,1450,https://cpt.tcgcsv.com/RNJ,2022-09-25T16:53:48.327,1,008/017,Uncommon,Lightning,80,Stage 1,"[1] Fasten Claws (10+)
<br>Flip a coin. If heads, this attack does 10 damage plus 30 more damage.","[LL] Thunder Fang (30)
<br>Flip a coin. If heads, the Defending Pokémon is now Paralyzed.",F+20,M-20,,2.75,2.75,2.75,17.47,,Holofoil,
86948,Luxray,Luxray,https://tcgplayer-cdn.tcgplayer.com/product/86948_200w.jpg,3,1450,https://cpt.tcgcsv.com/-NJ,2022-09-25T16:46:10.673,1,003/017,Rare,Lightning,120,Stage 2,"[1LLL] Thunder (120)
<br>Flip a coin. If tails, Luxray does 40 damage to itself.",,F+30,M-20,1,5.0,6.75,20.0,7.47,,Normal,"<strong>Poké-BODY — Intimidating Fang</strong>
<br>
As long as Luxray is your Active Pokémon, any damage done by an opponent's attack is reduced by 10 <em>(before applying Weakness and Resistance)</em>."
86948,Luxray,Luxray,https://tcgplayer-cdn.tcgplayer.com/product/86948_200w.jpg,3,1450,https://cpt.tcgcsv.com/-NJ,2022-09-25T16:46:10.673,1,003/017,Rare,Lightning,120,Stage 2,"[1LLL] Thunder (120)
<br>Flip a coin. If tails, Luxray does 40 damage to itself.",,F+30,M-20,1,4.23,5.99,13.8,6.72,,Holofoil,"<strong>Poké-BODY — Intimidating Fang</strong>
<br>
As long as Luxray is your Active Pokémon, any damage done by an opponent's attack is reduced by 10 <em>(before applying Weakness and Resistance)</em>."
87752,Night Maintenance,Night Maintenance,https://tcgplayer-cdn.tcgplayer.com/product/87752_200w.jpg,3,1450,https://cpt.tcgcsv.com/37K,2022-09-25T16:54:11.683,1,009/017,Uncommon,Item,,,,,,,,2.25,3.1,5.0,2.76,,Normal,Search your discard pile for up to 3 in any combination of Pokémon and basic Energy cards. Show them to your opponent and shuffle them into your deck.
88148,Piplup,Piplup,https://tcgplayer-cdn.tcgplayer.com/product/88148_200w.jpg,3,1450,https://cpt.tcgcsv.com/-gK,2023-02-12T15:47:25.507,1,015/017,Common,Water,60,Basic,[0] Peck (10),"[1W] Water Splash (20+)
<br>Flip a coin. If heads, this attack does 20 damage plus 10 more damage.",L+10,,1,7.52,15.3,25.0,7.24,,Normal,
88376,Probopass,Probopass,https://tcgplayer-cdn.tcgplayer.com/product/88376_200w.jpg,3,1450,https://cpt.tcgcsv.com/xmK,2025-01-13T21:05:15.427,1,004/017,Rare,Metal,90,Stage 1,"[1F] Rock Slide (20)
<br>Does 10 damage to 2 of your opponent's Benched Pokémon. <em>(Don't apply Weakness and Resistance for Benched Pokémon.)</em>","[2M] Triple Nose (50+)
<br>Flip 3 coins. This attack does 50 damage plus 20 more damage for each heads.",R+30,P-20,3,1.0,3.0,96.95,5.31,5.42,Normal,
88376,Probopass,Probopass,https://tcgplayer-cdn.tcgplayer.com/product/88376_200w.jpg,3,1450,https://cpt.tcgcsv.com/xmK,2025-01-13T21:05:15.427,1,004/017,Rare,Metal,90,Stage 1,"[1F] Rock Slide (20)
<br>Does 10 damage to 2 of your opponent's Benched Pokémon. <em>(Don't apply Weakness and Resistance for Benched Pokémon.)</em>","[2M] Triple Nose (50+)
<br>Flip 3 coins. This attack does 50 damage plus 20 more damage for each heads.",R+30,P-20,3,2.75,3.75,6.97,3.27,,Holofoil,
88594,Rare Candy,Rare Candy,https://tcgplayer-cdn.tcgplayer.com/product/88594_200w.jpg,3,1450,https://cpt.tcgcsv.com/VrK,2022-09-25T16:54:45.97,1,010/017,Uncommon,Item,,,,,,,,6.49,7.04,12.99,6.15,,Normal,"Choose 1 of your Basic Pokémon in play. If you have a Stage 1 or Stage 2 card that evolves from that Pokémon in your hand, put that card on the Basic Pokémon. (This counts as evolving that Pokémon.)"
88755,Riolu,Riolu,https://tcgplayer-cdn.tcgplayer.com/product/88755_200w.jpg,3,1450,https://cpt.tcgcsv.com/7wK,2024-03-14T19:12:28.007,1,016/017,Common,Fighting,50,Basic,"[F] Quick Attack (10+)
<br>Flip a coin. If heads, this attack does 10 damage plus 10 more damage.",,P+10,,1,1.0,1.74,96.95,1.51,,Normal,"<strong>Poké-BODY — Inner Focus</strong>
<br>
Riolu can't be Paralyzed."
88816,Roseanne's Research,Roseannes Research,https://tcgplayer-cdn.tcgplayer.com/product/88816_200w.jpg,3,1450,https://cpt.tcgcsv.com/lxK,2022-09-25T16:55:22.487,1,011/017,Uncommon,Supporter,,,,,,,,2.99,3.85,20.0,7.22,,Normal,"You can play only one Supporter each turn. When you play this card, put it next to your Active Pokémon. When your turn ends, discard this card.
<br><br>
Search your deck for up to 2 in any combination of basic Pokémon and basic Energy cards, show them to your opponent, and put them into your hand. Shuffle your deck afterward."
90076,Turtwig,Turtwig,https://tcgplayer-cdn.tcgplayer.com/product/90076_200w.jpg,3,1450,https://cpt.tcgcsv.com/x2L,2024-09-22T10:34:01.58,1,017/017,Common,Grass,60,Basic,[0] Tackle (10),[G] Razor Leaf (20),R+10,W-20,2,0.85,0.99,15.0,1.82,,Normal,
90691,Yanmega,Yanmega,https://tcgplayer-cdn.tcgplayer.com/product/90691_200w.jpg,3,1450,https://cpt.tcgcsv.com/RhL,2025-11-12T14:33:11.133,1,005/017,Rare,Grass,90,Stage 1,"[G] Supersonic
<br>Flip a coin. If heads, the Defending Pokémon is now Confused.","[4] Air Slash (70)
<br>Flip a coin. If tails, discard an Energy attached to Yanmega.",L+20,F-20,,1.76,4.0,10.0,3.98,,Normal,
90691,Yanmega,Yanmega,https://tcgplayer-cdn.tcgplayer.com/product/90691_200w.jpg,3,1450,https://cpt.tcgcsv.com/RhL,2025-11-12T14:33:11.133,1,005/017,Rare,Grass,90,Stage 1,"[G] Supersonic
<br>Flip a coin. If heads, the Defending Pokémon is now Confused.","[4] Air Slash (70)
<br>Flip a coin. If tails, discard an Energy attached to Yanmega.",L+20,F-20,,2.99,3.99,7.15,5.44,,Holofoil,
190536,POP Series 8 Pack,POP Series 8 Pack,https://tcgplayer-cdn.tcgplayer.com/product/190536_200w.jpg,3,1450,https://cpt.tcgcsv.com/Ldx2,2019-05-16T15:24:47.033,1,,,,,,,,,,,29.99,35.0,50.0,20.55,,Normal,Each POP Series 8 Pack contains 2 random cards for the Promotional POP Series 8.
616999,Chimchar (Cracked Ice Holo),Chimchar Cracked Ice Holo,https://tcgplayer-cdn.tcgplayer.com/product/616999_200w.jpg,3,1450,https://cpt.tcgcsv.com/_PX6,2025-02-05T16:19:43.15,1,012/017,Common,Fire,50,Basic,[0] Scratch (10),"[1R] Ember (30)
<br>Flip a coin. If tails, discard a Fire Energy attached to Chimchar.",W+10,,1,8.99,9.92,19.99,19.99,,Holofoil,
