productId,name,cleanName,imageUrl,categoryId,groupId,url,modifiedOn,imageCount,lowPrice,midPrice,highPrice,marketPrice,directLowPrice,subTypeName,extNumber,extRarity,extCardType,extHP,extStage,extAttack1,extAttack2,extWeakness,extResistance,extRetreatCost,extCardText
152815,Sun & Moon Trainer Kit: Lycanroc & Alolan Raichu,Sun and Moon Trainer Kit Lycanroc and Alolan Raichu,https://tcgplayer-cdn.tcgplayer.com/product/152815_200w.jpg,3,2069,https://cpt.tcgcsv.com/k8f2,2021-07-02T21:27:26.53,1,10.99,19.94,59.99,12.6,,Normal,,,,,,,,,,,
152816,Caterpie,Caterpie,https://tcgplayer-cdn.tcgplayer.com/product/152816_200w.jpg,3,2069,https://cpt.tcgcsv.com/l8f2,2022-12-14T15:22:42.907,0,0.08,0.22,4.0,0.14,,Normal,1/30,Common,Grass,50,Basic,"[1] Nap
<br>Heal 20 damage from this Pokemon.",[2] Gnaw (20),Rx2,None,1,
152817,Fighting Energy (#2),Fighting Energy 2,https://tcgplayer-cdn.tcgplayer.com/product/152817_200w.jpg,3,2069,https://cpt.tcgcsv.com/m8f2,2022-12-14T15:23:05.577,0,0.04,0.2,0.99,0.08,,Normal,2/30,Common,Basic Fighting Energy,,,,,,,,
152818,Fighting Energy (#3),Fighting Energy 3,https://tcgplayer-cdn.tcgplayer.com/product/152818_200w.jpg,3,2069,https://cpt.tcgcsv.com/n8f2,2022-12-14T15:23:28.453,0,0.05,0.2,0.4,0.1,,Normal,3/30,Common,Basic Fighting Energy,,,,,,,,
152819,Fighting Energy (#5),Fighting Energy 5,https://tcgplayer-cdn.tcgplayer.com/product/152819_200w.jpg,3,2069,https://cpt.tcgcsv.com/p8f2,2022-12-14T15:23:54.28,0,0.05,0.2,2.21,0.09,,Normal,5/30,Common,Basic Fighting Energy,,,,,,,,
152820,Fighting Energy (#6),Fighting Energy 6,https://tcgplayer-cdn.tcgplayer.com/product/152820_200w.jpg,3,2069,https://cpt.tcgcsv.com/q8f2,2022-12-14T15:24:11.887,0,0.01,0.2,1.49,0.09,,Normal,6/30,Common,Basic Fighting Energy,,,,,,,,
152821,Fighting Energy (#7),Fighting Energy 7,https://tcgplayer-cdn.tcgplayer.com/product/152821_200w.jpg,3,2069,https://cpt.tcgcsv.com/r8f2,2022-12-14T15:24:22.9,0,0.01,0.2,5.69,0.1,,Normal,7/30,Common,Basic Fighting Energy,,,,,,,,
152822,Fighting Energy (#8),Fighting Energy 8,https://tcgplayer-cdn.tcgplayer.com/product/152822_200w.jpg,3,2069,https://cpt.tcgcsv.com/s8f2,2022-12-14T15:24:48.397,0,0.04,0.17,0.5,0.08,,Normal,8/30,Common,Basic Fighting Energy,,,,,,,,
152823,Fighting Energy (#9),Fighting Energy 9,https://tcgplayer-cdn.tcgplayer.com/product/152823_200w.jpg,3,2069,https://cpt.tcgcsv.com/t8f2,2022-12-14T15:25:00.923,0,0.01,0.2,2.21,0.1,,Normal,9/30,Common,Basic Fighting Energy,,,,,,,,
152824,Fighting Energy (#10),Fighting Energy 10,https://tcgplayer-cdn.tcgplayer.com/product/152824_200w.jpg,3,2069,https://cpt.tcgcsv.com/v8f2,2022-12-14T15:25:12.433,0,0.04,0.18,0.5,0.08,,Normal,10/30,Common,Basic Fighting Energy,,,,,,,,
152825,Fighting Energy (#17),Fighting Energy 17,https://tcgplayer-cdn.tcgplayer.com/product/152825_200w.jpg,3,2069,https://cpt.tcgcsv.com/w8f2,2022-12-14T15:26:55.547,0,0.04,0.17,0.5,0.05,,Normal,17/30,Common,Basic Fighting Energy,,,,,,,,
152826,Fighting Energy (#20),Fighting Energy 20,https://tcgplayer-cdn.tcgplayer.com/product/152826_200w.jpg,3,2069,https://cpt.tcgcsv.com/x8f2,2022-12-14T15:27:22.257,0,0.05,0.18,5.75,0.08,,Normal,20/30,Common,Basic Fighting Energy,,,,,,,,
152827,Fighting Energy (#24),Fighting Energy 24,https://tcgplayer-cdn.tcgplayer.com/product/152827_200w.jpg,3,2069,https://cpt.tcgcsv.com/z8f2,2022-12-14T15:29:03.77,0,0.04,0.18,0.5,0.09,,Normal,24/30,Common,Basic Fighting Energy,,,,,,,,
152828,Fighting Energy (#26),Fighting Energy 26,https://tcgplayer-cdn.tcgplayer.com/product/152828_200w.jpg,3,2069,https://cpt.tcgcsv.com/B8f2,2022-12-14T15:29:27.36,0,0.01,0.23,0.5,0.1,,Normal,26/30,Common,Basic Fighting Energy,,,,,,,,
152829,Fighting Energy (#28),Fighting Energy 28,https://tcgplayer-cdn.tcgplayer.com/product/152829_200w.jpg,3,2069,https://cpt.tcgcsv.com/C8f2,2022-12-14T15:29:57.993,0,0.01,0.2,0.99,0.07,,Normal,28/30,Common,Basic Fighting Energy,,,,,,,,
152830,Trumbeak,Trumbeak,https://tcgplayer-cdn.tcgplayer.com/product/152830_200w.jpg,3,2069,https://cpt.tcgcsv.com/D8f2,2022-12-14T15:23:43.573,0,0.04,0.2,4.0,0.06,,Normal,4/30,Uncommon,Colorless,80,Stage 1,"[1] Bullet Seed (20x)
<br>Flip 4 cards. This attack does 20 damage for each heads.",,Lx2,F-20,1,
152831,Fletchling,Fletchling,https://tcgplayer-cdn.tcgplayer.com/product/152831_200w.jpg,3,2069,https://cpt.tcgcsv.com/F8f2,2022-12-14T15:25:40.453,0,0.04,0.2,4.0,0.1,,Normal,11/30,Common,Colorless,50,Basic,"[1] Growl
<br>During your opponent's next turn, the Defending Pokemon's attacks do 20 less damage <em>(before applying Weakness and Resistance)</em>.",,Lx2,F-20,1,
152832,Yungoos,Yungoos,https://tcgplayer-cdn.tcgplayer.com/product/152832_200w.jpg,3,2069,https://cpt.tcgcsv.com/G8f2,2022-12-14T15:26:01.72,0,0.02,0.19,4.0,0.07,,Normal,12/30,Common,Colorless,70,Basic,[1] Tackle (10),[2] Bite (20),Fx2,None,1,
152833,Fletchinder,Fletchinder,https://tcgplayer-cdn.tcgplayer.com/product/152833_200w.jpg,3,2069,https://cpt.tcgcsv.com/H8f2,2022-12-14T15:26:08.593,0,0.01,0.2,4.0,0.13,,Normal,13/30,Uncommon,Colorless,70,Stage 1,[1] Flap (20),"[2] Razor Wind (40)
<br>Flip a coin. If tails, this attack does nothing.",Lx2,F-20,1,
152834,Rockruff (#14),Rockruff 14,https://tcgplayer-cdn.tcgplayer.com/product/152834_200w.jpg,3,2069,https://cpt.tcgcsv.com/J8f2,2022-12-14T15:26:20.453,0,0.06,0.2,1.0,0.18,,Normal,14/30,Common,Fighting,60,Basic,[1] Tackle (10),[1F] Rock Throw (20),Gx2,None,1,
152835,Rockruff (#29),Rockruff 29,https://tcgplayer-cdn.tcgplayer.com/product/152835_200w.jpg,3,2069,https://cpt.tcgcsv.com/K8f2,2022-12-14T15:30:18.857,1,0.05,0.26,4.0,0.27,,Normal,29/30,Common,Fighting,60,Basic,[1] Tackle (10),[1F] Rock Throw (20),Gx2,None,1,
152836,Pikipek,Pikipek,https://tcgplayer-cdn.tcgplayer.com/product/152836_200w.jpg,3,2069,https://cpt.tcgcsv.com/L8f2,2022-12-14T15:26:26.33,0,0.02,0.2,4.0,0.08,,Normal,15/30,Common,Colorless,50,Basic,"[1] Rock Smash (10+)
<br>Flip a coin. If heads, this attack does 10 more damage.",,Lx2,F-20,1,
152837,Lycanroc (#16 Non-Holo),Lycanroc 16 Non Holo,https://tcgplayer-cdn.tcgplayer.com/product/152837_200w.jpg,3,2069,https://cpt.tcgcsv.com/M8f2,2022-12-14T15:26:43.923,0,0.01,0.19,4.0,0.14,,Normal,16/30,Uncommon,Fighting,110,Stage 1,[2] Bite (20),[1FF] Claw Slash (80),Gx2,None,1,
152838,Lycanroc (#30 Holofoil),Lycanroc 30 Holofoil,https://tcgplayer-cdn.tcgplayer.com/product/152838_200w.jpg,3,2069,https://cpt.tcgcsv.com/N8f2,2022-12-14T15:30:30.753,1,0.13,0.35,5.0,0.35,,Holofoil,30/30,Uncommon,Fighting,110,Stage 1,[2] Bite (20),[1FF] Claw Slash (80),Gx2,None,1,
152839,Makuhita,Makuhita,https://tcgplayer-cdn.tcgplayer.com/product/152839_200w.jpg,3,2069,https://cpt.tcgcsv.com/P8f2,2022-12-14T15:27:06.18,0,0.03,0.2,4.0,0.13,,Normal,18/30,Common,Fighting,80,Basic,"[F] Surprise Attack (20)
<br>Flip a coin. If tails, this attack does nothing.",[1F] Strength (40),Px2,None,2,
152840,Hau (#19) (Lycanroc Half-Deck),Hau 19 Lycanroc Half Deck,https://tcgplayer-cdn.tcgplayer.com/product/152840_200w.jpg,3,2069,https://cpt.tcgcsv.com/Q8f2,2022-12-14T15:27:17.373,0,0.02,0.17,4.0,0.1,,Normal,19/30,Common,Supporter,,,,,,,,Draw 3 cards.
152841,Hau (#23) (Lycanroc Half-Deck),Hau 23 Lycanroc Half Deck,https://tcgplayer-cdn.tcgplayer.com/product/152841_200w.jpg,3,2069,https://cpt.tcgcsv.com/R8f2,2022-12-14T15:28:58.253,0,0.02,0.2,4.0,0.08,,Normal,23/30,Common,Supporter,,,,,,,,Draw 3 cards.
152842,Hau (#19) (Alolan Raichu Half-Deck),Hau 19 Alolan Raichu Half Deck,https://tcgplayer-cdn.tcgplayer.com/product/152842_200w.jpg,3,2069,https://cpt.tcgcsv.com/S8f2,2022-12-14T15:27:12.227,0,0.02,0.2,4.0,0.17,,Normal,19/30,Common,Supporter,,,,,,,,Draw 3 cards.
152843,Hau (#23) (Alolan Raichu Half-Deck),Hau 23 Alolan Raichu Half Deck,https://tcgplayer-cdn.tcgplayer.com/product/152843_200w.jpg,3,2069,https://cpt.tcgcsv.com/T8f2,2022-12-14T15:28:51.803,0,0.02,0.15,4.0,0.08,,Normal,23/30,Common,Supporter,,,,,,,,Draw 3 cards.
152844,Great Ball (#21) (Alolan Raichu Half-Deck),Great Ball 21 Alolan Raichu Half Deck,https://tcgplayer-cdn.tcgplayer.com/product/152844_200w.jpg,3,2069,https://cpt.tcgcsv.com/V8f2,2022-12-14T15:28:28.063,0,0.01,0.2,4.0,0.08,,Normal,21/30,Common,Item,,,,,,,,Look at the top 7 cards of your deck. You may reveal a Pokémon you find there and put it into your hand. Shuffle the other cards back into your deck.
152845,Great Ball (#25) (Alolan Raichu Half-Deck),Great Ball 25 Alolan Raichu Half Deck,https://tcgplayer-cdn.tcgplayer.com/product/152845_200w.jpg,3,2069,https://cpt.tcgcsv.com/W8f2,2022-12-14T15:29:14.873,0,0.01,0.25,4.0,0.33,,Normal,25/30,Common,Item,,,,,,,,Look at the top 7 cards of your deck. You may reveal a Pokémon you find there and put it into your hand. Shuffle the other cards back into your deck.
152846,Great Ball (#21) (Lycanroc Half-Deck),Great Ball 21 Lycanroc Half Deck,https://tcgplayer-cdn.tcgplayer.com/product/152846_200w.jpg,3,2069,https://cpt.tcgcsv.com/X8f2,2022-12-14T15:28:34.793,0,0.02,0.2,4.0,0.12,,Normal,21/30,Common,Item,,,,,,,,Look at the top 7 cards of your deck. You may reveal a Pokémon you find there and put it into your hand. Shuffle the other cards back into your deck.
152847,Great Ball (#25) (Lycanroc Half-Deck),Great Ball 25 Lycanroc Half Deck,https://tcgplayer-cdn.tcgplayer.com/product/152847_200w.jpg,3,2069,https://cpt.tcgcsv.com/Z8f2,2022-12-14T15:29:21.007,0,0.02,0.19,4.0,0.06,,Normal,25/30,Common,Item,,,,,,,,Look at the top 7 cards of your deck. You may reveal a Pokémon you find there and put it into your hand. Shuffle the other cards back into your deck.
152848,Toucannon,Toucannon,https://tcgplayer-cdn.tcgplayer.com/product/152848_200w.jpg,3,2069,https://cpt.tcgcsv.com/-8f2,2022-12-14T15:28:46.5,0,0.04,0.2,4.0,0.17,,Normal,22/30,Uncommon,Colorless,140,Stage 2,"[2] Echoed Voice (60)
<br>During your next turn, this Pokemon's Echoed Voice attack does 60 more damage <em>(before applying Weakness and Resistance)</em>.","[3] Beak Blast (100)
<br>Flip a coin. If heads, your opponent's Active Pokemon is now Burned.",Lx2,F-20,2,
152849,Big Malasada,Big Malasada,https://tcgplayer-cdn.tcgplayer.com/product/152849_200w.jpg,3,2069,https://cpt.tcgcsv.com/_8f2,2022-12-14T15:29:45.347,0,0.03,0.2,4.0,0.12,,Normal,27/30,Common,Item,,,,,,,,Heal 20 damage and remove a Special Condition from your Active Pokemon.
152850,Lightning Energy (#1),Lightning Energy 1,https://tcgplayer-cdn.tcgplayer.com/product/152850_200w.jpg,3,2069,https://cpt.tcgcsv.com/09f2,2022-12-14T15:22:56.363,0,0.04,0.18,0.5,0.08,,Normal,1/30,Common,Basic Lightning Energy,,,,,,,,
152851,Lightning Energy (#2),Lightning Energy 2,https://tcgplayer-cdn.tcgplayer.com/product/152851_200w.jpg,3,2069,https://cpt.tcgcsv.com/29f2,2022-12-14T15:23:13.55,0,0.04,0.2,1.49,0.07,,Normal,2/30,Common,Basic Lightning Energy,,,,,,,,
152852,Lightning Energy (#3),Lightning Energy 3,https://tcgplayer-cdn.tcgplayer.com/product/152852_200w.jpg,3,2069,https://cpt.tcgcsv.com/39f2,2022-12-14T15:23:19.16,0,0.01,0.18,0.99,0.05,,Normal,2/30,Common,Basic Lightning Energy,,,,,,,,
152853,Lightning Energy (#5),Lightning Energy 5,https://tcgplayer-cdn.tcgplayer.com/product/152853_200w.jpg,3,2069,https://cpt.tcgcsv.com/59f2,2022-12-14T15:23:59.857,0,0.01,0.24,0.5,0.06,,Normal,5/30,Common,Basic Lightning Energy,,,,,,,,
152854,Lightning Energy (#7),Lightning Energy 7,https://tcgplayer-cdn.tcgplayer.com/product/152854_200w.jpg,3,2069,https://cpt.tcgcsv.com/69f2,2022-12-14T15:24:43.247,0,0.01,0.21,0.5,0.09,,Normal,7/30,Common,Basic Lightning Energy,,,,,,,,
152855,Lightning Energy (#8),Lightning Energy 8,https://tcgplayer-cdn.tcgplayer.com/product/152855_200w.jpg,3,2069,https://cpt.tcgcsv.com/79f2,2022-12-14T15:24:54.343,0,0.04,0.21,0.5,0.08,,Normal,8/30,Common,Basic Lightning Energy,,,,,,,,
152856,Lightning Energy (#9),Lightning Energy 9,https://tcgplayer-cdn.tcgplayer.com/product/152856_200w.jpg,3,2069,https://cpt.tcgcsv.com/89f2,2022-12-14T15:25:06.4,0,0.01,0.19,1.0,0.05,,Normal,9/30,Common,Basic Lightning Energy,,,,,,,,
152857,Lightning Energy (#10),Lightning Energy 10,https://tcgplayer-cdn.tcgplayer.com/product/152857_200w.jpg,3,2069,https://cpt.tcgcsv.com/99f2,2022-12-14T15:25:17.91,0,0.04,0.2,0.5,0.04,,Normal,10/30,Common,Basic Lightning Energy,,,,,,,,
152858,Psychic Energy (#20),Psychic Energy 20,https://tcgplayer-cdn.tcgplayer.com/product/152858_200w.jpg,3,2069,https://cpt.tcgcsv.com/b9f2,2022-12-14T15:27:28.463,0,0.04,0.19,0.4,0.04,,Normal,20/30,Common,Basic Psychic Energy,,,,,,,,
152859,Psychic Energy (#24),Psychic Energy 24,https://tcgplayer-cdn.tcgplayer.com/product/152859_200w.jpg,3,2069,https://cpt.tcgcsv.com/c9f2,2022-12-14T15:29:09.3,0,0.04,0.18,1.49,0.1,,Normal,24/30,Common,Basic Psychic Energy,,,,,,,,
152860,Psychic Energy (#27),Psychic Energy 27,https://tcgplayer-cdn.tcgplayer.com/product/152860_200w.jpg,3,2069,https://cpt.tcgcsv.com/d9f2,2022-12-14T15:29:51.227,0,0.04,0.13,0.4,0.1,,Normal,27/30,Common,Basic Psychic Energy,,,,,,,,
152861,Psychic Energy (#28),Psychic Energy 28,https://tcgplayer-cdn.tcgplayer.com/product/152861_200w.jpg,3,2069,https://cpt.tcgcsv.com/f9f2,2022-12-14T15:30:03.697,0,0.01,0.1,0.4,0.09,,Normal,28/30,Common,Basic Psychic Energy,,,,,,,,
152862,Stufful,Stufful,https://tcgplayer-cdn.tcgplayer.com/product/152862_200w.jpg,3,2069,https://cpt.tcgcsv.com/g9f2,2022-12-14T15:23:36.37,0,0.04,0.2,4.0,0.08,,Normal,4/30,Common,Colorless,70,Basic,[2] Tackle (30),,Fx2,None,2,
152863,Golbat,Golbat,https://tcgplayer-cdn.tcgplayer.com/product/152863_200w.jpg,3,2069,https://cpt.tcgcsv.com/h9f2,2022-12-14T15:24:17.67,0,0.04,0.19,4.0,0.15,,Normal,6/30,Uncommon,Psychic,80,Stage 1,"[P] Super Poison Breath
<br>Your opponent's Active Pokemon is now Poisoned.","[2] Acrobatics (10+)
<br>Flip 2 coins. This attack does 20 more damage for each heads.",Lx2,F-20,0,
152864,Zubat,Zubat,https://tcgplayer-cdn.tcgplayer.com/product/152864_200w.jpg,3,2069,https://cpt.tcgcsv.com/j9f2,2026-02-18T21:18:49.38,0,0.02,0.2,4.0,0.13,0.05,Normal,11/30,Common,Psychic,50,Basic,"[P] Astonish
<br>Choose a random card from your opponent's hand. Your opponent reveals that card and shuffles it into their deck.",,Lx2,F-20,1,
152865,Spearow,Spearow,https://tcgplayer-cdn.tcgplayer.com/product/152865_200w.jpg,3,2069,https://cpt.tcgcsv.com/k9f2,2022-12-14T15:26:14.837,0,0.03,0.15,4.0,0.08,,Normal,13/30,Common,Colorless,50,Basic,"[1] Peck Bugs (10+)
<br>If your opponent's Active Pokemon is a Grass Pokemon, this attack does 30 more damage.",,Lx2,F-20,1,
152868,Pikachu (#14),Pikachu 14,https://tcgplayer-cdn.tcgplayer.com/product/152868_200w.jpg,3,2069,https://cpt.tcgcsv.com/n9f2,2023-07-13T12:53:19.127,1,0.32,0.65,4.99,0.67,,Normal,14/30,Common,Lightning,60,Basic,[1] Tail Whap (10),"[1L] Spark (20)
<br>This attack does 10 damage to 1 of your opponent's Benched Pokemon. <em>(Don't apply Weakness and Resistance for Benched Pokemon.)</em>",Fx2,M-20,1,
152869,Pikachu (#29),Pikachu 29,https://tcgplayer-cdn.tcgplayer.com/product/152869_200w.jpg,3,2069,https://cpt.tcgcsv.com/p9f2,2022-12-14T15:30:12.04,0,0.25,0.63,5.39,0.62,,Normal,29/30,Common,Lightning,60,Basic,[1] Tail Whap (10),"[1L] Spark (20)
<br>This attack does 10 damage to 1 of your opponent's Benched Pokemon. <em>(Don't apply Weakness and Resistance for Benched Pokemon.)</em>",Fx2,M-20,1,
152870,Potion,Potion,https://tcgplayer-cdn.tcgplayer.com/product/152870_200w.jpg,3,2069,https://cpt.tcgcsv.com/q9f2,2022-12-14T15:26:31.81,0,0.01,0.2,4.0,0.12,,Normal,15/30,Common,Item,,,,,,,,Heal 30 damage from 1 of your Pokemon.
152871,Grubbin,Grubbin,https://tcgplayer-cdn.tcgplayer.com/product/152871_200w.jpg,3,2069,https://cpt.tcgcsv.com/r9f2,2022-12-14T15:26:37.63,0,0.01,0.25,4.0,0.25,,Normal,16/30,Common,Grass,70,Basic,[2] Vice Grip (20),,Rx2,None,2,
152872,Alolan Raichu (#17 Non-Holo),Alolan Raichu 17 Non Holo,https://tcgplayer-cdn.tcgplayer.com/product/152872_200w.jpg,3,2069,https://cpt.tcgcsv.com/s9f2,2022-12-14T15:26:50.003,0,0.1,0.24,4.0,0.21,,Normal,17/30,Uncommon,Lightning,110,Stage 1,"[L] Quick Attack (10+)
<br>Flip a coin. If heads, this attack does 30 more damage.",[2L] Electric Surfer (70),Fx2,M-20,1,
152873,Alolan Raichu (#30 Holofoil),Alolan Raichu 30 Holofoil,https://tcgplayer-cdn.tcgplayer.com/product/152873_200w.jpg,3,2069,https://cpt.tcgcsv.com/t9f2,2022-12-14T15:30:24.057,1,1.0,1.99,9.99,2.61,,Holofoil,30/30,Uncommon,Lightning,110,Stage 1,"[L] Quick Attack (10+)
<br>Flip a coin. If heads, this attack does 30 more damage.",[2L] Electric Surfer (70),Fx2,M-20,1,
152874,Bewear,Bewear,https://tcgplayer-cdn.tcgplayer.com/product/152874_200w.jpg,3,2069,https://cpt.tcgcsv.com/v9f2,2022-12-14T15:27:01.16,0,0.03,0.2,4.0,0.19,,Normal,18/30,Uncommon,Colorless,130,Stage 1,"[2] Bear Hug (40)
<br>The Defending Pokemon can't retreat during your opponent's next turn.","[3] Superpower (80+)
<br>You may do 40 more damage. If you do, this Pokemon does 20 damage to itself.",Fx2,None,3,
152875,Drowzee,Drowzee,https://tcgplayer-cdn.tcgplayer.com/product/152875_200w.jpg,3,2069,https://cpt.tcgcsv.com/w9f2,2025-08-04T16:53:57.113,1,0.04,0.2,4.0,0.1,,Normal,22/30,Common,Psychic,70,Basic,"[P] Psychic Boom (10x)
<br>This attack does 10 damage times the amount of Energy attached to your opponent's Active Pokemon.",[2] Headbutt (20),Px2,None,2,
152877,Togedemaru,Togedemaru,https://tcgplayer-cdn.tcgplayer.com/product/152877_200w.jpg,3,2069,https://cpt.tcgcsv.com/z9f2,2022-12-14T15:29:33.043,0,0.02,0.19,1.49,0.16,,Normal,26/30,Common,Lightning,70,Basic,"[1] Defense Curl
<br>Flip a coin. If heads, prevent all damage done to this Pokemon by attacks during your opponent's next turn.","[L] Discharge (30x)
<br>Discard all Lightning Energy from this Pokemon. This attack does 30 damage for each card you discarded this way.",Fx2,M-20,1,
192937,Lightning Energy (#12),Lightning Energy 12,https://tcgplayer-cdn.tcgplayer.com/product/192937_200w.jpg,3,2069,https://cpt.tcgcsv.com/Mbz2,2022-12-14T15:25:53.64,0,0.01,0.2,0.4,0.06,,Normal,12/30,Common,Basic Lightning Energy,,,,,,,,
