productId,name,cleanName,imageUrl,categoryId,groupId,url,modifiedOn,imageCount,extCardText,extUPC,lowPrice,midPrice,highPrice,marketPrice,directLowPrice,subTypeName,extNumber,extRarity,extCardType,extHP,extStage,extAttack1,extWeakness,extRetreatCost,extAttack2,extResistance
505942,Trick or Trade BOOster Bundle 2023 (50 ct),Trick or Trade BOOster Bundle 2023 50 ct,https://tcgplayer-cdn.tcgplayer.com/product/505942_200w.jpg,3,23266,https://cpt.tcgcsv.com/Sn36,2024-08-19T16:57:04.903,1,"Spooky Surprises Lurk Inside!
<br>Share Pokémon fun and excitement on the spookiest night of the year with a bundle of BOOster packs! Inside you’ll find 50 mini packs, each containing three colorful cards from the Pokémon Trading Card Game.",0820650862571,60.0,60.0,99.99,45.35,,Normal,,,,,,,,,,
505943,Trick or Trade BOOster Bundle 2023 Case,Trick or Trade BOOster Bundle 2023 Case,https://tcgplayer-cdn.tcgplayer.com/product/505943_200w.jpg,3,23266,https://cpt.tcgcsv.com/Tn36,2023-09-01T04:03:11.297,1,"Spooky Surprises Lurk Inside!
<br>Share Pokémon fun and excitement on the spookiest night of the year with a bundle of BOOster packs! Inside you’ll find 50 mini packs, each containing three colorful cards from the Pokémon Trading Card Game.
<br>Display Contains:
<br>•12 Trick or Trade BOOster Bundles",0820650872570,1499.99,1499.99,1499.99,272.48,,Normal,,,,,,,,,,
505945,Trick or Trade BOOster Bundle 2023 - Mini Booster Pack,Trick or Trade BOOster Bundle 2023 Mini Booster Pack,https://tcgplayer-cdn.tcgplayer.com/product/505945_200w.jpg,3,23266,https://cpt.tcgcsv.com/Wn36,2023-09-01T04:03:11.297,1,"Spooky Surprises Lurk Inside!
<br>Share Pokémon fun and excitement on the spookiest night of the year with a bundle of BOOster packs!
<br>Each Booster Pack Contains: 
<br>•3 Colorful cards from the Pokémon Trading Card Game",0820650852572,0.01,0.99,5.0,1.0,,Normal,,,,,,,,,,
515647,Phantump,Phantump,https://tcgplayer-cdn.tcgplayer.com/product/515647_200w.jpg,3,23266,https://cpt.tcgcsv.com/Zg86,2025-11-21T16:26:43.663,1,,,0.01,0.15,1.33,0.1,0.15,Normal,016/196,Common,Grass,70,Basic,[1] Hook (10),Rx2,2,,
515648,Trevenant,Trevenant,https://tcgplayer-cdn.tcgplayer.com/product/515648_200w.jpg,3,23266,https://cpt.tcgcsv.com/-g86,2023-09-26T20:11:50.543,1,"<strong>Ability — Elder Tree Barrier</strong>
<br>
If this Pokémon is Knocked Out by damage from an attack from your opponent's Pokémon V, your opponent can't take any Prize cards for it.",,0.01,0.15,4.0,0.07,0.04,Holofoil,017/196,Holo Rare,Grass,120,Stage 1,"[1GG] Giga Impact (150)
<br>
During your next turn, this Pokémon can't attack.",Rx2,3,,
515649,Dhelmise,Dhelmise,https://tcgplayer-cdn.tcgplayer.com/product/515649_200w.jpg,3,23266,https://cpt.tcgcsv.com/_g86,2023-09-12T12:09:13.737,1,,,0.04,0.15,1.49,0.1,,Normal,019/185,Uncommon,Grass,130,Basic,[1] Hook (20),Rx2,3,"[2G] Special Anchor (60+)
<br>If this Pokémon has any Special Energy attached, this attack does 60 more damage.",None
515650,Houndoom,Houndoom,https://tcgplayer-cdn.tcgplayer.com/product/515650_200w.jpg,3,23266,https://cpt.tcgcsv.com/0h86,2023-09-08T13:52:47.59,1,,,0.01,0.17,2.0,0.1,,Holofoil,034/198,Common,Fire,120,Stage 1,[1] Sharp Fang (30),Wx2,2,"[1RR] Fire Blast (150)
<br>Discard a [R] Energy attached to this Pokemon.",None
515651,Litwick,Litwick,https://tcgplayer-cdn.tcgplayer.com/product/515651_200w.jpg,3,23266,https://cpt.tcgcsv.com/2h86,2025-11-21T16:20:49.113,1,,,0.01,0.15,20.0,0.09,,Normal,024/196,Common,Fire,60,Basic,"[R] Kindling Panic
<br>
Discard the top card of your opponent's deck.",Wx2,1,,
515652,Lampent,Lampent,https://tcgplayer-cdn.tcgplayer.com/product/515652_200w.jpg,3,23266,https://cpt.tcgcsv.com/3h86,2025-11-21T16:23:20.583,1,,,0.03,0.15,20.0,0.11,0.15,Normal,025/196,Uncommon,Fire,80,Stage 1,"[R] Flickering Glow (20)
<br>
Flip a coin. If heads, discard an Energy from your opponent's Active Pokémon.",Wx2,1,,
515653,Chandelure,Chandelure,https://tcgplayer-cdn.tcgplayer.com/product/515653_200w.jpg,3,23266,https://cpt.tcgcsv.com/5h86,2025-11-21T05:08:30.667,1,"<strong>Ability — Mountain Roasting</strong>
<br>
When you play this Pokémon from your hand to evolve 1 of your Pokémon during your turn, you may discard the top 3 cards of your opponent's deck.",,0.01,0.18,2.0,0.15,0.06,Holofoil,026/196,Holo Rare,Fire,150,Stage 2,[1R] Heat Blast (90),Wx2,2,,
515654,Pikachu,Pikachu,https://tcgplayer-cdn.tcgplayer.com/product/515654_200w.jpg,3,23266,https://cpt.tcgcsv.com/6h86,2025-10-31T19:06:53.06,1,,,0.04,0.35,5.0,0.35,,Holofoil,062/193,Common,Lightning,70,Basic,"[1] Growl
<br>During your opponent’s next turn, the Defending Pokemon’s attacks do 20 less damage (before applying Weakness and Resistance).",Fx2,1,[1L] Pika Bolt (30),None
515655,Lycanroc,Lycanroc,https://tcgplayer-cdn.tcgplayer.com/product/515655_200w.jpg,3,23266,https://cpt.tcgcsv.com/7h86,2023-09-08T14:02:07.76,1,,,0.01,0.15,1.41,0.09,,Normal,095/185,Rare,Fighting,120,Stage 1,[F] Rock Throw (40),Gx2,2,[1F] Sharp Mane (70),None
515656,Galarian Runerigus,Galarian Runerigus,https://tcgplayer-cdn.tcgplayer.com/product/515656_200w.jpg,3,23266,https://cpt.tcgcsv.com/8h86,2026-02-09T14:13:23.707,1,,,0.05,0.18,4.0,0.13,,Normal,102/192,Rare,Fighting,100,Stage 1,"[2] Spreading Spite
<br>For each damage counter on this Galarian Runerigus, put 2 damage counters on your opponent's Pokemon in any way you like.",Gx2,2,"[2F] Mad Hammer (120)
<br>This Pokemon also does 30 damage to itself.",None
515659,Gastly,Gastly,https://tcgplayer-cdn.tcgplayer.com/product/515659_200w.jpg,3,23266,https://cpt.tcgcsv.com/ch86,2023-09-08T14:03:45.343,1,,,0.02,0.17,1.49,0.13,,Normal,064/196,Common,Psychic,40,Basic,"[P] Furtive Drop
<br>
Put 1 damage counter on your opponent's Active Pokémon.",Dx2,,,F-30
515660,Haunter,Haunter,https://tcgplayer-cdn.tcgplayer.com/product/515660_200w.jpg,3,23266,https://cpt.tcgcsv.com/dh86,2023-09-08T14:04:24.37,1,,,0.04,0.17,1.49,0.14,,Normal,065/196,Uncommon,Psychic,70,Stage 1,"[P] Cursed Drop
<br>
Put 3 damage counters on your opponent's Pokémon in any way you like.",Dx2,1,,F-30
515661,Gengar (2022 Copyright Date),Gengar 2022 Copyright Date,https://tcgplayer-cdn.tcgplayer.com/product/515661_200w.jpg,3,23266,https://cpt.tcgcsv.com/fh86,2025-11-22T02:43:31.217,1,"<strong>Ability — Netherworld Gate</strong>
<br>
Once during your turn, if this Pokémon is in your discard pile, you may put it onto your Bench. If you do, put 3 damage counters on this Pokémon.",,0.2,0.62,9.99,0.62,0.6,Holofoil,066/196,Holo Rare,Psychic,120,Stage 2,"[P] Screaming Circle
<br>
Put 2 damage counters on your opponent's Active Pokémon for each of your opponent's Benched Pokémon.",Dx2,2,,F-30
515662,Duskull,Duskull,https://tcgplayer-cdn.tcgplayer.com/product/515662_200w.jpg,3,23266,https://cpt.tcgcsv.com/gh86,2023-09-08T14:05:06.583,1,,,0.02,0.15,5.0,0.1,,Normal,069/185,Common,Psychic,60,Basic,"[1] Future Sight 
<br>Look at the top 4 cards of either player's deck and put them back in any order.",Dx2,1,,F-30
515663,Dusclops,Dusclops,https://tcgplayer-cdn.tcgplayer.com/product/515663_200w.jpg,3,23266,https://cpt.tcgcsv.com/hh86,2025-11-21T05:32:23.703,1,,,0.01,0.14,1.49,0.11,0.1,Normal,070/185,Uncommon,Psychic,90,Stage 1,"[1] Confuse Ray
<br>Your opponent's Active Pokémon is now Confused.",Dx2,2,[2P] Psypunch (60),F-30
515664,Dusknoir,Dusknoir,https://tcgplayer-cdn.tcgplayer.com/product/515664_200w.jpg,3,23266,https://cpt.tcgcsv.com/jh86,2023-09-08T14:07:43.853,1,"<strong>Ability — Spectral Breach</strong>
<br>All Special Energy attached to Pokémon <em>(both yours and your opponent's)</em> provide Colorless Energy and have no other effect.",,0.01,0.15,1.49,0.09,,Holofoil,071/185,Holo Rare,Psychic,150,Stage 2,[2P] Spooky Shot (120),Dx2,2,,F-30
515665,Shuppet,Shuppet,https://tcgplayer-cdn.tcgplayer.com/product/515665_200w.jpg,3,23266,https://cpt.tcgcsv.com/kh86,2023-09-08T14:08:08.263,1,,,0.01,0.1,1.49,0.06,,Normal,087/198,Common,Psychic,60,Basic,"[P] Wrapped in Shadows (10)
<br>Flip a coin. If heads, the opponent can’t play Item cards from their hand during their next turn.",Dx2,1,,F-30
515666,Banette,Banette,https://tcgplayer-cdn.tcgplayer.com/product/515666_200w.jpg,3,23266,https://cpt.tcgcsv.com/lh86,2023-09-08T14:08:28.747,1,"<strong>Ability — Puppet Offering</strong>
<br>
Once during your turn, you may put a Supporter card from your discard pile into your hand. If you do, put this Pokémon in the Lost Zone. <em>(Discard all attached cards.)</em>",,0.02,0.15,4.0,0.13,,Normal,073/196,Rare,Psychic,100,Stage 1,[PP] Spooky Shot (50),Dx2,1,,F-30
515668,Mismagius,Mismagius,https://tcgplayer-cdn.tcgplayer.com/product/515668_200w.jpg,3,23266,https://cpt.tcgcsv.com/nh86,2023-09-08T14:08:52.913,1,,,0.01,0.2,1.16,0.17,,Normal,088/193,Uncommon,Psychic,90,Stage 1,,Dx2,1,,F-30
515670,Drifloon,Drifloon,https://tcgplayer-cdn.tcgplayer.com/product/515670_200w.jpg,3,23266,https://cpt.tcgcsv.com/qh86,2023-09-08T18:16:25.57,1,,,0.01,0.1,1.49,0.07,,Normal,089/198,Common,Psychic,70,Basic,[2] Gust (10),Dx2,1,"[PP] Balloon Bomb (30x)
<br>This attack does 30 damage for each damage counter on this Pokemon.",F-30
515671,Drifblim,Drifblim,https://tcgplayer-cdn.tcgplayer.com/product/515671_200w.jpg,3,23266,https://cpt.tcgcsv.com/rh86,2023-09-08T18:16:43.193,1,,,0.01,0.12,20.0,0.12,,Normal,090/198,Uncommon,Psychic,110,Stage 1,[2] Gust (30),Dx2,1,"[PPP] Spread Curses
<br>Put 8 damage counters on your opponent’s Pokemon in any way you like.",F-30
515672,Mimikyu,Mimikyu,https://tcgplayer-cdn.tcgplayer.com/product/515672_200w.jpg,3,23266,https://cpt.tcgcsv.com/sh86,2026-02-10T14:24:49.707,1,,,0.02,0.25,1.95,0.24,,Holofoil,097/193,Holo Rare,Psychic,70,Basic,,Mx2,1,,None
515672,Mimikyu,Mimikyu,https://tcgplayer-cdn.tcgplayer.com/product/515672_200w.jpg,3,23266,https://cpt.tcgcsv.com/sh86,2026-02-10T14:24:49.707,1,,,0.09,0.22,5.0,0.18,,Normal,097/193,Holo Rare,Psychic,70,Basic,,Mx2,1,,None
515673,Marshadow,Marshadow,https://tcgplayer-cdn.tcgplayer.com/product/515673_200w.jpg,3,23266,https://cpt.tcgcsv.com/th86,2023-09-26T20:11:22.367,1,,,0.01,0.18,25.0,0.1,,Holofoil,080/203,Holo Rare,Psychic,80,Basic,"[1] Rapid Hunt 
<br>Search your deck for up to 2 Rapid Strike cards, reveal them, and put them into your hand. Then, shuffle your deck.",Dx2,1,"[1] Shadow Flicker (10)
<br>If the Defending Pokemon is Knocked Out during your next turn, take 1 more Prize card.",F-30
515674,Spectrier,Spectrier,https://tcgplayer-cdn.tcgplayer.com/product/515674_200w.jpg,3,23266,https://cpt.tcgcsv.com/vh86,2023-09-26T20:11:39.34,1,,,0.03,0.2,13.0,0.15,,Holofoil,081/196,Holo Rare,Psychic,120,Basic,"[P] Night Footsteps
<br>
Choose 2 of your opponent's Pokémon and put 2 damage counters on each of them.",Dx2,1,"[1PP] Phantom Strike (120)
<br>
During your next turn, this Pokémon can't use Phantom Strike.",F-30
515675,Sinistea,Sinistea,https://tcgplayer-cdn.tcgplayer.com/product/515675_200w.jpg,3,23266,https://cpt.tcgcsv.com/wh86,2025-11-20T05:28:47.137,1,,,0.01,0.15,1.58,0.1,,Normal,089/202,Common,Psychic,30,Basic,"[1] Teatime
<br>Each player draws 2 cards.",Dx2,1,,F-30
515676,Polteageist,Polteageist,https://tcgplayer-cdn.tcgplayer.com/product/515676_200w.jpg,3,23266,https://cpt.tcgcsv.com/xh86,2025-11-21T16:28:30.773,1,,,0.01,0.15,1.49,0.1,,Normal,090/202,Rare,Psychic,60,Stage 1,"[1] Teatime
<br>Each player draws 2 cards.",Dx2,1,"[1P] Poltergeist (50x)
<br>Your opponent reveals their hand. This attack does 50 damage for each Trainer card you find there.",F-30
515677,Greavard,Greavard,https://tcgplayer-cdn.tcgplayer.com/product/515677_200w.jpg,3,23266,https://cpt.tcgcsv.com/zh86,2023-09-08T18:33:35.617,1,,,0.01,0.1,1.49,0.06,,Normal,104/198,Common,Psychic,70,Basic,"[P] Graveyard Frolic: (10x) 
<br>This attack does 10 damage for each [P] Pokemon in your discard pile.",Dx2,2,,F-30
515678,Houndstone,Houndstone,https://tcgplayer-cdn.tcgplayer.com/product/515678_200w.jpg,3,23266,https://cpt.tcgcsv.com/Bh86,2023-09-26T20:08:58.477,1,,,0.01,0.15,1.49,0.1,,Holofoil,106/198,Rare,Psychic,140,Stage 1,"[PP] Grave Visit (80)
<br>This attack does 10 damage for each [P] Pokemon in your discard pile.",Dx2,3,,F-30
515679,Zubat,Zubat,https://tcgplayer-cdn.tcgplayer.com/product/515679_200w.jpg,3,23266,https://cpt.tcgcsv.com/Ch86,2023-09-08T18:34:22.253,1,,,0.02,0.15,1.0,0.09,,Normal,103/195,Common,Darkness,40,Basic,[D] Bite (10),Fx2,,,
515680,Murkrow,Murkrow,https://tcgplayer-cdn.tcgplayer.com/product/515680_200w.jpg,3,23266,https://cpt.tcgcsv.com/Dh86,2023-09-08T18:34:44.49,1,,,0.01,0.1,20.0,0.08,,Normal,131/193,Common,Dark,60,Basic,"[1] Spin Turn (10)
<br>Switch this Pokémon with 1 of your Benched Pokémon.",Lx2,1,"[D] Unified Wing (20x)
<br>This attack does 20 damage for each Pokémon in your discard pile that has the Unified Wing attack.",F-30
564134,Trick or Trade BOOster Bundle 2023 (120 ct),Trick or Trade BOOster Bundle 2023 120 ct,https://tcgplayer-cdn.tcgplayer.com/product/564134_200w.jpg,3,23266,https://cpt.tcgcsv.com/JGw6,2024-08-19T17:09:20.657,0,"Spooky Surprises Lurk Inside!
<br>Share Pokémon fun and excitement on the spookiest night of the year with a bundle of BOOster packs! Inside you’ll find 120 mini packs, each containing three colorful cards from the Pokémon Trading Card Game.",0820650855047,,,,,,,,,,,,,,,,
