productId,name,cleanName,imageUrl,categoryId,groupId,url,modifiedOn,imageCount,extNumber,extRarity,extCardType,extHP,extStage,extAttack1,lowPrice,midPrice,highPrice,marketPrice,directLowPrice,subTypeName,extAttack2,extWeakness,extResistance,extRetreatCost,extCardText
83511,Alph Lithograph,Alph Lithograph,https://tcgplayer-cdn.tcgplayer.com/product/83511_200w.jpg,3,1403,https://cpt.tcgcsv.com/fqH,2016-01-13T17:50:06.193,1,THREE,Ultra Rare,Trainer,0,Trainer,Return any Stadium card in play to the players hand!,87.45,121.99,148.96,91.17,,Holofoil,,,,,
83638,Aron,Aron,https://tcgplayer-cdn.tcgplayer.com/product/83638_200w.jpg,3,1403,https://cpt.tcgcsv.com/NsH,2025-12-11T03:44:22.727,1,42/90,Common,Metal,50,Basic,"[M] Metal Sound - Flip a coin.  If heads, the Defending Pokemon is now Confused.",0.05,0.3,5.0,0.39,,Normal,[1M] Headbutt (20),Rx2,P-20,1,
83638,Aron,Aron,https://tcgplayer-cdn.tcgplayer.com/product/83638_200w.jpg,3,1403,https://cpt.tcgcsv.com/NsH,2025-12-11T03:44:22.727,1,42/90,Common,Metal,50,Basic,"[M] Metal Sound - Flip a coin.  If heads, the Defending Pokemon is now Confused.",0.29,1.39,2.0,1.39,0.75,Reverse Holofoil,[1M] Headbutt (20),Rx2,P-20,1,
83792,Beldum,Beldum,https://tcgplayer-cdn.tcgplayer.com/product/83792_200w.jpg,3,1403,https://cpt.tcgcsv.com/SwH,2023-05-01T17:08:43.727,1,43/90,Common,Metal,50,Basic,[M] Lunge Out (10),0.1,0.34,1.95,0.39,0.33,Normal,"[1MM] Single Smash (50) Flip a coin.  If tails, this attack does nothing.",Rx2,P-20,1,
83792,Beldum,Beldum,https://tcgplayer-cdn.tcgplayer.com/product/83792_200w.jpg,3,1403,https://cpt.tcgcsv.com/SwH,2023-05-01T17:08:43.727,1,43/90,Common,Metal,50,Basic,[M] Lunge Out (10),0.57,1.44,15.0,1.34,,Reverse Holofoil,"[1MM] Single Smash (50) Flip a coin.  If tails, this attack does nothing.",Rx2,P-20,1,
83801,Bellossom,Bellossom,https://tcgplayer-cdn.tcgplayer.com/product/83801_200w.jpg,3,1403,https://cpt.tcgcsv.com/2xH,2023-12-12T19:11:56.1,1,1/90,Holo Rare,Grass,110,Stage 2,[1G] Dance 'til Dawn (30x) Flip 3 coins.  This attack does 30 damage times the number of heads.  Bellossom is now Asleep.,2.0,2.99,4321.0,4.33,,Holofoil,,Rx2,W-20,1,"Hustle Step - Once during your turn (before your attack), you may remove 1 damage counter from each of your Pokemon.  This power can't be used if Bellossom is affected by a Special Condition.  (Poke-POWER)"
83801,Bellossom,Bellossom,https://tcgplayer-cdn.tcgplayer.com/product/83801_200w.jpg,3,1403,https://cpt.tcgcsv.com/2xH,2023-12-12T19:11:56.1,1,1/90,Holo Rare,Grass,110,Stage 2,[1G] Dance 'til Dawn (30x) Flip 3 coins.  This attack does 30 damage times the number of heads.  Bellossom is now Asleep.,5.99,7.93,8.99,5.17,,Reverse Holofoil,,Rx2,W-20,1,"Hustle Step - Once during your turn (before your attack), you may remove 1 damage counter from each of your Pokemon.  This power can't be used if Bellossom is affected by a Special Condition.  (Poke-POWER)"
84058,Burned Tower,Burned Tower,https://tcgplayer-cdn.tcgplayer.com/product/84058_200w.jpg,3,1403,https://cpt.tcgcsv.com/bFH,2023-04-10T14:28:58.467,1,71/90,Uncommon,Stadium,0,Stadium,"Once during each player's turn, that player may flip a coin.  If heads, the player searches his or her discard pile for a basic Energy card, shows it to his or her opponent, and puts it into his or her hand.",0.28,0.58,2.38,1.47,,Normal,,,,,"This card stays in play when you play it.  Discard this card if another Stadium card comes into play.  If another card with the same name is in play, you can't play this card."
84058,Burned Tower,Burned Tower,https://tcgplayer-cdn.tcgplayer.com/product/84058_200w.jpg,3,1403,https://cpt.tcgcsv.com/bFH,2023-04-10T14:28:58.467,1,71/90,Uncommon,Stadium,0,Stadium,"Once during each player's turn, that player may flip a coin.  If heads, the player searches his or her discard pile for a basic Energy card, shows it to his or her opponent, and puts it into his or her hand.",50.0,75.0,99.99,50.0,,Reverse Holofoil,,,,,"This card stays in play when you play it.  Discard this card if another Stadium card comes into play.  If another card with the same name is in play, you can't play this card."
84397,Combee,Combee,https://tcgplayer-cdn.tcgplayer.com/product/84397_200w.jpg,3,1403,https://cpt.tcgcsv.com/ZMH,2023-04-10T13:59:32.017,1,44/90,Common,Grass,30,Basic,"[1] Enraged Assault (20+) If Vespiquen is on your Bench and has any damage counters on it, this attack does 20 damage plus 60 more damage and the Defending Pokemon is now Poisoned.",0.1,0.3,5.0,0.35,,Normal,,Rx2,,1,
84397,Combee,Combee,https://tcgplayer-cdn.tcgplayer.com/product/84397_200w.jpg,3,1403,https://cpt.tcgcsv.com/ZMH,2023-04-10T13:59:32.017,1,44/90,Common,Grass,30,Basic,"[1] Enraged Assault (20+) If Vespiquen is on your Bench and has any damage counters on it, this attack does 20 damage plus 60 more damage and the Defending Pokemon is now Poisoned.",0.89,1.49,2.64,1.5,,Reverse Holofoil,,Rx2,,1,
84693,Darkness Energy (Special),Darkness Energy Special,https://tcgplayer-cdn.tcgplayer.com/product/84693_200w.jpg,3,1403,https://cpt.tcgcsv.com/TTH,2025-02-05T21:13:14.053,1,79/90,Uncommon,Energy,0,Special Energy,"If the Pokemon Darkness Energy is attached to attacks, the attack does 10 more damage to the Active Pokemon (before applying Weakness and Resistance).  Ignore this effect if the Pokemon that Darkness Energy is attached to isn't Dark.  Darkness Energy provides D Energy.  (Doesn't count as a basic Energy card.)",0.33,0.56,2.85,0.86,,Normal,,,,,
84693,Darkness Energy (Special),Darkness Energy Special,https://tcgplayer-cdn.tcgplayer.com/product/84693_200w.jpg,3,1403,https://cpt.tcgcsv.com/TTH,2025-02-05T21:13:14.053,1,79/90,Uncommon,Energy,0,Special Energy,"If the Pokemon Darkness Energy is attached to attacks, the attack does 10 more damage to the Active Pokemon (before applying Weakness and Resistance).  Ignore this effect if the Pokemon that Darkness Energy is attached to isn't Dark.  Darkness Energy provides D Energy.  (Doesn't count as a basic Energy card.)",1.7,2.49,672.3,0.97,,Reverse Holofoil,,,,,
84727,Defender,Defender,https://tcgplayer-cdn.tcgplayer.com/product/84727_200w.jpg,3,1403,https://cpt.tcgcsv.com/zVH,2023-04-10T14:29:05.223,1,72/90,Uncommon,Item,0,Trainer,Attach Defender to 1 of your Pokemon.  Discard this card at the end of your opponent's next turn.  Any damage done to the Pokemon Defender is attached to by an opponent's attack is reduced by 20 (after applying Weakness and Resistance).,0.08,0.27,2.28,0.28,0.21,Normal,,,,,
84727,Defender,Defender,https://tcgplayer-cdn.tcgplayer.com/product/84727_200w.jpg,3,1403,https://cpt.tcgcsv.com/zVH,2023-04-10T14:29:05.223,1,72/90,Uncommon,Item,0,Trainer,Attach Defender to 1 of your Pokemon.  Discard this card at the end of your opponent's next turn.  Any damage done to the Pokemon Defender is attached to by an opponent's attack is reduced by 20 (after applying Weakness and Resistance).,0.35,0.63,2.0,0.59,0.4,Reverse Holofoil,,,,,
84854,Dodrio,Dodrio,https://tcgplayer-cdn.tcgplayer.com/product/84854_200w.jpg,3,1403,https://cpt.tcgcsv.com/6ZH,2025-02-05T21:13:14.1,1,11/90,Rare,Colorless,80,Stage 1,[2] Incessant Peck (20+) Flip a coin until you get tails.  This attack does 20 damage plus 20 more damage for each heads.,0.31,0.53,2.41,0.64,,Normal,,Lx2,F-20,1,"Retreat Aid - As long as Dodrio is on your Bench, your Active Pokemon's Retreat Cost is 2 less.  (Poke-BODY)"
84854,Dodrio,Dodrio,https://tcgplayer-cdn.tcgplayer.com/product/84854_200w.jpg,3,1403,https://cpt.tcgcsv.com/6ZH,2025-02-05T21:13:14.1,1,11/90,Rare,Colorless,80,Stage 1,[2] Incessant Peck (20+) Flip a coin until you get tails.  This attack does 20 damage plus 20 more damage for each heads.,2.8,3.32,9.62,4.43,,Reverse Holofoil,,Lx2,F-20,1,"Retreat Aid - As long as Dodrio is on your Bench, your Active Pokemon's Retreat Cost is 2 less.  (Poke-BODY)"
84865,Doduo,Doduo,https://tcgplayer-cdn.tcgplayer.com/product/84865_200w.jpg,3,1403,https://cpt.tcgcsv.com/kZH,2025-11-11T05:14:33.16,1,45/90,Common,Colorless,50,Basic,[1] Peck (10),0.05,0.26,1.49,0.33,0.23,Normal,"[2] Double Headstrike (50) Flip 2 coins.  If either of them is tails, this attack does nothing.",Lx2,F-20,1,
84865,Doduo,Doduo,https://tcgplayer-cdn.tcgplayer.com/product/84865_200w.jpg,3,1403,https://cpt.tcgcsv.com/kZH,2025-11-11T05:14:33.16,1,45/90,Common,Colorless,50,Basic,[1] Peck (10),0.75,1.9,96.95,1.67,4.99,Reverse Holofoil,"[2] Double Headstrike (50) Flip 2 coins.  If either of them is tails, this attack does nothing.",Lx2,F-20,1,
84948,Drifblim,Drifblim,https://tcgplayer-cdn.tcgplayer.com/product/84948_200w.jpg,3,1403,https://cpt.tcgcsv.com/--H,2025-11-11T05:15:13.837,1,12/90,Rare,Psychic,90,Stage 1,[1P] Balloon Tackle (60) Drifblim does 20 damage to itself.,0.3,0.65,1.64,0.65,,Normal,"[3] Take Away - Shuffle Drifblim and all cards attached to it back into your deck.  Then, your opponent shuffles the Defending Pokemon and all cards attached to it into his or her deck.  (You choose your new Active Pokemon first.)",Dx2,C-20,0,
84948,Drifblim,Drifblim,https://tcgplayer-cdn.tcgplayer.com/product/84948_200w.jpg,3,1403,https://cpt.tcgcsv.com/--H,2025-11-11T05:15:13.837,1,12/90,Rare,Psychic,90,Stage 1,[1P] Balloon Tackle (60) Drifblim does 20 damage to itself.,1.5,2.04,2.89,2.62,,Reverse Holofoil,"[3] Take Away - Shuffle Drifblim and all cards attached to it back into your deck.  Then, your opponent shuffles the Defending Pokemon and all cards attached to it into his or her deck.  (You choose your new Active Pokemon first.)",Dx2,C-20,0,
84960,Drifloon,Drifloon,https://tcgplayer-cdn.tcgplayer.com/product/84960_200w.jpg,3,1403,https://cpt.tcgcsv.com/d_H,2025-02-05T21:13:14.163,1,46/90,Common,Psychic,50,Basic,"[1] Minimize - During your opponent's next turn, any damage done to Drifloon by attacks is reduced by 20 (after applying Weakness and Resistance).",0.1,0.3,2.37,0.31,,Normal,"[1] Pull - Flip a coin.  If heads, switch the Defending Pokemon with 1 of your opponent's Benched Pokemon.",Dx2,C-20,1,
84960,Drifloon,Drifloon,https://tcgplayer-cdn.tcgplayer.com/product/84960_200w.jpg,3,1403,https://cpt.tcgcsv.com/d_H,2025-02-05T21:13:14.163,1,46/90,Common,Psychic,50,Basic,"[1] Minimize - During your opponent's next turn, any damage done to Drifloon by attacks is reduced by 20 (after applying Weakness and Resistance).",0.5,1.0,1.49,0.99,,Reverse Holofoil,"[1] Pull - Flip a coin.  If heads, switch the Defending Pokemon with 1 of your opponent's Benched Pokemon.",Dx2,C-20,1,
85087,Eevee (47),Eevee 47,https://tcgplayer-cdn.tcgplayer.com/product/85087_200w.jpg,3,1403,https://cpt.tcgcsv.com/M2J,2023-04-10T13:59:51.483,1,47/90,Common,Colorless,50,Basic,[1] Tackle (10),1.1,2.29,4.03,2.45,,Normal,[2] Bite (20),Fx2,,1,
85087,Eevee (47),Eevee 47,https://tcgplayer-cdn.tcgplayer.com/product/85087_200w.jpg,3,1403,https://cpt.tcgcsv.com/M2J,2023-04-10T13:59:51.483,1,47/90,Common,Colorless,50,Basic,[1] Tackle (10),8.2,17.39,24.25,25.0,,Reverse Holofoil,[2] Bite (20),Fx2,,1,
85088,Eevee (48),Eevee 48,https://tcgplayer-cdn.tcgplayer.com/product/85088_200w.jpg,3,1403,https://cpt.tcgcsv.com/N2J,2025-11-11T05:12:39.7,1,48/90,Common,Colorless,50,Basic,[1] Call for Family - Search your deck for a Basic Pokemon and put it onto your Bench.  Shuffle your deck afterward.,0.6,1.81,29.99,2.02,,Normal,"[2] Tickle (10) Flip a coin.  If heads, the Defending Pokemon is Paralyzed.",Fx2,,1,
85088,Eevee (48),Eevee 48,https://tcgplayer-cdn.tcgplayer.com/product/85088_200w.jpg,3,1403,https://cpt.tcgcsv.com/N2J,2025-11-11T05:12:39.7,1,48/90,Common,Colorless,50,Basic,[1] Call for Family - Search your deck for a Basic Pokemon and put it onto your Bench.  Shuffle your deck afterward.,9.0,21.0,24.25,25.0,,Reverse Holofoil,"[2] Tickle (10) Flip a coin.  If heads, the Defending Pokemon is Paralyzed.",Fx2,,1,
85212,Energy Exchanger,Energy Exchanger,https://tcgplayer-cdn.tcgplayer.com/product/85212_200w.jpg,3,1403,https://cpt.tcgcsv.com/g6J,2025-11-11T05:11:45.807,1,73/90,Uncommon,Item,0,Trainer,"Chose an Energy Card from your hand, show it to your opponent, and put it on top of your deck.  Search your deck for an Energy card, show it to your opponent, and put it into your hand.  Shuffle your deck afterward.",0.09,0.29,1.49,0.3,,Normal,,,,,
85212,Energy Exchanger,Energy Exchanger,https://tcgplayer-cdn.tcgplayer.com/product/85212_200w.jpg,3,1403,https://cpt.tcgcsv.com/g6J,2025-11-11T05:11:45.807,1,73/90,Uncommon,Item,0,Trainer,"Chose an Energy Card from your hand, show it to your opponent, and put it on top of your deck.  Search your deck for an Energy card, show it to your opponent, and put it into your hand.  Shuffle your deck afterward.",0.25,0.55,2.67,0.94,,Reverse Holofoil,,,,,
85322,Espeon,Espeon,https://tcgplayer-cdn.tcgplayer.com/product/85322_200w.jpg,3,1403,https://cpt.tcgcsv.com/s8J,2023-12-12T19:12:03.173,1,2/90,Holo Rare,Psychic,90,Stage 1,[P] Solar Suggestion - Move up to 4 damage counters from any of your Pokemon to any of your opponent's Pokemon in any way you like.,44.83,49.99,58.65,44.05,,Holofoil,"[1P] Psybeam (30) Flip a coin.  If heads, the Defending Pokemon is now Confused.",Px2,,1,
85322,Espeon,Espeon,https://tcgplayer-cdn.tcgplayer.com/product/85322_200w.jpg,3,1403,https://cpt.tcgcsv.com/s8J,2023-12-12T19:12:03.173,1,2/90,Holo Rare,Psychic,90,Stage 1,[P] Solar Suggestion - Move up to 4 damage counters from any of your Pokemon to any of your opponent's Pokemon in any way you like.,41.0,63.49,215.99,24.89,,Reverse Holofoil,"[1P] Psybeam (30) Flip a coin.  If heads, the Defending Pokemon is now Confused.",Px2,,1,
85323,Espeon (Prime),Espeon Prime,https://tcgplayer-cdn.tcgplayer.com/product/85323_200w.jpg,3,1403,https://cpt.tcgcsv.com/t8J,2023-04-10T14:40:10.26,1,81/90,Ultra Rare,Psychic,100,Stage 1,[1P] Solar Ray (30) Remove 1 damage counter from each of your Pokemon.,109.0,129.34,349.99,154.44,,Holofoil,,Px2,,1,Evolution Memories - Espeon can use the attacks of all Pokemon you have in play that evolve from Eevee as its own.  (You still need the necessary Energy to use each attack.)  (Poke-BODY)
85498,Flareon,Flareon,https://tcgplayer-cdn.tcgplayer.com/product/85498_200w.jpg,3,1403,https://cpt.tcgcsv.com/-cJ,2023-04-10T13:56:25.177,1,26/90,Uncommon,Fire,90,Stage 1,[1] Flame Tail (30),6.23,8.99,29.99,8.04,,Normal,[1RR] Flamethrower (90) Discard an Energy attached to Flareon.,Wx2,,1,
85498,Flareon,Flareon,https://tcgplayer-cdn.tcgplayer.com/product/85498_200w.jpg,3,1403,https://cpt.tcgcsv.com/-cJ,2023-04-10T13:56:25.177,1,26/90,Uncommon,Fire,90,Stage 1,[1] Flame Tail (30),15.7,21.01,44.06,31.4,,Reverse Holofoil,[1RR] Flamethrower (90) Discard an Energy attached to Flareon.,Wx2,,1,
85519,Flower Shop Lady,Flower Shop Lady,https://tcgplayer-cdn.tcgplayer.com/product/85519_200w.jpg,3,1403,https://cpt.tcgcsv.com/pdJ,2023-04-10T14:29:16.903,1,74/90,Uncommon,Supporter,0,Supporter,Search your discard pile for 3 Pokemon and 3 basic Energy cards.  Show them to your opponent and shuffle them into your deck.,0.8,1.63,10.15,1.64,,Normal,,,,,"You can play only one Supporter each turn.  When you play this card, put it next to your Active Pokemon.  When your turn ends, discard this card."
85519,Flower Shop Lady,Flower Shop Lady,https://tcgplayer-cdn.tcgplayer.com/product/85519_200w.jpg,3,1403,https://cpt.tcgcsv.com/pdJ,2023-04-10T14:29:16.903,1,74/90,Uncommon,Supporter,0,Supporter,Search your discard pile for 3 Pokemon and 3 basic Energy cards.  Show them to your opponent and shuffle them into your deck.,2.75,5.0,7.99,5.75,,Reverse Holofoil,,,,,"You can play only one Supporter each turn.  When you play this card, put it next to your Active Pokemon.  When your turn ends, discard this card."
85551,Forretress (3),Forretress 3,https://tcgplayer-cdn.tcgplayer.com/product/85551_200w.jpg,3,1403,https://cpt.tcgcsv.com/2fJ,2025-12-11T03:45:25.257,1,3/90,Holo Rare,Metal,90,Stage 1,"[1M] Mirror Shot (30) If the Defending Pokemon tries to attack during your opponent's next turn, your opponent flips a coin.  If tails, that attack does nothing.",1.5,3.29,5.59,3.33,,Holofoil,[2M] Everyone Explode Now (30x) Does 30 damage times the number of Pineco and Forretress you have in play.  This attack does 30 damage to each of your Pineco and Forretress in play.,Rx2,P-20,3,
85551,Forretress (3),Forretress 3,https://tcgplayer-cdn.tcgplayer.com/product/85551_200w.jpg,3,1403,https://cpt.tcgcsv.com/2fJ,2025-12-11T03:45:25.257,1,3/90,Holo Rare,Metal,90,Stage 1,"[1M] Mirror Shot (30) If the Defending Pokemon tries to attack during your opponent's next turn, your opponent flips a coin.  If tails, that attack does nothing.",1.1,1.78,4.99,1.62,1.3,Reverse Holofoil,[2M] Everyone Explode Now (30x) Does 30 damage times the number of Pineco and Forretress you have in play.  This attack does 30 damage to each of your Pineco and Forretress in play.,Rx2,P-20,3,
85552,Forretress (13),Forretress 13,https://tcgplayer-cdn.tcgplayer.com/product/85552_200w.jpg,3,1403,https://cpt.tcgcsv.com/3fJ,2023-04-10T13:53:59.687,1,13/90,Rare,Metal,80,Stage 1,[M] Spread Spike - This attack does 10 damage to each of your opponent's Pokemon.  (Don't apply Weakness and Resistance for Benched Pokemon.),0.38,0.63,2.99,0.67,,Normal,"[1M] Gyro Ball (30) You may switch Forretress with 1 of your Benched Pokemon.  If you do, your opponent switches the Defending Pokemon with 1 of his or her Benched Pokemon.",Rx2,P-20,2,
85552,Forretress (13),Forretress 13,https://tcgplayer-cdn.tcgplayer.com/product/85552_200w.jpg,3,1403,https://cpt.tcgcsv.com/3fJ,2023-04-10T13:53:59.687,1,13/90,Rare,Metal,80,Stage 1,[M] Spread Spike - This attack does 10 damage to each of your opponent's Pokemon.  (Don't apply Weakness and Resistance for Benched Pokemon.),2.13,4.29,18.0,4.82,,Reverse Holofoil,"[1M] Gyro Ball (30) You may switch Forretress with 1 of your Benched Pokemon.  If you do, your opponent switches the Defending Pokemon with 1 of his or her Benched Pokemon.",Rx2,P-20,2,
85768,Gligar,Gligar,https://tcgplayer-cdn.tcgplayer.com/product/85768_200w.jpg,3,1403,https://cpt.tcgcsv.com/nkJ,2023-04-10T14:00:05.463,1,49/90,Common,Fighting,70,Basic,"[1F] Stun Poison (20) Flip a coin.  If heads, the Defending Pokemon is now Paralyzed and Poisoned.",0.11,0.31,2.53,0.34,0.23,Normal,,Wx2,L-20,1,
85768,Gligar,Gligar,https://tcgplayer-cdn.tcgplayer.com/product/85768_200w.jpg,3,1403,https://cpt.tcgcsv.com/nkJ,2023-04-10T14:00:05.463,1,49/90,Common,Fighting,70,Basic,"[1F] Stun Poison (20) Flip a coin.  If heads, the Defending Pokemon is now Paralyzed and Poisoned.",0.75,2.19,3.53,1.25,,Reverse Holofoil,,Wx2,L-20,1,
85774,Gliscor,Gliscor,https://tcgplayer-cdn.tcgplayer.com/product/85774_200w.jpg,3,1403,https://cpt.tcgcsv.com/vkJ,2025-12-11T03:46:19.557,1,4/90,Holo Rare,Fighting,90,Stage 1,"[F] Ninja Fang (30) If, before Gliscor does damage, the Defending Pokemon has no damage counters on it and is then damaged by this attack (after applying Weakness and Resistance), the Defending Pokemon is now Paralyzed.",3.29,5.99,10.99,5.87,,Holofoil,[2F] Poison Jab (50) The Defending Pokemon is now Poisoned.,Wx2,L-20,1,
85774,Gliscor,Gliscor,https://tcgplayer-cdn.tcgplayer.com/product/85774_200w.jpg,3,1403,https://cpt.tcgcsv.com/vkJ,2025-12-11T03:46:19.557,1,4/90,Holo Rare,Fighting,90,Stage 1,"[F] Ninja Fang (30) If, before Gliscor does damage, the Defending Pokemon has no damage counters on it and is then damaged by this attack (after applying Weakness and Resistance), the Defending Pokemon is now Paralyzed.",5.69,7.34,8.99,6.75,,Reverse Holofoil,[2F] Poison Jab (50) The Defending Pokemon is now Poisoned.,Wx2,L-20,1,
85786,Gloom,Gloom,https://tcgplayer-cdn.tcgplayer.com/product/85786_200w.jpg,3,1403,https://cpt.tcgcsv.com/LkJ,2023-04-30T13:46:29.227,1,27/90,Uncommon,Grass,80,Stage 1,"[1G] Miracle Powder (30) Flip a coin.  If heads, choose 1 Special Condition.  The Defending Pokemon is now affected by that Special Condition.",0.1,0.46,3.24,0.91,,Normal,,Px2,,1,
85786,Gloom,Gloom,https://tcgplayer-cdn.tcgplayer.com/product/85786_200w.jpg,3,1403,https://cpt.tcgcsv.com/LkJ,2023-04-30T13:46:29.227,1,27/90,Uncommon,Grass,80,Stage 1,"[1G] Miracle Powder (30) Flip a coin.  If heads, choose 1 Special Condition.  The Defending Pokemon is now affected by that Special Condition.",1.43,2.0,4321.0,2.22,,Reverse Holofoil,,Px2,,1,
85913,Grimer,Grimer,https://tcgplayer-cdn.tcgplayer.com/product/85913_200w.jpg,3,1403,https://cpt.tcgcsv.com/hnJ,2025-11-11T05:10:29.18,1,50/90,Common,Psychic,60,Basic,"[P] Sticky Liquid - During your opponent's next turn, the Defending Pokemon's Retreat Cost is 1 more.",0.04,0.3,3.5,0.31,0.29,Normal,[2] Sludge Toss (20),Px2,,2,
85913,Grimer,Grimer,https://tcgplayer-cdn.tcgplayer.com/product/85913_200w.jpg,3,1403,https://cpt.tcgcsv.com/hnJ,2025-11-11T05:10:29.18,1,50/90,Common,Psychic,60,Basic,"[P] Sticky Liquid - During your opponent's next turn, the Defending Pokemon's Retreat Cost is 1 more.",5.0,6.0,10.06,3.67,,Reverse Holofoil,[2] Sludge Toss (20),Px2,,2,
86016,Hariyama,Hariyama,https://tcgplayer-cdn.tcgplayer.com/product/86016_200w.jpg,3,1403,https://cpt.tcgcsv.com/lqJ,2023-04-10T13:54:08.087,1,14/90,Rare,Fighting,100,Stage 1,[2F] Hammer In (60),4.75,5.0,5.0,1.95,,Normal,"[2FF] Backward Belt Throw (80+) You may do 80 damage plus 20 more damage.  If you do, Hariyama does 20 damage to itself.",Px2,,3,
86016,Hariyama,Hariyama,https://tcgplayer-cdn.tcgplayer.com/product/86016_200w.jpg,3,1403,https://cpt.tcgcsv.com/lqJ,2023-04-10T13:54:08.087,1,14/90,Rare,Fighting,100,Stage 1,[2F] Hammer In (60),6.29,25.0,25.0,9.8,,Reverse Holofoil,"[2FF] Backward Belt Throw (80+) You may do 80 damage plus 20 more damage.  If you do, Hariyama does 20 damage to itself.",Px2,,3,
86095,Hitmonchan,Hitmonchan,https://tcgplayer-cdn.tcgplayer.com/product/86095_200w.jpg,3,1403,https://cpt.tcgcsv.com/WrJ,2025-11-11T05:09:38.963,1,51/90,Common,Fighting,70,Basic,"[1] Detect - Flip a coin.  If heads, prevent all effects of an attack, including damage, done to Hitmonchan during your opponent's next turn.",0.15,0.4,1.08,0.38,0.4,Normal,[1F] Sky Uppercut (30) This attack's damage isn't affected by Resistance.,Px2,,1,
86095,Hitmonchan,Hitmonchan,https://tcgplayer-cdn.tcgplayer.com/product/86095_200w.jpg,3,1403,https://cpt.tcgcsv.com/WrJ,2025-11-11T05:09:38.963,1,51/90,Common,Fighting,70,Basic,"[1] Detect - Flip a coin.  If heads, prevent all effects of an attack, including damage, done to Hitmonchan during your opponent's next turn.",0.93,1.04,2.99,1.31,,Reverse Holofoil,[1F] Sky Uppercut (30) This attack's damage isn't affected by Resistance.,Px2,,1,
86107,Hitmonlee,Hitmonlee,https://tcgplayer-cdn.tcgplayer.com/product/86107_200w.jpg,3,1403,https://cpt.tcgcsv.com/9sJ,2025-11-11T05:08:32.16,1,52/90,Common,Fighting,80,Basic,[F] Kick (20),0.2,0.39,1.5,0.48,0.33,Normal,[1FF] High Jump Kick (60),Px2,,2,
86107,Hitmonlee,Hitmonlee,https://tcgplayer-cdn.tcgplayer.com/product/86107_200w.jpg,3,1403,https://cpt.tcgcsv.com/9sJ,2025-11-11T05:08:32.16,1,52/90,Common,Fighting,80,Basic,[F] Kick (20),2.0,3.15,11.99,7.87,1.02,Reverse Holofoil,[1FF] High Jump Kick (60),Px2,,2,
86161,Honchkrow (15),Honchkrow 15,https://tcgplayer-cdn.tcgplayer.com/product/86161_200w.jpg,3,1403,https://cpt.tcgcsv.com/ftJ,2023-04-10T13:54:18.687,1,15/90,Rare,Darkness,90,Stage 1,[2] Whirlwind (20) Your opponent switches the Defending Pokemon with 1 of his or her Benched Pokemon.,0.5,0.74,3.43,0.88,,Normal,[DD] Blindside - Choose 1 of your opponent's Pokemon that has any damage counters on it.  This attack does 50 damage to that Pokemon.  (Don't apply Weakness and Resistance for Benched Pokemon.),Lx2,F-20,2,
86161,Honchkrow (15),Honchkrow 15,https://tcgplayer-cdn.tcgplayer.com/product/86161_200w.jpg,3,1403,https://cpt.tcgcsv.com/ftJ,2023-04-10T13:54:18.687,1,15/90,Rare,Darkness,90,Stage 1,[2] Whirlwind (20) Your opponent switches the Defending Pokemon with 1 of his or her Benched Pokemon.,0.9,3.07,8.8,4.42,,Reverse Holofoil,[DD] Blindside - Choose 1 of your opponent's Pokemon that has any damage counters on it.  This attack does 50 damage to that Pokemon.  (Don't apply Weakness and Resistance for Benched Pokemon.),Lx2,F-20,2,
86162,Honchkrow (16),Honchkrow 16,https://tcgplayer-cdn.tcgplayer.com/product/86162_200w.jpg,3,1403,https://cpt.tcgcsv.com/gtJ,2023-09-18T16:59:10.403,1,16/90,Rare,Darkness,90,Stage 1,[1D] Shadow Bind (30) The Defending Pokemon can't retreat during your opponent's next turn.,0.25,0.43,9.09,0.46,,Normal,[2D] Vengeance (10+) Does 10 damage plus 10 more damage for each D Pokemon in your discard pile.,Lx2,F-20,2,
86162,Honchkrow (16),Honchkrow 16,https://tcgplayer-cdn.tcgplayer.com/product/86162_200w.jpg,3,1403,https://cpt.tcgcsv.com/gtJ,2023-09-18T16:59:10.403,1,16/90,Rare,Darkness,90,Stage 1,[1D] Shadow Bind (30) The Defending Pokemon can't retreat during your opponent's next turn.,0.99,1.66,3.0,2.84,,Reverse Holofoil,[2D] Vengeance (10+) Does 10 damage plus 10 more damage for each D Pokemon in your discard pile.,Lx2,F-20,2,
86209,Houndoom,Houndoom,https://tcgplayer-cdn.tcgplayer.com/product/86209_200w.jpg,3,1403,https://cpt.tcgcsv.com/cvJ,2025-12-11T03:47:40.85,1,5/90,Holo Rare,Darkness,90,Stage 1,"[D] Fire Counterattack (20+) If your opponent has any F Pokemon in play, this attack does 20 damage plus 60 more damage.",20.95,39.99,59.99,14.74,,Holofoil,[DD] Dark Roar (50) Your opponent discards a card from his or her hand.,Fx2,P-20,1,
86209,Houndoom,Houndoom,https://tcgplayer-cdn.tcgplayer.com/product/86209_200w.jpg,3,1403,https://cpt.tcgcsv.com/cvJ,2025-12-11T03:47:40.85,1,5/90,Holo Rare,Darkness,90,Stage 1,"[D] Fire Counterattack (20+) If your opponent has any F Pokemon in play, this attack does 20 damage plus 60 more damage.",27.99,31.49,34.99,39.75,,Reverse Holofoil,[DD] Dark Roar (50) Your opponent discards a card from his or her hand.,Fx2,P-20,1,
86210,Houndoom (Prime),Houndoom Prime,https://tcgplayer-cdn.tcgplayer.com/product/86210_200w.jpg,3,1403,https://cpt.tcgcsv.com/dvJ,2023-04-10T14:40:18.61,1,82/90,Ultra Rare,Darkness,110,Stage 1,[1DD] Dark Clamp (70) The Defending Pokemon can't retreat during your opponent's next turn.,95.99,127.49,300.0,151.96,,Holofoil,,Fx2,P-20,1,"Fire Breath - Once during your turn (before you attack), you may flip a coin.  If heads, the Defending Pokemon is now Burned.  This power can't be used if Houndoom is affected by a Special Condition.  (Poke-POWER)"
86230,Houndour (53),Houndour 53,https://tcgplayer-cdn.tcgplayer.com/product/86230_200w.jpg,3,1403,https://cpt.tcgcsv.com/DvJ,2023-05-31T10:54:16.187,1,53/90,Common,Darkness,50,Basic,[1D] Sharp Fang (30),0.2,0.41,2.21,0.52,,Normal,,Fx2,P-20,1,
86230,Houndour (53),Houndour 53,https://tcgplayer-cdn.tcgplayer.com/product/86230_200w.jpg,3,1403,https://cpt.tcgcsv.com/DvJ,2023-05-31T10:54:16.187,1,53/90,Common,Darkness,50,Basic,[1D] Sharp Fang (30),0.85,4.03,12.99,4.9,,Reverse Holofoil,,Fx2,P-20,1,
86231,Houndour (54),Houndour 54,https://tcgplayer-cdn.tcgplayer.com/product/86231_200w.jpg,3,1403,https://cpt.tcgcsv.com/FvJ,2023-04-10T14:27:07.803,1,54/90,Common,Darkness,50,Basic,"[D] Jump On (10+) Flip a coin.  If heads, this attack does 10 damage plus 10 more damage.",0.1,0.35,1.49,0.46,0.25,Normal,,Fx2,P-20,1,
86231,Houndour (54),Houndour 54,https://tcgplayer-cdn.tcgplayer.com/product/86231_200w.jpg,3,1403,https://cpt.tcgcsv.com/FvJ,2023-04-10T14:27:07.803,1,54/90,Common,Darkness,50,Basic,"[D] Jump On (10+) Flip a coin.  If heads, this attack does 10 damage plus 10 more damage.",0.95,1.78,2.25,1.39,,Reverse Holofoil,,Fx2,P-20,1,
86345,Jolteon,Jolteon,https://tcgplayer-cdn.tcgplayer.com/product/86345_200w.jpg,3,1403,https://cpt.tcgcsv.com/WxJ,2023-04-10T13:56:45.22,1,28/90,Uncommon,Lightning,80,Stage 1,"[1] Agility (20) Flip a coin.  If heads, prevent all effects of an attack, including damage, done to Jolteon  during your opponent's next turn.",2.0,3.39,7.25,4.37,,Normal,[1LL] Mach Bolt (70),Fx2,M-20,0,
86345,Jolteon,Jolteon,https://tcgplayer-cdn.tcgplayer.com/product/86345_200w.jpg,3,1403,https://cpt.tcgcsv.com/WxJ,2023-04-10T13:56:45.22,1,28/90,Uncommon,Lightning,80,Stage 1,"[1] Agility (20) Flip a coin.  If heads, prevent all effects of an attack, including damage, done to Jolteon  during your opponent's next turn.",24.99,35.0,42.98,28.58,,Reverse Holofoil,[1LL] Mach Bolt (70),Fx2,M-20,0,
86553,Kyogre & Groudon Legend (Bottom),Kyogre and Groudon Legend Bottom,https://tcgplayer-cdn.tcgplayer.com/product/86553_200w.jpg,3,1403,https://cpt.tcgcsv.com/5FJ,2024-04-18T20:15:29.657,1,88/90,Ultra Rare,Fighting Water,150,Legend,[2WW] Mega Tidal Wave - Discard the top 5 cards from your opponent's deck.  This attack does 30 damage times the number of Energy cards you discarded to each of your opponent's Benched Pokemon.  (Don't apply Weakness and Resistance for Benched Pokemon.),196.22,517.99,799.99,127.55,,Holofoil,[2FF] Massive Eruption (100x) Discard the top 5 cards from your deck.  This attack does 100 damage times the number of Energy cards you discarded.,GLx2,,3,
86554,Kyogre & Groudon Legend (Top),Kyogre and Groudon Legend Top,https://tcgplayer-cdn.tcgplayer.com/product/86554_200w.jpg,3,1403,https://cpt.tcgcsv.com/6FJ,2024-04-18T20:15:14.18,1,87/90,Ultra Rare,Fighting Water,150,Legend,[2WW] Mega Tidal Wave - Discard the top 5 cards from your opponent's deck.  This attack does 30 damage times the number of Energy cards you discarded to each of your opponent's Benched Pokemon.  (Don't apply Weakness and Resistance for Benched Pokemon.),93.08,121.63,160.39,80.0,,Holofoil,[2FF] Massive Eruption (100x) Discard the top 5 cards from your deck.  This attack does 100 damage times the number of Energy cards you discarded.,GLx2,,3,
86582,Lairon,Lairon,https://tcgplayer-cdn.tcgplayer.com/product/86582_200w.jpg,3,1403,https://cpt.tcgcsv.com/GFJ,2026-02-25T18:40:18.33,1,29/90,Uncommon,Metal,90,Stage 1,"[M] Scrap Attack (20) Flip a coin.  If heads, search your discard pile for a M Energy card and attach it to Lairon.",0.1,0.4,1.59,0.52,0.49,Normal,[1MM] Tackle (60),Rx2,P-20,3,
86582,Lairon,Lairon,https://tcgplayer-cdn.tcgplayer.com/product/86582_200w.jpg,3,1403,https://cpt.tcgcsv.com/GFJ,2026-02-25T18:40:18.33,1,29/90,Uncommon,Metal,90,Stage 1,"[M] Scrap Attack (20) Flip a coin.  If heads, search your discard pile for a M Energy card and attach it to Lairon.",0.4,0.75,5.0,0.9,1.99,Reverse Holofoil,[1MM] Tackle (60),Rx2,P-20,3,
86680,Leafeon,Leafeon,https://tcgplayer-cdn.tcgplayer.com/product/86680_200w.jpg,3,1403,https://cpt.tcgcsv.com/DHJ,2024-06-07T15:28:38.987,1,17/90,Rare,Grass,90,Stage 1,[1] Miasma Wind (50x) Does 50 damage times the number of Special Conditions affecting the Defending Pokemon.,5.0,7.19,11.54,7.05,,Normal,[G] Soothing Scent (30) The Defending Pokemon is now Asleep.,Rx2,W-20,1,
86680,Leafeon,Leafeon,https://tcgplayer-cdn.tcgplayer.com/product/86680_200w.jpg,3,1403,https://cpt.tcgcsv.com/DHJ,2024-06-07T15:28:38.987,1,17/90,Rare,Grass,90,Stage 1,[1] Miasma Wind (50x) Does 50 damage times the number of Special Conditions affecting the Defending Pokemon.,8.0,12.99,29.99,17.99,29.99,Reverse Holofoil,[G] Soothing Scent (30) The Defending Pokemon is now Asleep.,Rx2,W-20,1,
86709,Legend Box,Legend Box,https://tcgplayer-cdn.tcgplayer.com/product/86709_200w.jpg,3,1403,https://cpt.tcgcsv.com/cJJ,2023-04-10T14:31:18.91,1,75/90,Uncommon,Trainer,0,Trainer,"Reveal the top 10 cards of your deck.  If you reveal both halves of a Pokemon LEGEND, put those cards onto your Bench and attach all revealed Energy cards to that Pokemon LEGEND.  Shuffle the other cards back into your deck.  (You can play only 1 Pokemon LEGEND in this way.)",0.1,0.31,1.55,0.31,,Normal,,,,,
86709,Legend Box,Legend Box,https://tcgplayer-cdn.tcgplayer.com/product/86709_200w.jpg,3,1403,https://cpt.tcgcsv.com/cJJ,2023-04-10T14:31:18.91,1,75/90,Uncommon,Trainer,0,Trainer,"Reveal the top 10 cards of your deck.  If you reveal both halves of a Pokemon LEGEND, put those cards onto your Bench and attach all revealed Energy cards to that Pokemon LEGEND.  Shuffle the other cards back into your deck.  (You can play only 1 Pokemon LEGEND in this way.)",0.66,1.1,6.29,1.06,,Reverse Holofoil,,,,,
87017,Magcargo,Magcargo,https://tcgplayer-cdn.tcgplayer.com/product/87017_200w.jpg,3,1403,https://cpt.tcgcsv.com/mQJ,2023-12-12T19:12:44.48,1,6/90,Holo Rare,Fire,100,Stage 1,[1R] Searing Flame (20) The Defending Pokemon is now Burned.,9.0,35.0,41.95,16.71,,Holofoil,"[1RR] Lava Flow (60+) You may discard any number of R Energy cards attached to Magcargo.  If you do, this attack does 60 damage plus 20 more damage for each R Energy card you discarded.",Wx2,,3,
87017,Magcargo,Magcargo,https://tcgplayer-cdn.tcgplayer.com/product/87017_200w.jpg,3,1403,https://cpt.tcgcsv.com/mQJ,2023-12-12T19:12:44.48,1,6/90,Holo Rare,Fire,100,Stage 1,[1R] Searing Flame (20) The Defending Pokemon is now Burned.,25.0,31.0,34.99,6.42,,Reverse Holofoil,"[1RR] Lava Flow (60+) You may discard any number of R Energy cards attached to Magcargo.  If you do, this attack does 60 damage plus 20 more damage for each R Energy card you discarded.",Wx2,,3,
87133,Makuhita,Makuhita,https://tcgplayer-cdn.tcgplayer.com/product/87133_200w.jpg,3,1403,https://cpt.tcgcsv.com/HSJ,2023-04-10T14:27:15.367,1,55/90,Common,Fighting,70,Basic,[1F] Slap Down (20+) Flip 2 coins.  This attack does 20 damage plus 10 more damage for each heads.,0.4,0.63,1.0,0.66,,Normal,[2F] Slap Push (40),Px2,,2,
87133,Makuhita,Makuhita,https://tcgplayer-cdn.tcgplayer.com/product/87133_200w.jpg,3,1403,https://cpt.tcgcsv.com/HSJ,2023-04-10T14:27:15.367,1,55/90,Common,Fighting,70,Basic,[1F] Slap Down (20+) Flip 2 coins.  This attack does 20 damage plus 10 more damage for each heads.,39.99,2180.5,4321.0,10.0,,Reverse Holofoil,[2F] Slap Push (40),Px2,,2,
87263,Mawile,Mawile,https://tcgplayer-cdn.tcgplayer.com/product/87263_200w.jpg,3,1403,https://cpt.tcgcsv.com/hWJ,2025-02-05T21:13:14.313,1,56/90,Common,Metal,60,Basic,"[1] Selfish Draw - Look at the top card of your deck.  You may put it in your hand.  If not, discard it and draw a card.",0.11,0.33,2.33,0.36,,Normal,"[2M] Destructive Jaw (30) Flip a coin.  If heads, the Defending Pokemon is now Paralyzed and discard an Energy card attached to the Defending Pokemon.",Rx2,P-20,1,
87263,Mawile,Mawile,https://tcgplayer-cdn.tcgplayer.com/product/87263_200w.jpg,3,1403,https://cpt.tcgcsv.com/hWJ,2025-02-05T21:13:14.313,1,56/90,Common,Metal,60,Basic,"[1] Selfish Draw - Look at the top card of your deck.  You may put it in your hand.  If not, discard it and draw a card.",1.69,4.99,15.0,7.04,1.03,Reverse Holofoil,"[2M] Destructive Jaw (30) Flip a coin.  If heads, the Defending Pokemon is now Paralyzed and discard an Energy card attached to the Defending Pokemon.",Rx2,P-20,1,
87341,Metagross,Metagross,https://tcgplayer-cdn.tcgplayer.com/product/87341_200w.jpg,3,1403,https://cpt.tcgcsv.com/RXJ,2023-04-10T13:54:48.053,1,18/90,Rare,Metal,130,Stage 2,[1MM] Strength (70),0.25,1.26,4.85,2.08,,Normal,[2MM] Quad Smash (50x) Flip 4 coins.  This attack does 50 damage times the number of heads.,Rx2,P-20,4,
87341,Metagross,Metagross,https://tcgplayer-cdn.tcgplayer.com/product/87341_200w.jpg,3,1403,https://cpt.tcgcsv.com/RXJ,2023-04-10T13:54:48.053,1,18/90,Rare,Metal,130,Stage 2,[1MM] Strength (70),9.95,14.97,19.99,8.49,,Reverse Holofoil,[2MM] Quad Smash (50x) Flip 4 coins.  This attack does 50 damage times the number of heads.,Rx2,P-20,4,
87366,Metal Energy (Special),Metal Energy Special,https://tcgplayer-cdn.tcgplayer.com/product/87366_200w.jpg,3,1403,https://cpt.tcgcsv.com/lZJ,2025-11-11T05:17:51.343,1,80/90,Uncommon,Special Metal Energy,,,,0.25,0.5,1.85,0.57,0.75,Normal,,,,,Damage done by attacks to the Pokemon that Metal Energy is attached to is reduced by 10 (after applying Weakness and Resistance).  Ignore this effect if the Pokemon that Metal Energy is attached to isn't M.  Metal Energy provides M Energy.  (Doesn't count as a basic Energy card.)
87366,Metal Energy (Special),Metal Energy Special,https://tcgplayer-cdn.tcgplayer.com/product/87366_200w.jpg,3,1403,https://cpt.tcgcsv.com/lZJ,2025-11-11T05:17:51.343,1,80/90,Uncommon,Special Metal Energy,,,,0.5,2.42,181.48,3.18,,Reverse Holofoil,,,,,Damage done by attacks to the Pokemon that Metal Energy is attached to is reduced by 10 (after applying Weakness and Resistance).  Ignore this effect if the Pokemon that Metal Energy is attached to isn't M.  Metal Energy provides M Energy.  (Doesn't count as a basic Energy card.)
87382,Metang,Metang,https://tcgplayer-cdn.tcgplayer.com/product/87382_200w.jpg,3,1403,https://cpt.tcgcsv.com/GZJ,2025-01-11T09:53:45.517,1,30/90,Uncommon,Metal,80,Stage 1,[1M] Hammer In (30),0.15,0.3,1.49,0.3,,Normal,[2M] Double Smash (50x) Flip 2 coins.  This attack does 50 damage times the number of heads.,Rx2,P-20,2,
87382,Metang,Metang,https://tcgplayer-cdn.tcgplayer.com/product/87382_200w.jpg,3,1403,https://cpt.tcgcsv.com/GZJ,2025-01-11T09:53:45.517,1,30/90,Uncommon,Metal,80,Stage 1,[1M] Hammer In (30),0.48,0.6,5.0,0.69,,Reverse Holofoil,[2M] Double Smash (50x) Flip 2 coins.  This attack does 50 damage times the number of heads.,Rx2,P-20,2,
87511,Misdreavus,Misdreavus,https://tcgplayer-cdn.tcgplayer.com/product/87511_200w.jpg,3,1403,https://cpt.tcgcsv.com/f0K,2025-02-05T21:13:14.353,1,57/90,Common,Psychic,60,Basic,[1] Mumble (10),0.05,0.29,2.44,0.33,,Normal,[P] Dual Draw - Each player draws 3 cards.,Dx2,C-20,1,
87511,Misdreavus,Misdreavus,https://tcgplayer-cdn.tcgplayer.com/product/87511_200w.jpg,3,1403,https://cpt.tcgcsv.com/f0K,2025-02-05T21:13:14.353,1,57/90,Common,Psychic,60,Basic,[1] Mumble (10),0.57,0.6,1.9,0.94,,Reverse Holofoil,[P] Dual Draw - Each player draws 3 cards.,Dx2,C-20,1,
87518,Mismagius,Mismagius,https://tcgplayer-cdn.tcgplayer.com/product/87518_200w.jpg,3,1403,https://cpt.tcgcsv.com/n0K,2023-04-10T13:54:55.687,1,19/90,Rare,Psychic,80,Stage 1,"[P] Sleeping Spell (30) Flip a coin.  If heads, the Defending Pokemon is now Asleep.",0.34,0.7,2.25,1.03,,Normal,"[1P] Poltergeist (30x) Look at your opponent's hand.  This attack does 30 damage times the number of Trainer, Supporter, or Stadium cards in your opponent's hand.",Dx2,C-20,1,
87518,Mismagius,Mismagius,https://tcgplayer-cdn.tcgplayer.com/product/87518_200w.jpg,3,1403,https://cpt.tcgcsv.com/n0K,2023-04-10T13:54:55.687,1,19/90,Rare,Psychic,80,Stage 1,"[P] Sleeping Spell (30) Flip a coin.  If heads, the Defending Pokemon is now Asleep.",2.5,6.31,25.0,3.43,,Reverse Holofoil,"[1P] Poltergeist (30x) Look at your opponent's hand.  This attack does 30 damage times the number of Trainer, Supporter, or Stadium cards in your opponent's hand.",Dx2,C-20,1,
87625,Muk,Muk,https://tcgplayer-cdn.tcgplayer.com/product/87625_200w.jpg,3,1403,https://cpt.tcgcsv.com/w3K,2026-03-09T14:36:30.667,1,31/90,Uncommon,Psychic,100,Stage 1,[P] Sludge Drag - Switch the Defending Pokemon with 1 of your opponent's Benched Pokemon.  The new Defending Pokemon is now Confused and Poisoned.,0.2,0.44,2.11,0.49,1.21,Normal,"[2P] Pester (50+) If the Defending Pokemon is affected by a Special Condition, this attack does 50 damage plus 30 more damage.",Px2,,3,
87625,Muk,Muk,https://tcgplayer-cdn.tcgplayer.com/product/87625_200w.jpg,3,1403,https://cpt.tcgcsv.com/w3K,2026-03-09T14:36:30.667,1,31/90,Uncommon,Psychic,100,Stage 1,[P] Sludge Drag - Switch the Defending Pokemon with 1 of your opponent's Benched Pokemon.  The new Defending Pokemon is now Confused and Poisoned.,2.12,3.41,9.98,2.17,,Reverse Holofoil,"[2P] Pester (50+) If the Defending Pokemon is affected by a Special Condition, this attack does 50 damage plus 30 more damage.",Px2,,3,
87655,Murkrow (58),Murkrow 58,https://tcgplayer-cdn.tcgplayer.com/product/87655_200w.jpg,3,1403,https://cpt.tcgcsv.com/75K,2025-11-21T18:27:04.58,1,58/90,Common,Darkness,60,Basic,"[D] Astonish (10) Flip a coin.  If heads, choose 1 card from your opponent's hand without looking.  Look at that card you chose, then have your opponent shuffle that card into his or her deck.",0.15,0.3,1.79,0.37,,Normal,,Lx2,F-20,1,
87655,Murkrow (58),Murkrow 58,https://tcgplayer-cdn.tcgplayer.com/product/87655_200w.jpg,3,1403,https://cpt.tcgcsv.com/75K,2025-11-21T18:27:04.58,1,58/90,Common,Darkness,60,Basic,"[D] Astonish (10) Flip a coin.  If heads, choose 1 card from your opponent's hand without looking.  Look at that card you chose, then have your opponent shuffle that card into his or her deck.",2.99,3.51,4.39,10.0,4.39,Reverse Holofoil,,Lx2,F-20,1,
87656,Murkrow (59),Murkrow 59,https://tcgplayer-cdn.tcgplayer.com/product/87656_200w.jpg,3,1403,https://cpt.tcgcsv.com/85K,2023-04-10T14:27:41.4,1,59/90,Common,Darkness,70,Basic,[1] Glide (10),0.18,0.36,1.49,0.38,,Normal,[2D] Dark Cutter (30),Lx2,F-20,1,
87656,Murkrow (59),Murkrow 59,https://tcgplayer-cdn.tcgplayer.com/product/87656_200w.jpg,3,1403,https://cpt.tcgcsv.com/85K,2023-04-10T14:27:41.4,1,59/90,Common,Darkness,70,Basic,[1] Glide (10),0.68,1.99,96.95,2.85,,Reverse Holofoil,[2D] Dark Cutter (30),Lx2,F-20,1,
87845,Oddish,Oddish,https://tcgplayer-cdn.tcgplayer.com/product/87845_200w.jpg,3,1403,https://cpt.tcgcsv.com/W8K,2025-11-11T05:18:54.06,1,60/90,Common,Grass,40,Basic,[1] Ram (10),0.17,0.4,5.0,0.66,0.96,Normal,"[G] Find a Friend - Flip a coin.  If heads, search your deck for a G Pokemon, show it to your opponent, and put it into your hand.  Shuffle your deck afterward.",Px2,,1,
87845,Oddish,Oddish,https://tcgplayer-cdn.tcgplayer.com/product/87845_200w.jpg,3,1403,https://cpt.tcgcsv.com/W8K,2025-11-11T05:18:54.06,1,60/90,Common,Grass,40,Basic,[1] Ram (10),0.8,2.59,5.78,5.67,,Reverse Holofoil,"[G] Find a Friend - Flip a coin.  If heads, search your deck for a G Pokemon, show it to your opponent, and put it into your hand.  Shuffle your deck afterward.",Px2,,1,
88097,Pikachu,Pikachu,https://tcgplayer-cdn.tcgplayer.com/product/88097_200w.jpg,3,1403,https://cpt.tcgcsv.com/ZfK,2025-11-11T05:19:47.34,1,61/90,Common,Lightning,50,Basic,[1] Slam (10x) Flip 2 coins.  This attack does 10 damage times the number of heads.,4.44,7.76,17.95,7.51,,Normal,,Fx2,M-20,1,
88097,Pikachu,Pikachu,https://tcgplayer-cdn.tcgplayer.com/product/88097_200w.jpg,3,1403,https://cpt.tcgcsv.com/ZfK,2025-11-11T05:19:47.34,1,61/90,Common,Lightning,50,Basic,[1] Slam (10x) Flip 2 coins.  This attack does 10 damage times the number of heads.,45.05,69.99,86.35,58.7,,Reverse Holofoil,,Fx2,M-20,1,
88129,Pineco (62),Pineco 62,https://tcgplayer-cdn.tcgplayer.com/product/88129_200w.jpg,3,1403,https://cpt.tcgcsv.com/CgK,2023-04-10T14:27:59.937,1,62/90,Common,Grass,60,Basic,[1] Rollout (10),0.07,0.25,5.0,0.29,0.24,Normal,,Rx2,,2,
88129,Pineco (62),Pineco 62,https://tcgplayer-cdn.tcgplayer.com/product/88129_200w.jpg,3,1403,https://cpt.tcgcsv.com/CgK,2023-04-10T14:27:59.937,1,62/90,Common,Grass,60,Basic,[1] Rollout (10),0.32,0.77,1.47,0.96,,Reverse Holofoil,,Rx2,,2,
88130,Pineco (63),Pineco 63,https://tcgplayer-cdn.tcgplayer.com/product/88130_200w.jpg,3,1403,https://cpt.tcgcsv.com/DgK,2023-04-10T14:28:05.64,1,63/90,Common,Grass,60,Basic,"[1] Focus Energy - During your next turn, Pineco's Surprise Attack attack's base damage is 80.",0.1,0.26,7.49,0.28,,Normal,"[1G] Surprise Attack (40) Flip a coin.  If tails, this attack does nothing.",Rx2,,2,
88130,Pineco (63),Pineco 63,https://tcgplayer-cdn.tcgplayer.com/product/88130_200w.jpg,3,1403,https://cpt.tcgcsv.com/DgK,2023-04-10T14:28:05.64,1,63/90,Common,Grass,60,Basic,"[1] Focus Energy - During your next turn, Pineco's Surprise Attack attack's base damage is 80.",0.47,0.75,1.49,1.05,0.5,Reverse Holofoil,"[1G] Surprise Attack (40) Flip a coin.  If tails, this attack does nothing.",Rx2,,2,
88139,Pinsir,Pinsir,https://tcgplayer-cdn.tcgplayer.com/product/88139_200w.jpg,3,1403,https://cpt.tcgcsv.com/PgK,2025-11-11T05:16:44.987,1,32/90,Uncommon,Grass,70,Basic,"[G] Charging Horn (10+) Flip a coin.  If heads, this attack does 10 damage plus 20 more damage.",0.2,0.42,1.49,0.51,0.7,Normal,[1GG] Guillotine (60),Rx2,,1,
88139,Pinsir,Pinsir,https://tcgplayer-cdn.tcgplayer.com/product/88139_200w.jpg,3,1403,https://cpt.tcgcsv.com/PgK,2025-11-11T05:16:44.987,1,32/90,Uncommon,Grass,70,Basic,"[G] Charging Horn (10+) Flip a coin.  If heads, this attack does 10 damage plus 20 more damage.",1.0,1.75,2.49,2.16,,Reverse Holofoil,[1GG] Guillotine (60),Rx2,,1,
88518,Raichu,Raichu,https://tcgplayer-cdn.tcgplayer.com/product/88518_200w.jpg,3,1403,https://cpt.tcgcsv.com/nqK,2023-04-10T13:58:29.127,1,33/90,Uncommon,Lightning,80,Stage 1,[1] Pain-full Punch (30),1.6,1.76,5.0,2.04,,Normal,[1L] Spark (40) Does 20 damage to 1 of your opponent's Benched Pokemon.  (Don't apply Weakness and Resistance for Benched Pokemon.),Fx2,M-20,0,
88518,Raichu,Raichu,https://tcgplayer-cdn.tcgplayer.com/product/88518_200w.jpg,3,1403,https://cpt.tcgcsv.com/nqK,2023-04-10T13:58:29.127,1,33/90,Uncommon,Lightning,80,Stage 1,[1] Pain-full Punch (30),15.0,40.0,49.99,22.75,,Reverse Holofoil,[1L] Spark (40) Does 20 damage to 1 of your opponent's Benched Pokemon.  (Don't apply Weakness and Resistance for Benched Pokemon.),Fx2,M-20,0,
88519,Raichu (Prime),Raichu Prime,https://tcgplayer-cdn.tcgplayer.com/product/88519_200w.jpg,3,1403,https://cpt.tcgcsv.com/pqK,2025-12-11T03:55:08.66,1,83/90,Ultra Rare,Lightning,100,Stage 1,[1LL] Mega Thunderbolt (120) Discard all Energy attached to Raichu.,79.95,87.07,149.99,83.8,149.99,Holofoil,,Fx2,M-20,1,"Voltage Increase - As often as you like during your turn (before your attack), you may move a L Energy attached to 1 of your Pokemon to Raichu.  This power can't be used if Raichu is affected by a Special Condition.  (Poke-POWER)"
88606,Raticate,Raticate,https://tcgplayer-cdn.tcgplayer.com/product/88606_200w.jpg,3,1403,https://cpt.tcgcsv.com/8sK,2025-02-05T21:13:14.42,1,34/90,Uncommon,Colorless,80,Stage 1,[1] Razor-Sharp Incisors (10x) Does 10 damage times the number of damage counters on the Defending Pokemon.,0.15,0.39,1.99,0.44,,Normal,[1] Gnaw Up (30) Discard a Special Energy card attached to the Defending Pokemon.,Fx2,,0,
88606,Raticate,Raticate,https://tcgplayer-cdn.tcgplayer.com/product/88606_200w.jpg,3,1403,https://cpt.tcgcsv.com/8sK,2025-02-05T21:13:14.42,1,34/90,Uncommon,Colorless,80,Stage 1,[1] Razor-Sharp Incisors (10x) Does 10 damage times the number of damage counters on the Defending Pokemon.,2.5,15.0,19.99,13.53,,Reverse Holofoil,[1] Gnaw Up (30) Discard a Special Energy card attached to the Defending Pokemon.,Fx2,,0,
88621,Rattata,Rattata,https://tcgplayer-cdn.tcgplayer.com/product/88621_200w.jpg,3,1403,https://cpt.tcgcsv.com/rsK,2023-04-10T14:28:11.747,1,64/90,Common,Colorless,40,Basic,[1] Gnaw (20),0.17,0.4,5.0,0.46,0.28,Normal,,Fx2,,1,
88621,Rattata,Rattata,https://tcgplayer-cdn.tcgplayer.com/product/88621_200w.jpg,3,1403,https://cpt.tcgcsv.com/rsK,2023-04-10T14:28:11.747,1,64/90,Common,Colorless,40,Basic,[1] Gnaw (20),1.34,2.67,3.99,4.06,,Reverse Holofoil,,Fx2,,1,
88637,Rayquaza & Deoxys Legend (Bottom),Rayquaza and Deoxys Legend Bottom,https://tcgplayer-cdn.tcgplayer.com/product/88637_200w.jpg,3,1403,https://cpt.tcgcsv.com/MsK,2026-02-25T18:23:03.053,1,90/90,Ultra Rare,Colorless Psychic,140,Legend,[1LRR] Ozone Buster (150) Discard all R Energy attached to Rayquaza and Deoxys LEGEND.,175.0,187.99,228.6,224.9,187.99,Holofoil,,CPx2,,3,"Space Virus - If your opponent's Pokemon is Knocked Out by damage from an attack of Rayquaza and Deoxys LEGEND, take 1 more Prize card.  (Poke-BODY)"
88638,Rayquaza & Deoxys Legend (Top),Rayquaza and Deoxys Legend Top,https://tcgplayer-cdn.tcgplayer.com/product/88638_200w.jpg,3,1403,https://cpt.tcgcsv.com/NsK,2025-12-11T03:55:53.713,1,89/90,Ultra Rare,Colorless Psychic,140,Legend,[1LRR] Ozone Buster (150) Discard all R Energy attached to Rayquaza and Deoxys LEGEND.,220.0,250.0,599.99,197.35,,Holofoil,,CPx2,,3,"Space Virus - If your opponent's Pokemon is Knocked Out by damage from an attack of Rayquaza and Deoxys LEGEND, take 1 more Prize card.  (Poke-BODY)"
88839,Rotom,Rotom,https://tcgplayer-cdn.tcgplayer.com/product/88839_200w.jpg,3,1403,https://cpt.tcgcsv.com/PxK,2023-04-10T13:55:03.413,1,20/90,Rare,Lightning,60,Basic,[L] Plasma Arrow - Choose 1 of your opponent's Pokemon.  This attack does 20 damage for each Energy attached to that Pokemon.  This attack's damage isn't affected by Weakness or Resistance.,1.16,2.81,4.99,1.75,,Normal,,Dx2,C-20,1,"Mischievous Trick - Once during your turn (before your attack), you may switch 1 of your face-down Prize cards with the top card of your deck.  This power can't be used if Rotom is affected by a Special Condition.  (Poke-POWER)"
88839,Rotom,Rotom,https://tcgplayer-cdn.tcgplayer.com/product/88839_200w.jpg,3,1403,https://cpt.tcgcsv.com/PxK,2023-04-10T13:55:03.413,1,20/90,Rare,Lightning,60,Basic,[L] Plasma Arrow - Choose 1 of your opponent's Pokemon.  This attack does 20 damage for each Energy attached to that Pokemon.  This attack's damage isn't affected by Weakness or Resistance.,8.29,8.63,8.96,25.0,,Reverse Holofoil,,Dx2,C-20,1,"Mischievous Trick - Once during your turn (before your attack), you may switch 1 of your face-down Prize cards with the top card of your deck.  This power can't be used if Rotom is affected by a Special Condition.  (Poke-POWER)"
88846,Ruins Of Alph,Ruins Of Alph,https://tcgplayer-cdn.tcgplayer.com/product/88846_200w.jpg,3,1403,https://cpt.tcgcsv.com/XxK,2023-04-10T14:31:27.167,1,76/90,Uncommon,Trainer,0,Stadium,Each Pokemon in play has no Resistance.,0.1,0.35,1.49,0.38,,Normal,,,,,"This card stays in play when you play it.  Discard this card if another Stadium card comes into play.  If another card with the same name is in play, you can't play this card."
88846,Ruins Of Alph,Ruins Of Alph,https://tcgplayer-cdn.tcgplayer.com/product/88846_200w.jpg,3,1403,https://cpt.tcgcsv.com/XxK,2023-04-10T14:31:27.167,1,76/90,Uncommon,Trainer,0,Stadium,Each Pokemon in play has no Resistance.,1.49,2.49,24.99,2.89,,Reverse Holofoil,,,,,"This card stays in play when you play it.  Discard this card if another Stadium card comes into play.  If another card with the same name is in play, you can't play this card."
88854,Sableye,Sableye,https://tcgplayer-cdn.tcgplayer.com/product/88854_200w.jpg,3,1403,https://cpt.tcgcsv.com/6zK,2025-12-11T03:56:27.463,1,35/90,Uncommon,Darkness,60,Basic,"[D] Pull Out - Search your discard pile for any 1 card, show it to your opponent, and put it on top of your deck.",0.14,0.42,1.69,0.5,,Normal,"[1D] Dark Hand (20+) If you have more cards in your hand than your opponent, this attack does 20 damage plus 30 more damage.",,C-20,1,
88854,Sableye,Sableye,https://tcgplayer-cdn.tcgplayer.com/product/88854_200w.jpg,3,1403,https://cpt.tcgcsv.com/6zK,2025-12-11T03:56:27.463,1,35/90,Uncommon,Darkness,60,Basic,"[D] Pull Out - Search your discard pile for any 1 card, show it to your opponent, and put it on top of your deck.",1.0,3.85,18.19,6.18,,Reverse Holofoil,"[1D] Dark Hand (20+) If you have more cards in your hand than your opponent, this attack does 20 damage plus 30 more damage.",,C-20,1,
88893,Sage's Training,Sages Training,https://tcgplayer-cdn.tcgplayer.com/product/88893_200w.jpg,3,1403,https://cpt.tcgcsv.com/TzK,2025-02-05T21:13:14.48,1,77/90,Uncommon,Supporter,0,Supporter,Look at the top 5 cards of your deck.  Choose any 2 cards you find there and put them into your hand.  Discard the other cards.,0.09,0.3,1.49,0.31,,Normal,,,,,"You can play only one Supporter each turn.  When you play this card, put it next to your Active Pokemon.  When your turn ends, discard this card."
88893,Sage's Training,Sages Training,https://tcgplayer-cdn.tcgplayer.com/product/88893_200w.jpg,3,1403,https://cpt.tcgcsv.com/TzK,2025-02-05T21:13:14.48,1,77/90,Uncommon,Supporter,0,Supporter,Look at the top 5 cards of your deck.  Choose any 2 cards you find there and put them into your hand.  Discard the other cards.,0.99,2.04,4.99,1.19,,Reverse Holofoil,,,,,"You can play only one Supporter each turn.  When you play this card, put it next to your Active Pokemon.  When your turn ends, discard this card."
88963,Scizor,Scizor,https://tcgplayer-cdn.tcgplayer.com/product/88963_200w.jpg,3,1403,https://cpt.tcgcsv.com/hCK,2023-12-12T19:12:52.067,1,7/90,Holo Rare,Metal,90,Stage 1,[1M] Cut (50),20.0,32.22,44.44,36.91,,Holofoil,[1MM] Metal Claw (80),Rx2,P-20,1,
88964,Scizor (Prime),Scizor Prime,https://tcgplayer-cdn.tcgplayer.com/product/88964_200w.jpg,3,1403,https://cpt.tcgcsv.com/jCK,2023-04-10T14:40:31.62,1,84/90,Ultra Rare,Metal,100,Stage 1,[1M] Metal Scissors (30+) Does 30 damage plus 20 more damage for each M Energy attached to Scizor.,63.93,74.99,129.99,60.19,,Holofoil,,Rx2,P-20,2,Red Armor - Prevent all damage done to Scizor by attacks from your opponent's Pokemon that have any Special Energy cards attached to them.  (Poke-BODY)
89003,Scyther (36),Scyther 36,https://tcgplayer-cdn.tcgplayer.com/product/89003_200w.jpg,3,1403,https://cpt.tcgcsv.com/5DK,2023-12-16T08:48:59.383,1,36/90,Uncommon,Grass,60,Basic,"[2] Afterimage Strike (20) During your opponent's next turn, if Scyther would be damaged by an attack, flip a coin.  If heads, prevent that attack's damage done to Scyther.",0.25,0.89,1.99,1.33,,Normal,,Rx2,,1,
89003,Scyther (36),Scyther 36,https://tcgplayer-cdn.tcgplayer.com/product/89003_200w.jpg,3,1403,https://cpt.tcgcsv.com/5DK,2023-12-16T08:48:59.383,1,36/90,Uncommon,Grass,60,Basic,"[2] Afterimage Strike (20) During your opponent's next turn, if Scyther would be damaged by an attack, flip a coin.  If heads, prevent that attack's damage done to Scyther.",21.0,31.97,41.73,22.48,,Reverse Holofoil,,Rx2,,1,
89004,Scyther (65),Scyther 65,https://tcgplayer-cdn.tcgplayer.com/product/89004_200w.jpg,3,1403,https://cpt.tcgcsv.com/6DK,2025-11-11T05:21:21.967,1,65/90,Common,Grass,70,Basic,[2] Cut (20),0.27,0.5,1.48,0.59,1.48,Normal,"[2G] Slashing Strike (50) During your next turn, Scyther can't use Slashing Strike.",Rx2,,1,
89004,Scyther (65),Scyther 65,https://tcgplayer-cdn.tcgplayer.com/product/89004_200w.jpg,3,1403,https://cpt.tcgcsv.com/6DK,2025-11-11T05:21:21.967,1,65/90,Common,Grass,70,Basic,[2] Cut (20),2.97,3.58,4.18,5.66,,Reverse Holofoil,"[2G] Slashing Strike (50) During your next turn, Scyther can't use Slashing Strike.",Rx2,,1,
89242,Skarmory,Skarmory,https://tcgplayer-cdn.tcgplayer.com/product/89242_200w.jpg,3,1403,https://cpt.tcgcsv.com/SJK,2023-10-14T17:10:00.193,1,21/90,Rare,Metal,80,Basic,[M] Steel Coat - Search your deck for a M Energy card and attach it to 1 of your Pokemon.  Shuffle your deck afterward.,0.2,0.43,1.43,0.42,,Normal,[2M] Razor Wing (40),Rx2,P-20,1,
89242,Skarmory,Skarmory,https://tcgplayer-cdn.tcgplayer.com/product/89242_200w.jpg,3,1403,https://cpt.tcgcsv.com/SJK,2023-10-14T17:10:00.193,1,21/90,Rare,Metal,80,Basic,[M] Steel Coat - Search your deck for a M Energy card and attach it to 1 of your Pokemon.  Shuffle your deck afterward.,3.46,3.54,25.0,4.68,,Reverse Holofoil,[2M] Razor Wing (40),Rx2,P-20,1,
89282,Skuntank,Skuntank,https://tcgplayer-cdn.tcgplayer.com/product/89282_200w.jpg,3,1403,https://cpt.tcgcsv.com/GKK,2023-04-10T13:58:54.27,1,37/90,Uncommon,Darkness,80,Stage 1,"[D] Stun Gas - Flip a coin.  If heads, the Defending Pokemon is now Poisoned.  If tails, the Defending Pokemon is now Paralyzed.",0.1,0.31,1.0,0.36,,Normal,[1D] Fury Swipes (30x) Flip 3 coins.  This attack does 30 damage times the number of heads.,Fx2,P-20,1,
89282,Skuntank,Skuntank,https://tcgplayer-cdn.tcgplayer.com/product/89282_200w.jpg,3,1403,https://cpt.tcgcsv.com/GKK,2023-04-10T13:58:54.27,1,37/90,Uncommon,Darkness,80,Stage 1,"[D] Stun Gas - Flip a coin.  If heads, the Defending Pokemon is now Poisoned.  If tails, the Defending Pokemon is now Paralyzed.",0.42,0.93,20.0,0.9,,Reverse Holofoil,[1D] Fury Swipes (30x) Flip 3 coins.  This attack does 30 damage times the number of heads.,Fx2,P-20,1,
89308,Slowbro,Slowbro,https://tcgplayer-cdn.tcgplayer.com/product/89308_200w.jpg,3,1403,https://cpt.tcgcsv.com/bLK,2026-02-17T15:51:16.063,1,38/90,Uncommon,Water,90,Stage 1,[1] Full-Belly Refresh - Remove all Special Conditions and 3 damage counters from Slowbro.,3.15,10.54,96.95,5.54,96.95,Normal,"[2P] Startling Trip (50) Flip a coin.  If heads, the Defending Pokemon is now Confused.  If tails, Slowbro is now Confused.",Lx2,,2,
89308,Slowbro,Slowbro,https://tcgplayer-cdn.tcgplayer.com/product/89308_200w.jpg,3,1403,https://cpt.tcgcsv.com/bLK,2026-02-17T15:51:16.063,1,38/90,Uncommon,Water,90,Stage 1,[1] Full-Belly Refresh - Remove all Special Conditions and 3 damage counters from Slowbro.,48.99,50.21,99.99,18.14,,Reverse Holofoil,"[2P] Startling Trip (50) Flip a coin.  If heads, the Defending Pokemon is now Confused.  If tails, Slowbro is now Confused.",Lx2,,2,
89318,Slowking (Prime),Slowking Prime,https://tcgplayer-cdn.tcgplayer.com/product/89318_200w.jpg,3,1403,https://cpt.tcgcsv.com/nLK,2023-04-10T14:40:37.35,1,85/90,Ultra Rare,Psychic,100,Stage 1,[2P] Super Psy Bolt (60),39.9,46.8,54.0,51.4,,Holofoil,,Px2,None,2,"<b>PokePOWER — Opponent's Choice</b>
<br>Once during your turn <em>(before your attack)</em>, you may reveal the top 2 cards of your deck and your opponent chooses 1 of them.  Put that card into your hand and the other card on the bottom of your deck.  This power can't be used if Slowking is affected by a Special Condition."
89333,Slowpoke,Slowpoke,https://tcgplayer-cdn.tcgplayer.com/product/89333_200w.jpg,3,1403,https://cpt.tcgcsv.com/HLK,2025-11-11T05:21:58.213,1,66/90,Common,Water,60,Basic,[1] Rambunctious Party - Look at the top 5 cards of your deck.  Choose as many Basic Pokemon as you like and put them onto your Bench.  Shuffle the other cards back into your deck.,8.19,12.06,21.76,12.07,10.35,Normal,[1W] Rain Splash (20),Lx2,,2,
89333,Slowpoke,Slowpoke,https://tcgplayer-cdn.tcgplayer.com/product/89333_200w.jpg,3,1403,https://cpt.tcgcsv.com/HLK,2025-11-11T05:21:58.213,1,66/90,Common,Water,60,Basic,[1] Rambunctious Party - Look at the top 5 cards of your deck.  Choose as many Basic Pokemon as you like and put them onto your Bench.  Shuffle the other cards back into your deck.,69.98,72.49,89.99,99.99,,Reverse Holofoil,[1W] Rain Splash (20),Lx2,,2,
89346,Slugma,Slugma,https://tcgplayer-cdn.tcgplayer.com/product/89346_200w.jpg,3,1403,https://cpt.tcgcsv.com/XLK,2026-02-25T18:22:44.623,1,67/90,Common,Fire,60,Basic,[1RR] Combustion (40),1.06,2.84,96.95,2.09,4.48,Normal,,Wx2,,2,"Active Volcano - Once during your turn (before your attack), you may discard the top card of your deck.  If that card is a R Energy card, attach it to Slugma.  This power can't be used if Slugma is affected by a Special Condition.  (Poke-POWER)"
89346,Slugma,Slugma,https://tcgplayer-cdn.tcgplayer.com/product/89346_200w.jpg,3,1403,https://cpt.tcgcsv.com/XLK,2026-02-25T18:22:44.623,1,67/90,Common,Fire,60,Basic,[1RR] Combustion (40),13.0,25.0,96.95,8.33,26.69,Reverse Holofoil,,Wx2,,2,"Active Volcano - Once during your turn (before your attack), you may discard the top card of your deck.  If that card is a R Energy card, attach it to Slugma.  This power can't be used if Slugma is affected by a Special Condition.  (Poke-POWER)"
89356,Smeargle,Smeargle,https://tcgplayer-cdn.tcgplayer.com/product/89356_200w.jpg,3,1403,https://cpt.tcgcsv.com/8MK,2023-12-12T19:12:58.31,1,8/90,Holo Rare,Colorless,70,Basic,[2] Tail Rap (20x) Flip 2 coins.  This attack does 20 damage times the number of heads.,4.25,6.94,11.54,7.04,,Holofoil,,Fx2,,1,"Portrait - Once during your turn (before your attack), if Smeargle is your Active Pokemon, you may look at your opponent's hand.  If you do, choose a Support card you find there and use the effect of that card as the effect of this power.  This power can't be used if Smeargle is affected by a Special Condition.  (Poke-POWER)"
89356,Smeargle,Smeargle,https://tcgplayer-cdn.tcgplayer.com/product/89356_200w.jpg,3,1403,https://cpt.tcgcsv.com/8MK,2023-12-12T19:12:58.31,1,8/90,Holo Rare,Colorless,70,Basic,[2] Tail Rap (20x) Flip 2 coins.  This attack does 20 damage times the number of heads.,5.99,8.5,17.99,4.99,,Reverse Holofoil,,Fx2,,1,"Portrait - Once during your turn (before your attack), if Smeargle is your Active Pokemon, you may look at your opponent's hand.  If you do, choose a Support card you find there and use the effect of that card as the effect of this power.  This power can't be used if Smeargle is affected by a Special Condition.  (Poke-POWER)"
89371,Sneasel,Sneasel,https://tcgplayer-cdn.tcgplayer.com/product/89371_200w.jpg,3,1403,https://cpt.tcgcsv.com/rMK,2023-07-08T15:11:00.693,1,68/90,Common,Darkness,60,Basic,[1] Fury Swipes (10x) Flip 3 coins.  This attack does 10 damage times the number of heads.,0.18,0.4,2.35,0.44,,Normal,[DD] Beat Up (20x) Flip a coin for each of your Pokemon in play.  This attack does 20 damage times the number of heads.,Fx2,P-20,0,
89371,Sneasel,Sneasel,https://tcgplayer-cdn.tcgplayer.com/product/89371_200w.jpg,3,1403,https://cpt.tcgcsv.com/rMK,2023-07-08T15:11:00.693,1,68/90,Common,Darkness,60,Basic,[1] Fury Swipes (10x) Flip 3 coins.  This attack does 10 damage times the number of heads.,2.25,3.69,5.69,5.17,,Reverse Holofoil,[DD] Beat Up (20x) Flip a coin for each of your Pokemon in play.  This attack does 20 damage times the number of heads.,Fx2,P-20,0,
89587,Stunky,Stunky,https://tcgplayer-cdn.tcgplayer.com/product/89587_200w.jpg,3,1403,https://cpt.tcgcsv.com/MRK,2023-04-10T14:28:45.23,1,69/90,Common,Darkness,60,Basic,[1] Double Scratch (10x) Flip 2 coins.  This attack does 10 damage times the number of heads.,0.1,0.25,2.33,0.29,0.23,Normal,,Fx2,P-20,1,
89587,Stunky,Stunky,https://tcgplayer-cdn.tcgplayer.com/product/89587_200w.jpg,3,1403,https://cpt.tcgcsv.com/MRK,2023-04-10T14:28:45.23,1,69/90,Common,Darkness,60,Basic,[1] Double Scratch (10x) Flip 2 coins.  This attack does 10 damage times the number of heads.,0.34,0.6,4.19,0.55,,Reverse Holofoil,,Fx2,P-20,1,
89852,Team Rocket's Trickery,Team Rockets Trickery,https://tcgplayer-cdn.tcgplayer.com/product/89852_200w.jpg,3,1403,https://cpt.tcgcsv.com/3ZK,2023-08-11T13:35:11.967,1,78/90,Uncommon,Supporter,0,Supporter,Draw 2 cards.  Then you opponent discards a card from his or her hand.,0.11,0.36,1.88,0.4,,Normal,,,,,"You can play only one Supporter each turn.  When you play this card, put it next to your Active Pokemon.  When your turn ends, discard this card."
89852,Team Rocket's Trickery,Team Rockets Trickery,https://tcgplayer-cdn.tcgplayer.com/product/89852_200w.jpg,3,1403,https://cpt.tcgcsv.com/3ZK,2023-08-11T13:35:11.967,1,78/90,Uncommon,Supporter,0,Supporter,Draw 2 cards.  Then you opponent discards a card from his or her hand.,2.59,5.0,8.45,5.56,,Reverse Holofoil,,,,,"You can play only one Supporter each turn.  When you play this card, put it next to your Active Pokemon.  When your turn ends, discard this card."
89924,Togekiss,Togekiss,https://tcgplayer-cdn.tcgplayer.com/product/89924_200w.jpg,3,1403,https://cpt.tcgcsv.com/v-K,2023-12-12T19:13:05.99,1,9/90,Holo Rare,Colorless,120,Stage 2,[2] Blessed Wings - Remove all damage counters from each of your Pokemon.  Shuffle Togekiss and all cards attached to it back into your deck.,11.0,15.2,19.99,11.89,,Holofoil,"[3] Air Cutter (80) Flip a coin.  If tails, this attack does nothing.",Lx2,F-20,1,
89924,Togekiss,Togekiss,https://tcgplayer-cdn.tcgplayer.com/product/89924_200w.jpg,3,1403,https://cpt.tcgcsv.com/v-K,2023-12-12T19:13:05.99,1,9/90,Holo Rare,Colorless,120,Stage 2,[2] Blessed Wings - Remove all damage counters from each of your Pokemon.  Shuffle Togekiss and all cards attached to it back into your deck.,13.0,16.32,23.97,14.5,,Reverse Holofoil,"[3] Air Cutter (80) Flip a coin.  If tails, this attack does nothing.",Lx2,F-20,1,
89935,Togepi,Togepi,https://tcgplayer-cdn.tcgplayer.com/product/89935_200w.jpg,3,1403,https://cpt.tcgcsv.com/K-K,2023-04-10T14:28:51.48,1,70/90,Common,Colorless,40,Basic,"[1] Plead - Ask your opponent if you may draw 2 cards.  If yes, draw 2 cards.  If no, this attack does 20 damage to the Defending Pokemon.",0.4,0.65,3.99,0.85,,Normal,,Fx2,,1,
89935,Togepi,Togepi,https://tcgplayer-cdn.tcgplayer.com/product/89935_200w.jpg,3,1403,https://cpt.tcgcsv.com/K-K,2023-04-10T14:28:51.48,1,70/90,Common,Colorless,40,Basic,"[1] Plead - Ask your opponent if you may draw 2 cards.  If yes, draw 2 cards.  If no, this attack does 20 damage to the Defending Pokemon.",4.25,17.49,40.0,18.0,,Reverse Holofoil,,Fx2,,1,
89944,Togetic,Togetic,https://tcgplayer-cdn.tcgplayer.com/product/89944_200w.jpg,3,1403,https://cpt.tcgcsv.com/V-K,2023-04-10T13:59:07.217,1,39/90,Uncommon,Colorless,80,Stage 1,[1] Chase Up - Search your deck for any 1 card and put it into your hand.  Shuffle your deck afterward.,0.2,0.5,1.8,0.63,,Normal,"[2] Fly (30) Flip a coin.  If tails, this attack does nothing.  If heads, prevent all effects of attacks, including damage, done to Togetic during your opponent's next turn.",Lx2,F-20,1,
89944,Togetic,Togetic,https://tcgplayer-cdn.tcgplayer.com/product/89944_200w.jpg,3,1403,https://cpt.tcgcsv.com/V-K,2023-04-10T13:59:07.217,1,39/90,Uncommon,Colorless,80,Stage 1,[1] Chase Up - Search your deck for any 1 card and put it into your hand.  Shuffle your deck afterward.,3.0,4.98,14.99,5.13,,Reverse Holofoil,"[2] Fly (30) Flip a coin.  If tails, this attack does nothing.  If heads, prevent all effects of attacks, including damage, done to Togetic during your opponent's next turn.",Lx2,F-20,1,
90062,Tropius,Tropius,https://tcgplayer-cdn.tcgplayer.com/product/90062_200w.jpg,3,1403,https://cpt.tcgcsv.com/g2L,2026-03-09T14:37:35.973,1,22/90,Rare,Grass,90,Basic,[G] Fresh-Picked Fruit - Remove 6 damage counters from 1 of your Benched Pokemon.,0.32,0.5,1.66,0.63,0.75,Normal,[3] Cutting Wind (40),Lx2,F-20,2,
90062,Tropius,Tropius,https://tcgplayer-cdn.tcgplayer.com/product/90062_200w.jpg,3,1403,https://cpt.tcgcsv.com/g2L,2026-03-09T14:37:35.973,1,22/90,Rare,Grass,90,Basic,[G] Fresh-Picked Fruit - Remove 6 damage counters from 1 of your Benched Pokemon.,2.34,7.17,14.99,8.0,,Reverse Holofoil,[3] Cutting Wind (40),Lx2,F-20,2,
90145,Umbreon,Umbreon,https://tcgplayer-cdn.tcgplayer.com/product/90145_200w.jpg,3,1403,https://cpt.tcgcsv.com/W3L,2023-04-10T13:53:36.893,1,10/90,Holo Rare,Darkness,90,Stage 1,"[D] Moonlight Fang (30) During your opponent's next turn, prevent all effects, including damage, done to Umbreon by attacks from your opponent's Pokemon that has any Poke-Powers or Poke-Bodies.",43.75,90.0,103.95,66.72,,Holofoil,"[1D] Quick Blow (30+) Flip a coin.  If heads, this attack does 30 damage plus 30 more damage.",Fx2,P-20,1,
90145,Umbreon,Umbreon,https://tcgplayer-cdn.tcgplayer.com/product/90145_200w.jpg,3,1403,https://cpt.tcgcsv.com/W3L,2023-04-10T13:53:36.893,1,10/90,Holo Rare,Darkness,90,Stage 1,"[D] Moonlight Fang (30) During your opponent's next turn, prevent all effects, including damage, done to Umbreon by attacks from your opponent's Pokemon that has any Poke-Powers or Poke-Bodies.",38.99,41.49,49.99,80.0,,Reverse Holofoil,"[1D] Quick Blow (30+) Flip a coin.  If heads, this attack does 30 damage plus 30 more damage.",Fx2,P-20,1,
90146,Umbreon (Prime),Umbreon Prime,https://tcgplayer-cdn.tcgplayer.com/product/90146_200w.jpg,3,1403,https://cpt.tcgcsv.com/X3L,2023-04-10T14:40:42.97,1,86/90,Ultra Rare,Darkness,100,Stage 1,[2D] Evoblast (50+) Does 50 damage plus 10 damage for each of your Pokemon in play that evolves from Eevee.,450.0,608.0,699.95,377.34,,Holofoil,,Fx2,P-20,1,"Cloud-Covered Moon - Once during your turn (before your attack), if Umbreon is your Active Pokemon, you may flip a coin.  If heads, return Umbreon and all cards attached to it to your hand.  This power can't be used if Umbreon is affected by a Special Condition.  (Poke-POWER)"
90164,Unown,Unown,https://tcgplayer-cdn.tcgplayer.com/product/90164_200w.jpg,3,1403,https://cpt.tcgcsv.com/j5L,2025-11-11T05:24:17.653,1,40/90,Uncommon,Psychic,50,Basic,[P] Hidden Power (10),0.23,0.73,5.0,0.98,,Normal,,Px2,,1,"DARK - Once during your turn, when you put Unown from your hand onto your Bench, you may search your deck for a D Energy card, show it to your opponent, and put it into your hand.  Shuffle your deck afterward.  (Poke-POWER)"
90164,Unown,Unown,https://tcgplayer-cdn.tcgplayer.com/product/90164_200w.jpg,3,1403,https://cpt.tcgcsv.com/j5L,2025-11-11T05:24:17.653,1,40/90,Uncommon,Psychic,50,Basic,[P] Hidden Power (10),2.0,2.2,24.99,2.42,,Reverse Holofoil,,Px2,,1,"DARK - Once during your turn, when you put Unown from your hand onto your Bench, you may search your deck for a D Energy card, show it to your opponent, and put it into your hand.  Shuffle your deck afterward.  (Poke-POWER)"
90286,Vaporeon,Vaporeon,https://tcgplayer-cdn.tcgplayer.com/product/90286_200w.jpg,3,1403,https://cpt.tcgcsv.com/L7L,2025-11-11T05:24:52.08,1,41/90,Uncommon,Water,90,Stage 1,[1] Spiral Drain (20) Remove 2 damage counters from Vaporeon.,4.5,8.15,99.99,7.42,96.95,Normal,[1WW] Dual Splash - Choose 2 of your opponent's Pokemon.  This attack does 30 damage to each of them.  (Don't apply Weakness and Resistance for Benched Pokemon.),Lx2,,2,
90286,Vaporeon,Vaporeon,https://tcgplayer-cdn.tcgplayer.com/product/90286_200w.jpg,3,1403,https://cpt.tcgcsv.com/L7L,2025-11-11T05:24:52.08,1,41/90,Uncommon,Water,90,Stage 1,[1] Spiral Drain (20) Remove 2 damage counters from Vaporeon.,9.87,19.99,30.58,20.74,,Reverse Holofoil,[1WW] Dual Splash - Choose 2 of your opponent's Pokemon.  This attack does 30 damage to each of them.  (Don't apply Weakness and Resistance for Benched Pokemon.),Lx2,,2,
90329,Vespiquen,Vespiquen,https://tcgplayer-cdn.tcgplayer.com/product/90329_200w.jpg,3,1403,https://cpt.tcgcsv.com/C8L,2023-04-10T13:55:40.667,1,23/90,Rare,Grass,100,Stage 1,"[2G] Mach Wind (60) During your next turn, Vespiquen's Retreat Cost is 0.",0.25,0.69,5.0,0.74,,Normal,,Rx2,,3,Defense Sign - Prevent all damage done to your Benched G Pokemon by attacks.  (Poke-BODY)
90329,Vespiquen,Vespiquen,https://tcgplayer-cdn.tcgplayer.com/product/90329_200w.jpg,3,1403,https://cpt.tcgcsv.com/C8L,2023-04-10T13:55:40.667,1,23/90,Rare,Grass,100,Stage 1,"[2G] Mach Wind (60) During your next turn, Vespiquen's Retreat Cost is 0.",1.34,2.3,9.99,2.03,,Reverse Holofoil,,Rx2,,3,Defense Sign - Prevent all damage done to your Benched G Pokemon by attacks.  (Poke-BODY)
90381,Vileplume,Vileplume,https://tcgplayer-cdn.tcgplayer.com/product/90381_200w.jpg,3,1403,https://cpt.tcgcsv.com/F9L,2026-03-09T14:38:55.933,1,24/90,Rare,Grass,120,Stage 2,"[1GG] Dazzling Pollen (50+) Flip a coin.  If heads, this attack does 50 damage plus 20 more damage.  If tails, the Defending Pokemon is now Confused.",3.1,4.39,19.99,4.05,,Normal,,Px2,,2,Allergy Flower - Each player can't play any Trainer cards from his or her hand.  (Poke-BODY)
90381,Vileplume,Vileplume,https://tcgplayer-cdn.tcgplayer.com/product/90381_200w.jpg,3,1403,https://cpt.tcgcsv.com/F9L,2026-03-09T14:38:55.933,1,24/90,Rare,Grass,120,Stage 2,"[1GG] Dazzling Pollen (50+) Flip a coin.  If heads, this attack does 50 damage plus 20 more damage.  If tails, the Defending Pokemon is now Confused.",7.12,9.99,14.99,10.74,,Reverse Holofoil,,Px2,,2,Allergy Flower - Each player can't play any Trainer cards from his or her hand.  (Poke-BODY)
90533,Weavile,Weavile,https://tcgplayer-cdn.tcgplayer.com/product/90533_200w.jpg,3,1403,https://cpt.tcgcsv.com/HdL,2025-02-05T21:13:14.543,1,25/90,Rare,Darkness,80,Stage 1,"[1D] Feint Attack - Choose 1 of your opponent's Pokemon.  This attack does 30 damage to that Pokemon.  This attack's damage is affected by Weakness, Resistance, Poke-Powers, Poke-Bodies, or any other effects on that Pokemon.",0.86,1.08,2.27,1.3,,Normal,,Fx2,P-20,0,"Claw Snag - Once during your turn, when you play Weavile from your hand to evolve 1 of your Pokemon, you may look at your opponent's hand.  Choose a card from your opponent's hand and discard it.  (Poke-POWER)"
90533,Weavile,Weavile,https://tcgplayer-cdn.tcgplayer.com/product/90533_200w.jpg,3,1403,https://cpt.tcgcsv.com/HdL,2025-02-05T21:13:14.543,1,25/90,Rare,Darkness,80,Stage 1,"[1D] Feint Attack - Choose 1 of your opponent's Pokemon.  This attack does 30 damage to that Pokemon.  This attack's damage is affected by Weakness, Resistance, Poke-Powers, Poke-Bodies, or any other effects on that Pokemon.",8.98,13.0,13.22,6.29,,Reverse Holofoil,,Fx2,P-20,0,"Claw Snag - Once during your turn, when you play Weavile from your hand to evolve 1 of your Pokemon, you may look at your opponent's hand.  Choose a card from your opponent's hand and discard it.  (Poke-POWER)"
98586,Undaunted Booster Pack,Undaunted Booster Pack,https://tcgplayer-cdn.tcgplayer.com/product/98586_200w.jpg,3,1403,https://cpt.tcgcsv.com/LrP,2017-07-22T17:01:37.273,1,,,,,,,450.0,470.0,490.0,378.42,,Normal,,,,,
98587,Undaunted Booster Box,Undaunted Booster Box,https://tcgplayer-cdn.tcgplayer.com/product/98587_200w.jpg,3,1403,https://cpt.tcgcsv.com/MrP,2015-05-06T15:02:29.17,1,,,,,,,,,,,,,,,,,
