productId,name,cleanName,imageUrl,categoryId,groupId,url,modifiedOn,imageCount,extNumber,extRarity,extCardType,extHP,extStage,extAttack1,extAttack2,extWeakness,extRetreatCost,lowPrice,midPrice,highPrice,marketPrice,directLowPrice,subTypeName,extCardText,extResistance,extAttack3
83492,Aipom,Aipom,https://tcgplayer-cdn.tcgplayer.com/product/83492_200w.jpg,3,1399,https://cpt.tcgcsv.com/SpH,2025-11-11T05:44:40.263,1,43/95,Common,Colorless,50,Basic,[1] Tail Code - Move an Energy card attached to the Defending Pokemon to another of your opponent's Pokemon.,"[2] Tail Smash (30) Flip a coin.  If tails, this attack does nothing.",Fx2,1,0.1,0.3,0.99,0.3,0.25,Normal,,,
83492,Aipom,Aipom,https://tcgplayer-cdn.tcgplayer.com/product/83492_200w.jpg,3,1399,https://cpt.tcgcsv.com/SpH,2025-11-11T05:44:40.263,1,43/95,Common,Colorless,50,Basic,[1] Tail Code - Move an Energy card attached to the Defending Pokemon to another of your opponent's Pokemon.,"[2] Tail Smash (30) Flip a coin.  If tails, this attack does nothing.",Fx2,1,0.5,1.49,9.99,1.2,,Reverse Holofoil,,,
83510,Alph Lithograph,Alph Lithograph,https://tcgplayer-cdn.tcgplayer.com/product/83510_200w.jpg,3,1399,https://cpt.tcgcsv.com/dqH,2016-01-13T17:53:33.713,1,TWO,Ultra Rare,Trainer,0,Trainer,Shuffle your deck.,,,,83.78,84.57,140.0,122.07,,Holofoil,,,
83772,Beedrill,Beedrill,https://tcgplayer-cdn.tcgplayer.com/product/83772_200w.jpg,3,1399,https://cpt.tcgcsv.com/swH,2023-11-30T18:34:40.053,1,12/95,Rare,Grass,110,Stage 2,[G] Twineedle (50x) Flip 2 coins.  This attack does 50 damage times the number of heads.,"[1G] Paralyze Poison (20) The Defending Pokemon is now Poisoned.  Flip a coin.  If heads, the Defending Pokemon is also Paralyzed.",Rx2,0,0.5,1.06,4.0,1.47,,Normal,,,
83772,Beedrill,Beedrill,https://tcgplayer-cdn.tcgplayer.com/product/83772_200w.jpg,3,1399,https://cpt.tcgcsv.com/swH,2023-11-30T18:34:40.053,1,12/95,Rare,Grass,110,Stage 2,[G] Twineedle (50x) Flip 2 coins.  This attack does 50 damage times the number of heads.,"[1G] Paralyze Poison (20) The Defending Pokemon is now Poisoned.  Flip a coin.  If heads, the Defending Pokemon is also Paralyzed.",Rx2,0,5.99,6.88,14.99,4.13,,Reverse Holofoil,,,
83791,Beldum,Beldum,https://tcgplayer-cdn.tcgplayer.com/product/83791_200w.jpg,3,1399,https://cpt.tcgcsv.com/RwH,2023-12-11T21:14:49.26,1,44/95,Common,Psychic,60,Basic,[P] Reaction (10) You may switch Beldum with 1 of your Benched Pokemon.,,Px2,2,0.05,0.31,2.25,0.38,,Normal,,,
83791,Beldum,Beldum,https://tcgplayer-cdn.tcgplayer.com/product/83791_200w.jpg,3,1399,https://cpt.tcgcsv.com/RwH,2023-12-11T21:14:49.26,1,44/95,Common,Psychic,60,Basic,[P] Reaction (10) You may switch Beldum with 1 of your Benched Pokemon.,,Px2,2,2.0,2.9,5.99,1.59,,Reverse Holofoil,,,
83895,Blastoise,Blastoise,https://tcgplayer-cdn.tcgplayer.com/product/83895_200w.jpg,3,1399,https://cpt.tcgcsv.com/WzH,2023-11-30T18:36:09.68,1,13/95,Rare,Water,130,Stage 2,[2WW] Hydro Launcher - Return 2 W Energy attached to Blastoise to your hand.  Choose 1 of your opponent's Pokemon.  This attack does 100 damage to that Pokemon.  (Don't apply Weakness and Resistance for Benched Pokemon.),,Lx2,3,6.75,9.56,19.99,8.58,,Normal,"Wash Out - As often as you like during your turn (before your attack), you may move a W Energy attached to 1 of your Benched Pokemon to your Active Pokemon.  This power can't be used if Blastoise is affected by a Special Condition.  (Poke-POWER)",,
83895,Blastoise,Blastoise,https://tcgplayer-cdn.tcgplayer.com/product/83895_200w.jpg,3,1399,https://cpt.tcgcsv.com/WzH,2023-11-30T18:36:09.68,1,13/95,Rare,Water,130,Stage 2,[2WW] Hydro Launcher - Return 2 W Energy attached to Blastoise to your hand.  Choose 1 of your opponent's Pokemon.  This attack does 100 damage to that Pokemon.  (Don't apply Weakness and Resistance for Benched Pokemon.),,Lx2,3,24.99,30.0,39.99,34.62,,Reverse Holofoil,"Wash Out - As often as you like during your turn (before your attack), you may move a W Energy attached to 1 of your Benched Pokemon to your Active Pokemon.  This power can't be used if Blastoise is affected by a Special Condition.  (Poke-POWER)",,
84022,Buizel,Buizel,https://tcgplayer-cdn.tcgplayer.com/product/84022_200w.jpg,3,1399,https://cpt.tcgcsv.com/sDH,2025-11-11T05:44:07.893,1,45/95,Common,Water,60,Basic,"[W] Muddy Water (10) 
<br>Does 10 damage to 1 of your opponent's Benched Pokemon.  <i>(Don't apply Weakness and Resistance for Benched Pokemon.)</i>",,Lx2,1,0.1,0.3,2.25,0.36,0.2,Normal,,None,
84022,Buizel,Buizel,https://tcgplayer-cdn.tcgplayer.com/product/84022_200w.jpg,3,1399,https://cpt.tcgcsv.com/sDH,2025-11-11T05:44:07.893,1,45/95,Common,Water,60,Basic,"[W] Muddy Water (10) 
<br>Does 10 damage to 1 of your opponent's Benched Pokemon.  <i>(Don't apply Weakness and Resistance for Benched Pokemon.)</i>",,Lx2,1,1.0,2.49,19.99,1.78,,Reverse Holofoil,,None,
84104,Carnivine,Carnivine,https://tcgplayer-cdn.tcgplayer.com/product/84104_200w.jpg,3,1399,https://cpt.tcgcsv.com/6GH,2023-12-11T21:27:27.88,1,46/95,Common,Grass,80,Basic,"[1] Drawup Power - Search your deck for an Energy card, show it to your opponent, and put it into your hand.  Shuffle your deck afterward.",[G] Spit Up (20),Rx2,1,0.15,0.32,2.26,0.32,,Normal,,W-20,
84104,Carnivine,Carnivine,https://tcgplayer-cdn.tcgplayer.com/product/84104_200w.jpg,3,1399,https://cpt.tcgcsv.com/6GH,2023-12-11T21:27:27.88,1,46/95,Common,Grass,80,Basic,"[1] Drawup Power - Search your deck for an Energy card, show it to your opponent, and put it into your hand.  Shuffle your deck afterward.",[G] Spit Up (20),Rx2,1,0.42,0.89,9.99,0.91,,Reverse Holofoil,,W-20,
84246,Cheerleader's Cheer,Cheerleaders Cheer,https://tcgplayer-cdn.tcgplayer.com/product/84246_200w.jpg,3,1399,https://cpt.tcgcsv.com/XJH,2023-12-11T21:30:08.38,1,71/95,Uncommon,Supporter,0,Supporter,Draw 3 cards.  Your opponent may draw a card.,,,,0.1,0.31,1.51,0.31,,Normal,"You can play only one Supporter each turn.  When you play this card, put it next to your Active Pokemon.  When your turn ends, discard this card.",,
84246,Cheerleader's Cheer,Cheerleaders Cheer,https://tcgplayer-cdn.tcgplayer.com/product/84246_200w.jpg,3,1399,https://cpt.tcgcsv.com/XJH,2023-12-11T21:30:08.38,1,71/95,Uncommon,Supporter,0,Supporter,Draw 3 cards.  Your opponent may draw a card.,,,,0.24,1.0,2.25,1.48,0.24,Reverse Holofoil,"You can play only one Supporter each turn.  When you play this card, put it next to your Active Pokemon.  When your turn ends, discard this card.",,
84257,Cherrim,Cherrim,https://tcgplayer-cdn.tcgplayer.com/product/84257_200w.jpg,3,1399,https://cpt.tcgcsv.com/9KH,2025-10-10T23:16:34.497,1,28/95,Uncommon,Grass,80,Stage 1,[G] Seed Bomb (30),,Rx2,1,0.15,0.5,1.7,0.56,,Normal,"Sunny Heal - Once during your turn (before your attack), you may remove 1 damage counter from your Active Pokemon.  This power can't be used if Cherrim is affected by a Special Condition.  (Poke-POWER)",W-20,
84257,Cherrim,Cherrim,https://tcgplayer-cdn.tcgplayer.com/product/84257_200w.jpg,3,1399,https://cpt.tcgcsv.com/9KH,2025-10-10T23:16:34.497,1,28/95,Uncommon,Grass,80,Stage 1,[G] Seed Bomb (30),,Rx2,1,0.58,1.37,9.99,1.41,,Reverse Holofoil,"Sunny Heal - Once during your turn (before your attack), you may remove 1 damage counter from your Active Pokemon.  This power can't be used if Cherrim is affected by a Special Condition.  (Poke-POWER)",W-20,
84264,Cherubi,Cherubi,https://tcgplayer-cdn.tcgplayer.com/product/84264_200w.jpg,3,1399,https://cpt.tcgcsv.com/jKH,2023-12-11T21:27:33.263,1,47/95,Common,Grass,50,Basic,[1] Tackle (10),,Rx2,1,0.01,0.25,2.29,0.35,,Normal,,W-20,
84264,Cherubi,Cherubi,https://tcgplayer-cdn.tcgplayer.com/product/84264_200w.jpg,3,1399,https://cpt.tcgcsv.com/jKH,2023-12-11T21:27:33.263,1,47/95,Common,Grass,50,Basic,[1] Tackle (10),,Rx2,1,1.2,1.4,9.99,1.25,,Reverse Holofoil,,W-20,
84310,Chinchou,Chinchou,https://tcgplayer-cdn.tcgplayer.com/product/84310_200w.jpg,3,1399,https://cpt.tcgcsv.com/dLH,2023-12-11T21:27:38.62,1,48/95,Common,Lightning,60,Basic,[1] Ram (10),[1G] Lightning Ball (20),Fx2,1,0.1,0.3,2.26,0.31,0.2,Normal,,,
84310,Chinchou,Chinchou,https://tcgplayer-cdn.tcgplayer.com/product/84310_200w.jpg,3,1399,https://cpt.tcgcsv.com/dLH,2023-12-11T21:27:38.62,1,48/95,Common,Lightning,60,Basic,[1] Ram (10),[1G] Lightning Ball (20),Fx2,1,1.14,3.5,9.99,2.93,,Reverse Holofoil,,,
84488,Crobat,Crobat,https://tcgplayer-cdn.tcgplayer.com/product/84488_200w.jpg,3,1399,https://cpt.tcgcsv.com/NPH,2025-12-11T04:00:24.58,1,14/95,Rare,Psychic,110,Stage 2,[P] Supersonic (30) The Defending Pokemon is now Confused.,[2P] Hurricane Wing (30x) Flip 4 coins.  This attack does 30 damage times the number of heads.,Lx2,0,0.67,1.25,96.95,1.12,,Normal,,F-20,
84488,Crobat,Crobat,https://tcgplayer-cdn.tcgplayer.com/product/84488_200w.jpg,3,1399,https://cpt.tcgcsv.com/NPH,2025-12-11T04:00:24.58,1,14/95,Rare,Psychic,110,Stage 2,[P] Supersonic (30) The Defending Pokemon is now Confused.,[2P] Hurricane Wing (30x) Flip 4 coins.  This attack does 30 damage times the number of heads.,Lx2,0,3.26,19.35,25.0,8.33,,Reverse Holofoil,,F-20,
84489,Crobat (Prime),Crobat Prime,https://tcgplayer-cdn.tcgplayer.com/product/84489_200w.jpg,3,1399,https://cpt.tcgcsv.com/PPH,2023-12-11T21:38:12.273,1,84/95,Ultra Rare,Psychic,130,Stage 2,"[P] Severe Poison 
<br>The Defending Pokemon is now Poisoned. Put 4 damage counters instead of 1 of that Pokemon between turns.","[P] Skill Dive 
<br>Choose 1 of your opponent's Pokemon.  This attack does 30 damage to that Pokemon. <i>(Don't apply Weakness and Resistance for Benched Pokemon.)</i>",Lx2,0,30.0,54.9,96.95,52.21,,Holofoil,,F-20,
84988,Dual Ball,Dual Ball,https://tcgplayer-cdn.tcgplayer.com/product/84988_200w.jpg,3,1399,https://cpt.tcgcsv.com/N_H,2025-02-05T21:13:35.667,1,72/95,Uncommon,Item,,,,,,,0.25,0.68,1.8,0.77,,Normal,"Flip 2 coins.  For each heads, search your deck for a Basic Pokemon card, show it to your opponent, and put it into your hand.  Shuffle your deck afterward.",,
84988,Dual Ball,Dual Ball,https://tcgplayer-cdn.tcgplayer.com/product/84988_200w.jpg,3,1399,https://cpt.tcgcsv.com/N_H,2025-02-05T21:13:35.667,1,72/95,Uncommon,Item,,,,,,,1.25,3.17,4.0,3.35,,Reverse Holofoil,"Flip 2 coins.  For each heads, search your deck for a Basic Pokemon card, show it to your opponent, and put it into your hand.  Shuffle your deck afterward.",,
85013,Dunsparce,Dunsparce,https://tcgplayer-cdn.tcgplayer.com/product/85013_200w.jpg,3,1399,https://cpt.tcgcsv.com/h0J,2023-12-11T18:23:03.873,1,29/95,Uncommon,Colorless,60,Basic,[1] Return (10) Draw until you have 6 cards in your hand.,,Fx2,1,0.15,0.36,1.49,0.4,,Normal,,,
85013,Dunsparce,Dunsparce,https://tcgplayer-cdn.tcgplayer.com/product/85013_200w.jpg,3,1399,https://cpt.tcgcsv.com/h0J,2023-12-11T18:23:03.873,1,29/95,Uncommon,Colorless,60,Basic,[1] Return (10) Draw until you have 6 cards in your hand.,,Fx2,1,1.18,1.43,9.99,1.27,,Reverse Holofoil,,,
85187,Emcee's Chatter,Emcees Chatter,https://tcgplayer-cdn.tcgplayer.com/product/85187_200w.jpg,3,1399,https://cpt.tcgcsv.com/M5J,2025-12-11T04:02:49.297,1,73/95,Uncommon,Supporter,0,Supporter,"Flip a coin.  If heads, draw 3 cards.  If tails, draw 2 cards.",,,,0.08,0.32,1.5,0.32,0.23,Normal,"You can play only one Supporter each turn.  When you play this card, put it next to your Active Pokemon.  When your turn ends, discard this card.",,
85187,Emcee's Chatter,Emcees Chatter,https://tcgplayer-cdn.tcgplayer.com/product/85187_200w.jpg,3,1399,https://cpt.tcgcsv.com/M5J,2025-12-11T04:02:49.297,1,73/95,Uncommon,Supporter,0,Supporter,"Flip a coin.  If heads, draw 3 cards.  If tails, draw 2 cards.",,,,0.43,0.77,1.88,1.91,1.5,Reverse Holofoil,"You can play only one Supporter each turn.  When you play this card, put it next to your Active Pokemon.  When your turn ends, discard this card.",,
85234,Energy Returner,Energy Returner,https://tcgplayer-cdn.tcgplayer.com/product/85234_200w.jpg,3,1399,https://cpt.tcgcsv.com/J6J,2023-12-11T21:30:35.48,1,74/95,Uncommon,Trainer,0,Trainer,"Search your discard pile for 4 basic Energy cards, show them to your opponent, and put them into your hand.",,,,0.09,0.26,1.49,0.36,,Normal,,,
85234,Energy Returner,Energy Returner,https://tcgplayer-cdn.tcgplayer.com/product/85234_200w.jpg,3,1399,https://cpt.tcgcsv.com/J6J,2023-12-11T21:30:35.48,1,74/95,Uncommon,Trainer,0,Trainer,"Search your discard pile for 4 basic Energy cards, show them to your opponent, and put them into your hand.",,,,0.23,0.4,2.93,0.55,,Reverse Holofoil,,,
85264,Engineer's Adjustments,Engineers Adjustments,https://tcgplayer-cdn.tcgplayer.com/product/85264_200w.jpg,3,1399,https://cpt.tcgcsv.com/j7J,2023-12-11T21:30:42.533,1,75/95,Uncommon,Supporter,0,Supporter,"Discard an Energy card from your hand.  Then, draw 4 cards.",,,,0.15,0.34,2.47,0.35,0.25,Normal,"You can play only one Supporter each turn.  When you play this card, put it next to your Active Pokemon.  When your turn ends, discard this card.",,
85264,Engineer's Adjustments,Engineers Adjustments,https://tcgplayer-cdn.tcgplayer.com/product/85264_200w.jpg,3,1399,https://cpt.tcgcsv.com/j7J,2023-12-11T21:30:42.533,1,75/95,Uncommon,Supporter,0,Supporter,"Discard an Energy card from your hand.  Then, draw 4 cards.",,,,0.71,1.96,4.19,2.18,,Reverse Holofoil,"You can play only one Supporter each turn.  When you play this card, put it next to your Active Pokemon.  When your turn ends, discard this card.",,
85276,Entei & Raikou Legend (bottom),Entei and Raikou Legend bottom,https://tcgplayer-cdn.tcgplayer.com/product/85276_200w.jpg,3,1399,https://cpt.tcgcsv.com/x7J,2024-04-18T20:08:32.12,1,91/95,Ultra Rare,Fire Lightning,140,Legend,[1R] Detonation Spin (90) Discard a R Energy attached to Entei and Raikou LEGEND.,[1L] Thunder Fall - Discard all Energy attached to Entei and Raikou LEGEND.  This attack does 80 damage to each Pokemon that has any Poke-Powers (both yours and your opponent's).  This attack's damage isn't affected by Weakness or Resistance.,FWx2,0,79.2,89.87,113.57,86.92,,Holofoil,,,
85277,Entei & Raikou Legend (top),Entei and Raikou Legend top,https://tcgplayer-cdn.tcgplayer.com/product/85277_200w.jpg,3,1399,https://cpt.tcgcsv.com/z7J,2024-04-18T20:08:11.22,1,90/95,Ultra Rare,Fire Lightning,140,Legend,[1R] Detonation Spin (90) Discard a R Energy attached to Entei and Raikou LEGEND.,[1L] Thunder Fall - Discard all Energy attached to Entei and Raikou LEGEND.  This attack does 80 damage to each Pokemon that has any Poke-Powers (both yours and your opponent's).  This attack's damage isn't affected by Weakness or Resistance.,FWx2,0,89.84,119.99,119.99,103.43,,Holofoil,,,
85399,Fearow,Fearow,https://tcgplayer-cdn.tcgplayer.com/product/85399_200w.jpg,3,1399,https://cpt.tcgcsv.com/_9J,2023-11-30T18:38:10.937,1,15/95,Rare,Colorless,80,Stage 1,[2] Wing Attack (30),[3] Repeating Drill (20x) Flip 5 coins.  This attack does 20 damage times the number of heads.,Lx2,1,0.25,0.49,1.8,0.6,,Normal,,F-20,
85399,Fearow,Fearow,https://tcgplayer-cdn.tcgplayer.com/product/85399_200w.jpg,3,1399,https://cpt.tcgcsv.com/_9J,2023-11-30T18:38:10.937,1,15/95,Rare,Colorless,80,Stage 1,[2] Wing Attack (30),[3] Repeating Drill (20x) Flip 5 coins.  This attack does 20 damage times the number of heads.,Lx2,1,0.7,1.0,9.99,1.0,,Reverse Holofoil,,F-20,
85515,Floatzel,Floatzel,https://tcgplayer-cdn.tcgplayer.com/product/85515_200w.jpg,3,1399,https://cpt.tcgcsv.com/kdJ,2023-11-30T18:38:17.213,1,16/95,Rare,Water,80,Stage 1,[1WW] Waterfall (60),,Lx2,0,0.2,0.62,4.95,0.7,,Normal,"Water Acceleration - Once during your turn (before your attack), you may attach a W Energy card from your hand to Floatzel.  This power can't be used if Floatzel is affected by a Special Condition.  (Poke-POWER)",,
85515,Floatzel,Floatzel,https://tcgplayer-cdn.tcgplayer.com/product/85515_200w.jpg,3,1399,https://cpt.tcgcsv.com/kdJ,2023-11-30T18:38:17.213,1,16/95,Rare,Water,80,Stage 1,[1WW] Waterfall (60),,Lx2,0,0.75,3.71,14.99,2.78,,Reverse Holofoil,"Water Acceleration - Once during your turn (before your attack), you may attach a W Energy card from your hand to Floatzel.  This power can't be used if Floatzel is affected by a Special Condition.  (Poke-POWER)",,
85797,Golbat,Golbat,https://tcgplayer-cdn.tcgplayer.com/product/85797_200w.jpg,3,1399,https://cpt.tcgcsv.com/ZkJ,2025-11-11T05:43:29.143,1,30/95,Uncommon,Psychic,80,Stage 1,[P] Mean Look (20) The Defending Pokemon can't retreat during your opponent's next turn.,,Lx2,0,0.19,0.5,2.99,0.52,0.75,Normal,,F-20,
85797,Golbat,Golbat,https://tcgplayer-cdn.tcgplayer.com/product/85797_200w.jpg,3,1399,https://cpt.tcgcsv.com/ZkJ,2025-11-11T05:43:29.143,1,30/95,Uncommon,Psychic,80,Stage 1,[P] Mean Look (20) The Defending Pokemon can't retreat during your opponent's next turn.,,Lx2,0,0.75,1.07,9.99,1.44,1.17,Reverse Holofoil,,F-20,
85840,Good Rod,Good Rod,https://tcgplayer-cdn.tcgplayer.com/product/85840_200w.jpg,3,1399,https://cpt.tcgcsv.com/QlJ,2024-07-08T13:03:26.663,1,76/95,Uncommon,Trainer,0,Trainer,"Flip a coin.  If heads, search your discard pile for a Pokemon, show it to your opponent, and put it on top of your deck.  If tails, search your discard pile for a Trainer card, show it to your opponent, and put it on top of your deck.",,,,0.1,0.31,10.21,0.31,0.15,Normal,,,
85840,Good Rod,Good Rod,https://tcgplayer-cdn.tcgplayer.com/product/85840_200w.jpg,3,1399,https://cpt.tcgcsv.com/QlJ,2024-07-08T13:03:26.663,1,76/95,Uncommon,Trainer,0,Trainer,"Flip a coin.  If heads, search your discard pile for a Pokemon, show it to your opponent, and put it on top of your deck.  If tails, search your discard pile for a Trainer card, show it to your opponent, and put it on top of your deck.",,,,0.4,0.75,1.5,0.88,,Reverse Holofoil,,,
85919,Grotle,Grotle,https://tcgplayer-cdn.tcgplayer.com/product/85919_200w.jpg,3,1399,https://cpt.tcgcsv.com/pnJ,2026-02-18T20:48:07.927,1,31/95,Uncommon,Grass,90,Stage 1,[1G] Razor Leaf (30),[2G] Sleep Powder (50),Rx2,2,0.22,0.44,96.62,1.28,0.31,Normal,,W-20,
85919,Grotle,Grotle,https://tcgplayer-cdn.tcgplayer.com/product/85919_200w.jpg,3,1399,https://cpt.tcgcsv.com/pnJ,2026-02-18T20:48:07.927,1,31/95,Uncommon,Grass,90,Stage 1,[1G] Razor Leaf (30),[2G] Sleep Powder (50),Rx2,2,2.0,3.49,7.99,3.99,3.49,Reverse Holofoil,,W-20,
86192,Horsea,Horsea,https://tcgplayer-cdn.tcgplayer.com/product/86192_200w.jpg,3,1399,https://cpt.tcgcsv.com/StJ,2025-11-11T05:41:38.583,1,49/95,Common,Water,50,Basic,[1] Beat (10),[1W] Fin Smack (20x) Flip 2 coins.  This attack does 20 damage times the number of heads.,Lx2,1,0.2,0.41,2.35,0.44,0.37,Normal,,,
86192,Horsea,Horsea,https://tcgplayer-cdn.tcgplayer.com/product/86192_200w.jpg,3,1399,https://cpt.tcgcsv.com/StJ,2025-11-11T05:41:38.583,1,49/95,Common,Water,50,Basic,[1] Beat (10),[1W] Fin Smack (20x) Flip 2 coins.  This attack does 20 damage times the number of heads.,Lx2,1,1.9,44.99,49.99,2.99,,Reverse Holofoil,,,
86286,Interviewer's Questions,Interviewers Questions,https://tcgplayer-cdn.tcgplayer.com/product/86286_200w.jpg,3,1399,https://cpt.tcgcsv.com/LwJ,2025-02-05T21:13:35.713,1,77/95,Uncommon,Supporter,0,Supporter,"Look at the top 8 cards of your deck.  Choose as many Energy cards as you like, show them to your opponent, and put them into your hand.  Shuffle the other cards back into your deck.",,,,0.06,0.29,2.28,0.3,0.36,Normal,"You can play only one Supporter each turn.  When you play this card, put it next to your Active Pokemon.  When your turn ends, discard this card.",,
86286,Interviewer's Questions,Interviewers Questions,https://tcgplayer-cdn.tcgplayer.com/product/86286_200w.jpg,3,1399,https://cpt.tcgcsv.com/LwJ,2025-02-05T21:13:35.713,1,77/95,Uncommon,Supporter,0,Supporter,"Look at the top 8 cards of your deck.  Choose as many Energy cards as you like, show them to your opponent, and put them into your hand.  Shuffle the other cards back into your deck.",,,,0.49,1.26,1.8,0.98,,Reverse Holofoil,"You can play only one Supporter each turn.  When you play this card, put it next to your Active Pokemon.  When your turn ends, discard this card.",,
86330,Jirachi,Jirachi,https://tcgplayer-cdn.tcgplayer.com/product/86330_200w.jpg,3,1399,https://cpt.tcgcsv.com/DxJ,2025-03-12T19:40:47.753,1,1/95,Holo Rare,Psychic,60,Basic,[P] Time Hollow - Choose a number of your opponent's Stage 1 or Stage 2 Evolved Pokemon up to the amount of Energy attached to Jirachi.  Remove the highest Stage Evolution card from each of those Pokemon and put those cards back into your opponent's hand.,,Px2,1,15.99,26.99,29.99,22.03,,Holofoil,"Stardust Song - Once during your turn, when you put Jirachi from your hand to your Bench, you may flip 3 coins.  For each heads, search your discard pile for a P Energy card and attach it to Jirachi.  (Poke-POWER)",,
86330,Jirachi,Jirachi,https://tcgplayer-cdn.tcgplayer.com/product/86330_200w.jpg,3,1399,https://cpt.tcgcsv.com/DxJ,2025-03-12T19:40:47.753,1,1/95,Holo Rare,Psychic,60,Basic,[P] Time Hollow - Choose a number of your opponent's Stage 1 or Stage 2 Evolved Pokemon up to the amount of Energy attached to Jirachi.  Remove the highest Stage Evolution card from each of those Pokemon and put those cards back into your opponent's hand.,,Px2,1,16.28,29.44,30.0,14.9,,Reverse Holofoil,"Stardust Song - Once during your turn, when you put Jirachi from your hand to your Bench, you may flip 3 coins.  For each heads, search your discard pile for a P Energy card and attach it to Jirachi.  (Poke-POWER)",,
86359,Judge,Judge,https://tcgplayer-cdn.tcgplayer.com/product/86359_200w.jpg,3,1399,https://cpt.tcgcsv.com/czJ,2026-02-17T19:16:27.85,1,78/95,Uncommon,Supporter,0,Supporter,Each player shuffles his or her hand into his or her deck and draws 4 cards.,,,,5.0,10.98,29.99,6.69,18.37,Normal,"You can play only one Supporter each turn.  When you play this card, put it next to your Active Pokemon.  When your turn ends, discard this card.",,
86359,Judge,Judge,https://tcgplayer-cdn.tcgplayer.com/product/86359_200w.jpg,3,1399,https://cpt.tcgcsv.com/czJ,2026-02-17T19:16:27.85,1,78/95,Uncommon,Supporter,0,Supporter,Each player shuffles his or her hand into his or her deck and draws 4 cards.,,,,13.4,18.3,33.0,12.76,,Reverse Holofoil,"You can play only one Supporter each turn.  When you play this card, put it next to your Active Pokemon.  When your turn ends, discard this card.",,
86415,Kakuna,Kakuna,https://tcgplayer-cdn.tcgplayer.com/product/86415_200w.jpg,3,1399,https://cpt.tcgcsv.com/kBJ,2025-02-05T21:13:35.777,1,32/95,Uncommon,Grass,80,Stage 1,[1] Speed Evolution - Search your deck for a card that evolves from Kakuna and put it onto Kakuna.  (This counts as evolving Kakuna.)  Shuffle your deck afterward.,[G] Poison Sting - The Defending Pokemon is Poisoned.,Rx2,2,0.2,0.4,2.09,0.47,,Normal,,,
86415,Kakuna,Kakuna,https://tcgplayer-cdn.tcgplayer.com/product/86415_200w.jpg,3,1399,https://cpt.tcgcsv.com/kBJ,2025-02-05T21:13:35.777,1,32/95,Uncommon,Grass,80,Stage 1,[1] Speed Evolution - Search your deck for a card that evolves from Kakuna and put it onto Kakuna.  (This counts as evolving Kakuna.)  Shuffle your deck afterward.,[G] Poison Sting - The Defending Pokemon is Poisoned.,Rx2,2,0.37,0.99,5.0,1.82,,Reverse Holofoil,,,
86447,Kingdra,Kingdra,https://tcgplayer-cdn.tcgplayer.com/product/86447_200w.jpg,3,1399,https://cpt.tcgcsv.com/ZBJ,2023-11-30T19:17:29.57,1,17/95,Rare,Water,130,Stage 2,[W] Water Arrow - Choose 1 of your opponent's Pokemon.  This attack does 30 damage to that Pokemon.  (Don't apply Weakness and Resistance for Benched Pokemon.),"[2W] Stream Pump (50+) You may do 50 damage plus 30 more damage.  If you do, return an Energy card attached to Kingdra to your hand.",Lx2,1,1.72,2.8,4.99,2.44,,Normal,,,
86447,Kingdra,Kingdra,https://tcgplayer-cdn.tcgplayer.com/product/86447_200w.jpg,3,1399,https://cpt.tcgcsv.com/ZBJ,2023-11-30T19:17:29.57,1,17/95,Rare,Water,130,Stage 2,[W] Water Arrow - Choose 1 of your opponent's Pokemon.  This attack does 30 damage to that Pokemon.  (Don't apply Weakness and Resistance for Benched Pokemon.),"[2W] Stream Pump (50+) You may do 50 damage plus 30 more damage.  If you do, return an Energy card attached to Kingdra to your hand.",Lx2,1,6.0,7.75,9.03,5.52,,Reverse Holofoil,,,
86448,Kingdra (Prime),Kingdra Prime,https://tcgplayer-cdn.tcgplayer.com/product/86448_200w.jpg,3,1399,https://cpt.tcgcsv.com/-BJ,2023-12-11T21:38:19.143,1,85/95,Ultra Rare,Water,130,Stage 2,"[W] Dragon Steam (60) If your opponent has any R Pokemon in play, this attack's base damage is 20 instead of 60.",,Lx2,1,59.78,61.08,75.0,44.88,,Holofoil,"Spray Splash - Once during your turn (before your attack), you may put 1 damage counter on 1 of your opponent's Pokemon.  This power can't be used if Kingdra is affected by a Special Condition.  (Poke-POWER)",,
86610,Lanturn,Lanturn,https://tcgplayer-cdn.tcgplayer.com/product/86610_200w.jpg,3,1399,https://cpt.tcgcsv.com/dGJ,2023-11-30T19:17:36.61,1,18/95,Rare,Lightning,90,Stage 1,"[L] Confuse Ray (20) Flip a coin.  If heads, the Defending Pokemon is now Confused.",[2L] Reflect Energy (60) Move an Energy card attached to Lanturn to 1 of your Benched Pokemon.,Fx2,2,0.56,0.7,2.01,0.7,,Normal,,,
86610,Lanturn,Lanturn,https://tcgplayer-cdn.tcgplayer.com/product/86610_200w.jpg,3,1399,https://cpt.tcgcsv.com/dGJ,2023-11-30T19:17:36.61,1,18/95,Rare,Lightning,90,Stage 1,"[L] Confuse Ray (20) Flip a coin.  If heads, the Defending Pokemon is now Confused.",[2L] Reflect Energy (60) Move an Energy card attached to Lanturn to 1 of your Benched Pokemon.,Fx2,2,2.24,3.92,14.99,3.99,,Reverse Holofoil,,,
86611,Lanturn (Prime),Lanturn Prime,https://tcgplayer-cdn.tcgplayer.com/product/86611_200w.jpg,3,1399,https://cpt.tcgcsv.com/fGJ,2023-12-11T21:38:27.53,1,86/95,Ultra Rare,Lightning,110,Stage 1,[2L] Powerful Spark (40+) Does 40 damage plus 10 more damage for each Energy attached to all of your Pokemon.,,Fx2,2,18.0,28.38,69.0,25.64,,Holofoil,"Underwater Dive - Once during your turn (before your attack), you may use this power.  Lanturn's type is W until the end of your turn.  This power can't be used if Lanturn is affected by a Special Condition.  (Poke-POWER)",,
86644,Larvitar (50),Larvitar 50,https://tcgplayer-cdn.tcgplayer.com/product/86644_200w.jpg,3,1399,https://cpt.tcgcsv.com/VGJ,2026-02-05T21:02:00.003,1,50/95,Common,Fighting,50,Basic,[1] Mountain Eater - Discard the top card of your opponent's deck.  Then remove 2 damage counters from Larvitar.,[1] Reckless Charge (20) Larvitar does 10 damage to itself.,Wx2,1,0.22,0.5,1.53,0.63,0.2,Normal,,,
86644,Larvitar (50),Larvitar 50,https://tcgplayer-cdn.tcgplayer.com/product/86644_200w.jpg,3,1399,https://cpt.tcgcsv.com/VGJ,2026-02-05T21:02:00.003,1,50/95,Common,Fighting,50,Basic,[1] Mountain Eater - Discard the top card of your opponent's deck.  Then remove 2 damage counters from Larvitar.,[1] Reckless Charge (20) Larvitar does 10 damage to itself.,Wx2,1,7.28,14.99,19.99,1.96,,Reverse Holofoil,,,
86645,Larvitar (51),Larvitar 51,https://tcgplayer-cdn.tcgplayer.com/product/86645_200w.jpg,3,1399,https://cpt.tcgcsv.com/WGJ,2023-12-11T21:27:56.34,1,51/95,Common,Fighting,60,Basic,[1] Bite (10),[1F] Knuckle Punch (20),Wx2,1,0.1,0.26,2.21,0.38,,Normal,,,
86645,Larvitar (51),Larvitar 51,https://tcgplayer-cdn.tcgplayer.com/product/86645_200w.jpg,3,1399,https://cpt.tcgcsv.com/WGJ,2023-12-11T21:27:56.34,1,51/95,Common,Fighting,60,Basic,[1] Bite (10),[1F] Knuckle Punch (20),Wx2,1,4.0,5.66,14.99,10.24,,Reverse Holofoil,,,
86733,Life Herb,Life Herb,https://tcgplayer-cdn.tcgplayer.com/product/86733_200w.jpg,3,1399,https://cpt.tcgcsv.com/HJJ,2025-11-11T05:39:20.36,1,79/95,Uncommon,Trainer,0,Trainer,"Flip a coin.  If heads, choose 1 of your Pokemon and remove all Special Conditions and 6 damage counters from that Pokemon (all if there are less than 6).",,,,0.05,0.25,2.28,0.26,0.25,Normal,,,
86733,Life Herb,Life Herb,https://tcgplayer-cdn.tcgplayer.com/product/86733_200w.jpg,3,1399,https://cpt.tcgcsv.com/HJJ,2025-11-11T05:39:20.36,1,79/95,Uncommon,Trainer,0,Trainer,"Flip a coin.  If heads, choose 1 of your Pokemon and remove all Special Conditions and 6 damage counters from that Pokemon (all if there are less than 6).",,,,0.41,0.76,1.99,0.76,0.42,Reverse Holofoil,,,
86880,Lucario,Lucario,https://tcgplayer-cdn.tcgplayer.com/product/86880_200w.jpg,3,1399,https://cpt.tcgcsv.com/DMJ,2023-11-30T19:35:16.917,1,19/95,Rare,Fighting,90,Stage 1,"[1] Bulk Up (30) During your next turn, each of Lucario's attacks does 30 more damage to the Defending Pokemon (before applying Weakness and Resistance).",[FF] Magnum Punch (50),Px2,1,1.59,1.99,2.07,2.26,,Normal,,,
86880,Lucario,Lucario,https://tcgplayer-cdn.tcgplayer.com/product/86880_200w.jpg,3,1399,https://cpt.tcgcsv.com/DMJ,2023-11-30T19:35:16.917,1,19/95,Rare,Fighting,90,Stage 1,"[1] Bulk Up (30) During your next turn, each of Lucario's attacks does 30 more damage to the Defending Pokemon (before applying Weakness and Resistance).",[FF] Magnum Punch (50),Px2,1,17.67,17.99,4321.0,3.24,,Reverse Holofoil,,,
87050,Magmar,Magmar,https://tcgplayer-cdn.tcgplayer.com/product/87050_200w.jpg,3,1399,https://cpt.tcgcsv.com/0RJ,2025-11-11T05:38:44.903,1,52/95,Common,Fire,70,Basic,[R] Live Coal (10),[1R] Magma Punch (20),Wx2,1,0.1,0.39,1.0,0.4,0.23,Normal,,,
87050,Magmar,Magmar,https://tcgplayer-cdn.tcgplayer.com/product/87050_200w.jpg,3,1399,https://cpt.tcgcsv.com/0RJ,2025-11-11T05:38:44.903,1,52/95,Common,Fire,70,Basic,[R] Live Coal (10),[1R] Magma Punch (20),Wx2,1,5.99,9.45,9.99,2.41,,Reverse Holofoil,,,
87059,Magmortar,Magmortar,https://tcgplayer-cdn.tcgplayer.com/product/87059_200w.jpg,3,1399,https://cpt.tcgcsv.com/cRJ,2023-11-30T16:08:11.69,1,2/95,Holo Rare,Fire,110,Stage 1,[2R] Hard Crush (50x) Discard the top 3 cards from your deck.  This attack does 50 damage times the number of Energy cards you discarded.,[2RR] Mantle Bazooka (100) Discard 2 R Energy attached to Magmortar.,Wx2,2,4.5,6.99,29.99,3.95,,Holofoil,,,
87059,Magmortar,Magmortar,https://tcgplayer-cdn.tcgplayer.com/product/87059_200w.jpg,3,1399,https://cpt.tcgcsv.com/cRJ,2023-11-30T16:08:11.69,1,2/95,Holo Rare,Fire,110,Stage 1,[2R] Hard Crush (50x) Discard the top 3 cards from your deck.  This attack does 50 damage times the number of Energy cards you discarded.,[2RR] Mantle Bazooka (100) Discard 2 R Energy attached to Magmortar.,Wx2,2,4.98,5.5,19.99,6.0,,Reverse Holofoil,,,
87148,Manaphy,Manaphy,https://tcgplayer-cdn.tcgplayer.com/product/87148_200w.jpg,3,1399,https://cpt.tcgcsv.com/-SJ,2025-12-11T04:06:56.92,1,3/95,Holo Rare,Water,60,Basic,"[1] Deep Sea Swirl - Shuffle your hand into your deck.  Then, draw 5 cards.",[W] Wave Splash (20),Lx2,0,12.99,19.99,96.95,6.81,29.99,Holofoil,,,
87148,Manaphy,Manaphy,https://tcgplayer-cdn.tcgplayer.com/product/87148_200w.jpg,3,1399,https://cpt.tcgcsv.com/-SJ,2025-12-11T04:06:56.92,1,3/95,Holo Rare,Water,60,Basic,"[1] Deep Sea Swirl - Shuffle your hand into your deck.  Then, draw 5 cards.",[W] Wave Splash (20),Lx2,0,12.99,20.54,23.2,8.24,,Reverse Holofoil,,,
87176,Mankey,Mankey,https://tcgplayer-cdn.tcgplayer.com/product/87176_200w.jpg,3,1399,https://cpt.tcgcsv.com/xTJ,2023-12-11T21:28:09.673,1,53/95,Common,Fighting,50,Basic,[1] Punch (10),[1F] Karate Chop (40-) Does 40 damage minus 10 damage for each damage counter on Mankey.,Px2,1,0.19,0.38,5.0,0.4,,Normal,,,
87176,Mankey,Mankey,https://tcgplayer-cdn.tcgplayer.com/product/87176_200w.jpg,3,1399,https://cpt.tcgcsv.com/xTJ,2023-12-11T21:28:09.673,1,53/95,Common,Fighting,50,Basic,[1] Punch (10),[1F] Karate Chop (40-) Does 40 damage minus 10 damage for each damage counter on Mankey.,Px2,1,19.99,27.49,34.99,13.61,,Reverse Holofoil,,,
87340,Metagross,Metagross,https://tcgplayer-cdn.tcgplayer.com/product/87340_200w.jpg,3,1399,https://cpt.tcgcsv.com/QXJ,2025-12-11T04:07:49.11,1,4/95,Holo Rare,Psychic,130,Stage 2,[2] Pulse Blast (60),[PPP] Double Leg Hammer - Choose 2 of your opponent's Benched Pokemon.  This attack does 40 damage to each of them.  (Don't apply Weakness and Resistance for Benched Pokemon.),Px2,4,10.0,21.0,29.99,12.88,29.99,Holofoil,"Psychic Float - If you have any P Energy attached to your Active Pokemon, the Retreat Cost for that Pokemon is 0.  (Poke-BODY)",,
87340,Metagross,Metagross,https://tcgplayer-cdn.tcgplayer.com/product/87340_200w.jpg,3,1399,https://cpt.tcgcsv.com/QXJ,2025-12-11T04:07:49.11,1,4/95,Holo Rare,Psychic,130,Stage 2,[2] Pulse Blast (60),[PPP] Double Leg Hammer - Choose 2 of your opponent's Benched Pokemon.  This attack does 40 damage to each of them.  (Don't apply Weakness and Resistance for Benched Pokemon.),Px2,4,7.28,11.25,19.99,7.42,,Reverse Holofoil,"Psychic Float - If you have any P Energy attached to your Active Pokemon, the Retreat Cost for that Pokemon is 0.  (Poke-BODY)",,
87381,Metang,Metang,https://tcgplayer-cdn.tcgplayer.com/product/87381_200w.jpg,3,1399,https://cpt.tcgcsv.com/FZJ,2023-12-11T19:01:51.01,1,33/95,Uncommon,Psychic,80,Stage 1,[P] Energy Crane - Search your discard pile for up to 2 P Energy cards and attach them to your Pokemon in any way you like.,[2P] Psypunch (50),Px2,3,0.14,0.4,1.49,0.43,,Normal,,,
87381,Metang,Metang,https://tcgplayer-cdn.tcgplayer.com/product/87381_200w.jpg,3,1399,https://cpt.tcgcsv.com/FZJ,2023-12-11T19:01:51.01,1,33/95,Uncommon,Psychic,80,Stage 1,[P] Energy Crane - Search your discard pile for up to 2 P Energy cards and attach them to your Pokemon in any way you like.,[2P] Psypunch (50),Px2,3,0.25,0.52,9.99,1.52,,Reverse Holofoil,,,
87491,Minun,Minun,https://tcgplayer-cdn.tcgplayer.com/product/87491_200w.jpg,3,1399,https://cpt.tcgcsv.com/R_J,2023-12-11T19:08:49.493,1,34/95,Uncommon,Lightning,60,Basic,[1] Call for Family - Search your deck for 2 Basic Pokemon and put them onto your Bench.  Shuffle your deck afterward.,"[L] Tag Team Boost (10+) If Plusle is on your Bench, this attack does 10 damage plus 20 more damage.",Fx2,1,1.31,4.5,6.49,2.28,,Normal,,M-20,
87491,Minun,Minun,https://tcgplayer-cdn.tcgplayer.com/product/87491_200w.jpg,3,1399,https://cpt.tcgcsv.com/R_J,2023-12-11T19:08:49.493,1,34/95,Uncommon,Lightning,60,Basic,[1] Call for Family - Search your deck for 2 Basic Pokemon and put them onto your Bench.  Shuffle your deck afterward.,"[L] Tag Team Boost (10+) If Plusle is on your Bench, this attack does 10 damage plus 20 more damage.",Fx2,1,6.99,8.99,11.66,11.45,,Reverse Holofoil,,M-20,
87510,Misdreavus,Misdreavus,https://tcgplayer-cdn.tcgplayer.com/product/87510_200w.jpg,3,1399,https://cpt.tcgcsv.com/d0K,2025-02-05T21:13:35.823,1,54/95,Common,Psychic,50,Basic,[P] Sharpshooting - Choose 1 of your opponent's Pokemon.  This attack does 10 damage to that Pokemon.  (Don't apply Weakness and Resistance for Benched Pokemon.),,Dx2,1,0.08,0.34,2.21,0.39,,Normal,,C-20,
87510,Misdreavus,Misdreavus,https://tcgplayer-cdn.tcgplayer.com/product/87510_200w.jpg,3,1399,https://cpt.tcgcsv.com/d0K,2025-02-05T21:13:35.823,1,54/95,Common,Psychic,50,Basic,[P] Sharpshooting - Choose 1 of your opponent's Pokemon.  This attack does 10 damage to that Pokemon.  (Don't apply Weakness and Resistance for Benched Pokemon.),,Dx2,1,2.12,3.64,9.99,3.55,,Reverse Holofoil,,C-20,
87517,Mismagius,Mismagius,https://tcgplayer-cdn.tcgplayer.com/product/87517_200w.jpg,3,1399,https://cpt.tcgcsv.com/m0K,2023-11-30T16:24:16.15,1,5/95,Holo Rare,Psychic,90,Stage 1,[P] Psychic Pulse (30) Does 10 damage to each of your opponent's Benched Pokemon that has any damage counters on it.  (Don't apply Weakness and Resistance for Benched Pokemon.),,Dx2,1,2.99,5.96,29.99,5.31,,Holofoil,"Magical Trans - Once during your turn (before your attack), you may move a P Energy attached to 1 of your Pokemon to another of your Pokemon.  This power can't be used if Mismagius is affected by a Special Condition.  (Poke-POWER)",,
87517,Mismagius,Mismagius,https://tcgplayer-cdn.tcgplayer.com/product/87517_200w.jpg,3,1399,https://cpt.tcgcsv.com/m0K,2023-11-30T16:24:16.15,1,5/95,Holo Rare,Psychic,90,Stage 1,[P] Psychic Pulse (30) Does 10 damage to each of your opponent's Benched Pokemon that has any damage counters on it.  (Don't apply Weakness and Resistance for Benched Pokemon.),,Dx2,1,6.5,7.12,7.99,8.82,,Reverse Holofoil,"Magical Trans - Once during your turn (before your attack), you may move a P Energy attached to 1 of your Pokemon to another of your Pokemon.  This power can't be used if Mismagius is affected by a Special Condition.  (Poke-POWER)",,
87687,Natu,Natu,https://tcgplayer-cdn.tcgplayer.com/product/87687_200w.jpg,3,1399,https://cpt.tcgcsv.com/M5K,2023-12-11T21:28:21.38,1,55/95,Common,Psychic,50,Basic,[1] Peck (10),[P] Teleport - Switch Natu with 1 of your Benched Pokemon.,Lx2,1,0.1,0.35,1.49,0.35,,Normal,,F-20,
87687,Natu,Natu,https://tcgplayer-cdn.tcgplayer.com/product/87687_200w.jpg,3,1399,https://cpt.tcgcsv.com/M5K,2023-12-11T21:28:21.38,1,55/95,Common,Psychic,50,Basic,[1] Peck (10),[P] Teleport - Switch Natu with 1 of your Benched Pokemon.,Lx2,1,0.92,0.98,15.0,1.5,,Reverse Holofoil,,F-20,
87776,Ninetales,Ninetales,https://tcgplayer-cdn.tcgplayer.com/product/87776_200w.jpg,3,1399,https://cpt.tcgcsv.com/x7K,2023-12-11T17:06:48.7,1,20/95,Rare,Fire,90,Stage 1,[R] Heat Acceleration - Search your discard pile for up to 3 R Energy cards and attach them to 1 of your Pokemon.,[1R] Searing Flame (30) The Defending Pokemon is now Burned.,Wx2,1,5.02,7.97,8.85,5.36,,Normal,,,
87776,Ninetales,Ninetales,https://tcgplayer-cdn.tcgplayer.com/product/87776_200w.jpg,3,1399,https://cpt.tcgcsv.com/x7K,2023-12-11T17:06:48.7,1,20/95,Rare,Fire,90,Stage 1,[R] Heat Acceleration - Search your discard pile for up to 3 R Energy cards and attach them to 1 of your Pokemon.,[1R] Searing Flame (30) The Defending Pokemon is now Burned.,Wx2,1,14.99,21.29,29.99,20.85,,Reverse Holofoil,,,
87816,Numel,Numel,https://tcgplayer-cdn.tcgplayer.com/product/87816_200w.jpg,3,1399,https://cpt.tcgcsv.com/l8K,2025-12-11T04:08:22.093,1,35/95,Uncommon,Fire,60,Basic,"[1] Flare Bonus - Discard a R Energy card from your hand.  Then, draw 3 cards.",[1RR] Combustion (40),Wx2,1,0.19,0.3,0.79,0.47,0.23,Normal,,,
87816,Numel,Numel,https://tcgplayer-cdn.tcgplayer.com/product/87816_200w.jpg,3,1399,https://cpt.tcgcsv.com/l8K,2025-12-11T04:08:22.093,1,35/95,Uncommon,Fire,60,Basic,"[1] Flare Bonus - Discard a R Energy card from your hand.  Then, draw 3 cards.",[1RR] Combustion (40),Wx2,1,0.62,0.89,12.0,0.93,0.75,Reverse Holofoil,,,
87834,Octillery,Octillery,https://tcgplayer-cdn.tcgplayer.com/product/87834_200w.jpg,3,1399,https://cpt.tcgcsv.com/J8K,2023-11-30T16:24:23.397,1,6/95,Holo Rare,Water,80,Stage 1,[W] Switch Cannon - Choose 1 of your opponent's Pokemon.  This attack does 30 damage to that Pokemon.  (Don't apply Weakness and Resistance for Benched Pokemon.)  Switch Octillery with 1 of your Benched Pokemon.,"[2W] Ink Bomb (50) If the Defending Pokemon tries to attack during your opponent's next turn, your opponent flips a coin.  If tails, that attack does nothing.",Lx2,2,2.18,3.0,19.99,3.42,,Holofoil,,,
87834,Octillery,Octillery,https://tcgplayer-cdn.tcgplayer.com/product/87834_200w.jpg,3,1399,https://cpt.tcgcsv.com/J8K,2023-11-30T16:24:23.397,1,6/95,Holo Rare,Water,80,Stage 1,[W] Switch Cannon - Choose 1 of your opponent's Pokemon.  This attack does 30 damage to that Pokemon.  (Don't apply Weakness and Resistance for Benched Pokemon.)  Switch Octillery with 1 of your Benched Pokemon.,"[2W] Ink Bomb (50) If the Defending Pokemon tries to attack during your opponent's next turn, your opponent flips a coin.  If tails, that attack does nothing.",Lx2,2,3.73,5.61,14.99,3.15,,Reverse Holofoil,,,
87884,Onix (56),Onix 56,https://tcgplayer-cdn.tcgplayer.com/product/87884_200w.jpg,3,1399,https://cpt.tcgcsv.com/J9K,2026-02-17T15:06:32.517,1,56/95,Common,Fighting,90,Basic,[3F] Boundless Power (80) Onix can't attack during your next turn.,,Gx2,4,0.19,0.35,19.5,0.55,0.18,Normal,"Energy Healer - Whenever you attach an Energy card from your hand to 1 of your Pokemon, remove 1 damage counter from that Pokemon.  (Poke-BODY)",,
87884,Onix (56),Onix 56,https://tcgplayer-cdn.tcgplayer.com/product/87884_200w.jpg,3,1399,https://cpt.tcgcsv.com/J9K,2026-02-17T15:06:32.517,1,56/95,Common,Fighting,90,Basic,[3F] Boundless Power (80) Onix can't attack during your next turn.,,Gx2,4,1.1,2.99,10.0,1.99,,Reverse Holofoil,"Energy Healer - Whenever you attach an Energy card from your hand to 1 of your Pokemon, remove 1 damage counter from that Pokemon.  (Poke-BODY)",,
87885,Onix (57),Onix 57,https://tcgplayer-cdn.tcgplayer.com/product/87885_200w.jpg,3,1399,https://cpt.tcgcsv.com/K9K,2023-12-11T21:28:34.207,1,57/95,Common,Fighting,90,Basic,[3] Swing Around (20+) Flip 2 coins.  This attack does 20 damage plus 20 more damage for each heads.,,Gx2,3,0.05,0.3,2.29,0.35,,Normal,,,
87885,Onix (57),Onix 57,https://tcgplayer-cdn.tcgplayer.com/product/87885_200w.jpg,3,1399,https://cpt.tcgcsv.com/K9K,2023-12-11T21:28:34.207,1,57/95,Common,Fighting,90,Basic,[3] Swing Around (20+) Flip 2 coins.  This attack does 20 damage plus 20 more damage for each heads.,,Gx2,3,0.7,1.07,18.0,1.31,,Reverse Holofoil,,,
88171,Plusle,Plusle,https://tcgplayer-cdn.tcgplayer.com/product/88171_200w.jpg,3,1399,https://cpt.tcgcsv.com/rhK,2023-12-11T20:57:04.633,1,36/95,Uncommon,Lightning,60,Basic,[1] Collect - Draw 2 cards.,"[L] Thunder Jolt (20) Flip a coin.  If tails, Plusle does 10 damage to itself.",Fx2,1,0.3,1.99,5.14,1.54,,Normal,,M-20,
88171,Plusle,Plusle,https://tcgplayer-cdn.tcgplayer.com/product/88171_200w.jpg,3,1399,https://cpt.tcgcsv.com/rhK,2023-12-11T20:57:04.633,1,36/95,Uncommon,Lightning,60,Basic,[1] Collect - Draw 2 cards.,"[L] Thunder Jolt (20) Flip a coin.  If tails, Plusle does 10 damage to itself.",Fx2,1,8.5,8.99,10.0,4.0,,Reverse Holofoil,,M-20,
88179,PlusPower,PlusPower,https://tcgplayer-cdn.tcgplayer.com/product/88179_200w.jpg,3,1399,https://cpt.tcgcsv.com/ChK,2025-02-05T21:13:35.87,1,80/95,Uncommon,Trainer,0,Trainer,"Attach PlusPower to 1 of your Pokemon.  Discard this card at the end of your turn.  If the Pokemon PlusPower is attached to attacks, the attack does 10 more damage to the Active Pokemon (before applying Weakness and Resistance).",,,,0.2,0.5,2.33,0.86,,Normal,,,
88179,PlusPower,PlusPower,https://tcgplayer-cdn.tcgplayer.com/product/88179_200w.jpg,3,1399,https://cpt.tcgcsv.com/ChK,2025-02-05T21:13:35.87,1,80/95,Uncommon,Trainer,0,Trainer,"Attach PlusPower to 1 of your Pokemon.  Discard this card at the end of your turn.  If the Pokemon PlusPower is attached to attacks, the attack does 10 more damage to the Active Pokemon (before applying Weakness and Resistance).",,,,1.09,1.6,2.33,1.55,,Reverse Holofoil,,,
88216,Pokemon Circulator,Pokemon Circulator,https://tcgplayer-cdn.tcgplayer.com/product/88216_200w.jpg,3,1399,https://cpt.tcgcsv.com/ljK,2025-11-11T05:36:36.527,1,81/95,Uncommon,Trainer,0,Trainer,Your opponent switches his or her Active Pokemon with 1 of his or her Benched Pokemon.,,,,0.06,0.31,2.28,0.37,0.23,Normal,,,
88216,Pokemon Circulator,Pokemon Circulator,https://tcgplayer-cdn.tcgplayer.com/product/88216_200w.jpg,3,1399,https://cpt.tcgcsv.com/ljK,2025-11-11T05:36:36.527,1,81/95,Uncommon,Trainer,0,Trainer,Your opponent switches his or her Active Pokemon with 1 of his or her Benched Pokemon.,,,,0.43,0.73,2.59,0.53,0.29,Reverse Holofoil,,,
88251,Politoed,Politoed,https://tcgplayer-cdn.tcgplayer.com/product/88251_200w.jpg,3,1399,https://cpt.tcgcsv.com/2kK,2023-11-30T16:25:06.387,1,7/95,Holo Rare,Water,120,Stage 2,[2W] Big Chorus (30x) Flip a coin for each W Pokemon you have in play.  This attack does 30 damage times the number of heads.,,Lx2,2,14.98,25.76,47.99,17.52,,Holofoil,"Leap Frog - Once during your turn (before your attack), you may choose a W Pokemon on your Bench and switch it with your Active Pokemon.  This power can't be used if Politoed is affected by a Special Condition.  (Poke-POWER)",,
88251,Politoed,Politoed,https://tcgplayer-cdn.tcgplayer.com/product/88251_200w.jpg,3,1399,https://cpt.tcgcsv.com/2kK,2023-11-30T16:25:06.387,1,7/95,Holo Rare,Water,120,Stage 2,[2W] Big Chorus (30x) Flip a coin for each W Pokemon you have in play.  This attack does 30 damage times the number of heads.,,Lx2,2,13.0,18.38,19.99,15.85,,Reverse Holofoil,"Leap Frog - Once during your turn (before your attack), you may choose a W Pokemon on your Bench and switch it with your Active Pokemon.  This power can't be used if Politoed is affected by a Special Condition.  (Poke-POWER)",,
88260,Poliwag,Poliwag,https://tcgplayer-cdn.tcgplayer.com/product/88260_200w.jpg,3,1399,https://cpt.tcgcsv.com/dkK,2025-11-11T05:37:32.267,1,58/95,Common,Water,50,Basic,[1] Call for Family - Search your deck for a Basic Pokemon and put it onto your Bench.  Shuffle your deck afterward.,[1W] Razor Fin (20),Lx2,1,0.15,0.34,1.49,0.38,0.26,Normal,,,
88260,Poliwag,Poliwag,https://tcgplayer-cdn.tcgplayer.com/product/88260_200w.jpg,3,1399,https://cpt.tcgcsv.com/dkK,2025-11-11T05:37:32.267,1,58/95,Common,Water,50,Basic,[1] Call for Family - Search your deck for a Basic Pokemon and put it onto your Bench.  Shuffle your deck afterward.,[1W] Razor Fin (20),Lx2,1,0.75,5.75,9.99,1.84,,Reverse Holofoil,,,
88268,Poliwhirl,Poliwhirl,https://tcgplayer-cdn.tcgplayer.com/product/88268_200w.jpg,3,1399,https://cpt.tcgcsv.com/nkK,2023-12-11T20:57:10.943,1,37/95,Uncommon,Water,80,Stage 1,[W] Hypnoblast (20) The Defending Pokemon is now Asleep.,[2] Light Punch (30),Lx2,1,1.23,2.07,3.6,2.08,,Normal,,,
88268,Poliwhirl,Poliwhirl,https://tcgplayer-cdn.tcgplayer.com/product/88268_200w.jpg,3,1399,https://cpt.tcgcsv.com/nkK,2023-12-11T20:57:10.943,1,37/95,Uncommon,Water,80,Stage 1,[W] Hypnoblast (20) The Defending Pokemon is now Asleep.,[2] Light Punch (30),Lx2,1,2.66,7.05,20.67,17.29,,Reverse Holofoil,,,
88279,Poliwrath,Poliwrath,https://tcgplayer-cdn.tcgplayer.com/product/88279_200w.jpg,3,1399,https://cpt.tcgcsv.com/CkK,2023-12-11T17:06:55.477,1,21/95,Rare,Water,130,Stage 2,[1W] Steamroll (40) Does 20 damage to 1 of your opponent's Benched Pokemon.  (Don't apply Weakness and Resistance for Benched Pokemon.),"[2W] Dynamic Punch (60+) Flip a coin.  If heads, this attack does 60 damage plus 40 more damage and the Defending Pokemon is now Confused.)",Lx2,3,0.85,1.48,2.86,1.37,,Normal,,,
88279,Poliwrath,Poliwrath,https://tcgplayer-cdn.tcgplayer.com/product/88279_200w.jpg,3,1399,https://cpt.tcgcsv.com/CkK,2023-12-11T17:06:55.477,1,21/95,Rare,Water,130,Stage 2,[1W] Steamroll (40) Does 20 damage to 1 of your opponent's Benched Pokemon.  (Don't apply Weakness and Resistance for Benched Pokemon.),"[2W] Dynamic Punch (60+) Flip a coin.  If heads, this attack does 60 damage plus 40 more damage and the Defending Pokemon is now Confused.)",Lx2,3,3.74,4.23,19.99,9.53,,Reverse Holofoil,,,
88365,Primeape,Primeape,https://tcgplayer-cdn.tcgplayer.com/product/88365_200w.jpg,3,1399,https://cpt.tcgcsv.com/kmK,2023-12-11T17:07:03.867,1,22/95,Rare,Fighting,90,Stage 1,[2] Low Kick (30),[FF] Bebop Punch - Choose 1 of your opponent's Pokemon.  Flip a coin until you get tails.  This attack does 50 damage times the number of heads to that Pokemon.  (Don't apply Weakness and Resistance for Benched Pokemon.),Px2,1,0.88,1.05,4.99,1.21,,Normal,,,
88365,Primeape,Primeape,https://tcgplayer-cdn.tcgplayer.com/product/88365_200w.jpg,3,1399,https://cpt.tcgcsv.com/kmK,2023-12-11T17:07:03.867,1,22/95,Rare,Fighting,90,Stage 1,[2] Low Kick (30),[FF] Bebop Punch - Choose 1 of your opponent's Pokemon.  Flip a coin until you get tails.  This attack does 50 damage times the number of heads to that Pokemon.  (Don't apply Weakness and Resistance for Benched Pokemon.),Px2,1,24.99,25.0,25.0,17.67,,Reverse Holofoil,,,
88453,Pupitar (38),Pupitar 38,https://tcgplayer-cdn.tcgplayer.com/product/88453_200w.jpg,3,1399,https://cpt.tcgcsv.com/5pK,2023-12-11T20:57:16.657,1,38/95,Uncommon,Fighting,70,Stage 1,[2] Rage (20+) Does 20 damage plus 10 more damage for each damage counter on Pupitar.,,Wx2,1,0.22,0.4,1.49,0.42,1.04,Normal,"Boost Gas - If Pupitar has any Energy attached to it, the Retreat Cost for Pupitar is 0.  (Poke-BODY)",L-20,
88453,Pupitar (38),Pupitar 38,https://tcgplayer-cdn.tcgplayer.com/product/88453_200w.jpg,3,1399,https://cpt.tcgcsv.com/5pK,2023-12-11T20:57:16.657,1,38/95,Uncommon,Fighting,70,Stage 1,[2] Rage (20+) Does 20 damage plus 10 more damage for each damage counter on Pupitar.,,Wx2,1,0.85,1.71,4.54,4.32,,Reverse Holofoil,"Boost Gas - If Pupitar has any Energy attached to it, the Retreat Cost for Pupitar is 0.  (Poke-BODY)",L-20,
88454,Pupitar (39),Pupitar 39,https://tcgplayer-cdn.tcgplayer.com/product/88454_200w.jpg,3,1399,https://cpt.tcgcsv.com/6pK,2023-12-11T20:57:22.617,1,39/95,Uncommon,Fighting,80,Stage 1,[1F] Hammer In (30),[2F] Speed Attack (50),Wx2,1,0.23,0.39,2.28,0.57,,Normal,,L-20,
88454,Pupitar (39),Pupitar 39,https://tcgplayer-cdn.tcgplayer.com/product/88454_200w.jpg,3,1399,https://cpt.tcgcsv.com/6pK,2023-12-11T20:57:22.617,1,39/95,Uncommon,Fighting,80,Stage 1,[1F] Hammer In (30),[2F] Speed Attack (50),Wx2,1,1.0,1.23,9.99,1.1,0.78,Reverse Holofoil,,L-20,
88538,Raikou & Suicune Legend (Bottom),Raikou and Suicune Legend Bottom,https://tcgplayer-cdn.tcgplayer.com/product/88538_200w.jpg,3,1399,https://cpt.tcgcsv.com/NqK,2024-04-18T20:09:16.843,1,93/95,Ultra Rare,Lightning Water,160,Legend,[1LL] Thunderbolt Spear (150) Raikou and Suicune LEGEND does 50 damage to itself and don't apply Weakness to this damage.,[2W] Aurora Gain (50) Remove 5 damage counters from Raikou and Suicune LEGEND.,FLx2,1,157.81,173.81,174.96,157.81,,Holofoil,,,
88539,Raikou & Suicune Legend (Top),Raikou and Suicune Legend Top,https://tcgplayer-cdn.tcgplayer.com/product/88539_200w.jpg,3,1399,https://cpt.tcgcsv.com/PqK,2024-04-18T20:08:49.083,1,92/95,Ultra Rare,Lightning Water,160,Legend,[1LL] Thunderbolt Spear (150) Raikou and Suicune LEGEND does 50 damage to itself and don't apply Weakness to this damage.,[2W] Aurora Gain (50) Remove 5 damage counters from Raikou and Suicune LEGEND.,FLx2,1,129.99,153.6,187.91,178.96,,Holofoil,,,
88595,Rare Candy,Rare Candy,https://tcgplayer-cdn.tcgplayer.com/product/88595_200w.jpg,3,1399,https://cpt.tcgcsv.com/WrK,2023-12-11T21:37:56.053,1,82/95,Uncommon,Trainer,0,Trainer,"Choose 1 of your Basic Pokemon in play.  If you have a Stage 1 or Stage 2 card that evolves from that Pokemon in your hand, put that card on the Basic Pokemon.  (This counts as evolving that Pokemon.) (If you choose a Stage 2 Pokemon in your hand, put that Pokemon on the Basic Pokemon instead of on a Stage 1 Pokemon.)",,,,5.67,8.32,19.99,9.02,,Normal,,,
88595,Rare Candy,Rare Candy,https://tcgplayer-cdn.tcgplayer.com/product/88595_200w.jpg,3,1399,https://cpt.tcgcsv.com/WrK,2023-12-11T21:37:56.053,1,82/95,Uncommon,Trainer,0,Trainer,"Choose 1 of your Basic Pokemon in play.  If you have a Stage 1 or Stage 2 card that evolves from that Pokemon in your hand, put that card on the Basic Pokemon.  (This counts as evolving that Pokemon.) (If you choose a Stage 2 Pokemon in your hand, put that Pokemon on the Basic Pokemon instead of on a Stage 1 Pokemon.)",,,,19.94,23.0,37.28,24.73,,Reverse Holofoil,,,
88699,Remoraid,Remoraid,https://tcgplayer-cdn.tcgplayer.com/product/88699_200w.jpg,3,1399,https://cpt.tcgcsv.com/_tK,2023-12-11T21:28:48.163,1,59/95,Common,Water,50,Basic,[W] Rain Splash (10),[1W] Water Arrow - Choose 1 of your opponent's Pokemon.  This attack does 20 damage to that Pokemon.  (Don't apply Weakness and Resistance for Benched Pokemon.),Lx2,1,0.1,0.29,2.25,0.29,,Normal,,,
88699,Remoraid,Remoraid,https://tcgplayer-cdn.tcgplayer.com/product/88699_200w.jpg,3,1399,https://cpt.tcgcsv.com/_tK,2023-12-11T21:28:48.163,1,59/95,Common,Water,50,Basic,[W] Rain Splash (10),[1W] Water Arrow - Choose 1 of your opponent's Pokemon.  This attack does 20 damage to that Pokemon.  (Don't apply Weakness and Resistance for Benched Pokemon.),Lx2,1,0.75,0.96,15.0,0.87,,Reverse Holofoil,,,
88757,Riolu,Riolu,https://tcgplayer-cdn.tcgplayer.com/product/88757_200w.jpg,3,1399,https://cpt.tcgcsv.com/9wK,2023-12-11T21:28:53.58,1,60/95,Common,Fighting,60,Basic,[1] Kick (10),[1F] Double Chop (20x),Px2,1,0.01,0.29,2.33,0.33,0.2,Normal,,,
88757,Riolu,Riolu,https://tcgplayer-cdn.tcgplayer.com/product/88757_200w.jpg,3,1399,https://cpt.tcgcsv.com/9wK,2023-12-11T21:28:53.58,1,60/95,Common,Fighting,60,Basic,[1] Kick (10),[1F] Double Chop (20x),Px2,1,14.0,17.5,29.99,13.99,,Reverse Holofoil,,,
88823,Roselia,Roselia,https://tcgplayer-cdn.tcgplayer.com/product/88823_200w.jpg,3,1399,https://cpt.tcgcsv.com/txK,2023-12-11T21:28:59.153,1,61/95,Common,Grass,60,Basic,[P] Petal Dance (20x) Flip 3 coins.  This attack does 20 damage times the number of heads.  Roselia is now Confused.,,Rx2,1,0.12,0.34,2.25,0.37,,Normal,,,
88823,Roselia,Roselia,https://tcgplayer-cdn.tcgplayer.com/product/88823_200w.jpg,3,1399,https://cpt.tcgcsv.com/txK,2023-12-11T21:28:59.153,1,61/95,Common,Grass,60,Basic,[P] Petal Dance (20x) Flip 3 coins.  This attack does 20 damage times the number of heads.  Roselia is now Confused.,,Rx2,1,0.52,1.05,9.99,1.49,,Reverse Holofoil,,,
88830,Roserade,Roserade,https://tcgplayer-cdn.tcgplayer.com/product/88830_200w.jpg,3,1399,https://cpt.tcgcsv.com/DxK,2023-12-11T17:08:45.267,1,23/95,Rare,Grass,90,Stage 1,[1G] Power Blow (20x) Does 20 damage times the amount of Energy attached to Roserade.,,Rx2,1,0.29,0.55,5.0,0.55,,Normal,"Energy Signal - When you attach a G Energy card or a P Energy card from your hand to Roserade during your turn, you may use this power.  If you attach a G Energy card, the Defending Pokemon is now Confused.  If you attach a P Energy card, the Defending Pokemon is now Poisoned.  This power can't be used if Roserade is affected by a Special Condition.  (Poke-POWER)",,
88830,Roserade,Roserade,https://tcgplayer-cdn.tcgplayer.com/product/88830_200w.jpg,3,1399,https://cpt.tcgcsv.com/DxK,2023-12-11T17:08:45.267,1,23/95,Rare,Grass,90,Stage 1,[1G] Power Blow (20x) Does 20 damage times the amount of Energy attached to Roserade.,,Rx2,1,1.57,2.27,14.99,4.56,,Reverse Holofoil,"Energy Signal - When you attach a G Energy card or a P Energy card from your hand to Roserade during your turn, you may use this power.  If you attach a G Energy card, the Defending Pokemon is now Confused.  If you attach a P Energy card, the Defending Pokemon is now Poisoned.  This power can't be used if Roserade is affected by a Special Condition.  (Poke-POWER)",,
89016,Seadra,Seadra,https://tcgplayer-cdn.tcgplayer.com/product/89016_200w.jpg,3,1399,https://cpt.tcgcsv.com/lDK,2023-12-11T21:10:15.047,1,40/95,Uncommon,Water,80,Stage 1,[W] Muddy Water (20) Does 10 damage to 1 of your opponent's Benched Pokemon.  (Don't apply Weakness and Resistance for Benched Pokemon.),[2W] Razor Fin (50),Lx2,1,0.48,0.76,3.49,0.76,,Normal,,,
89016,Seadra,Seadra,https://tcgplayer-cdn.tcgplayer.com/product/89016_200w.jpg,3,1399,https://cpt.tcgcsv.com/lDK,2023-12-11T21:10:15.047,1,40/95,Uncommon,Water,80,Stage 1,[W] Muddy Water (20) Does 10 damage to 1 of your opponent's Benched Pokemon.  (Don't apply Weakness and Resistance for Benched Pokemon.),[2W] Razor Fin (50),Lx2,1,1.0,6.99,4321.0,2.3,,Reverse Holofoil,,,
89109,Shaymin,Shaymin,https://tcgplayer-cdn.tcgplayer.com/product/89109_200w.jpg,3,1399,https://cpt.tcgcsv.com/cGK,2023-11-30T16:25:12.367,1,8/95,Holo Rare,Grass,70,Basic,[1G] Energy Bloom (30) Remove 3 damage counters from each of your Pokemon that has any Energy attached to it.,,Rx2,1,13.16,23.94,29.99,12.95,,Holofoil,"Celebration Wind - Once during your turn, when you put Shaymin from your hand onto your Bench, you may move as many Energy cards attached to your Pokemon as you like to any of your other Pokemon.  (Poke-POWER)",F-20,
89109,Shaymin,Shaymin,https://tcgplayer-cdn.tcgplayer.com/product/89109_200w.jpg,3,1399,https://cpt.tcgcsv.com/cGK,2023-11-30T16:25:12.367,1,8/95,Holo Rare,Grass,70,Basic,[1G] Energy Bloom (30) Remove 3 damage counters from each of your Pokemon that has any Energy attached to it.,,Rx2,1,14.99,17.72,20.44,11.99,,Reverse Holofoil,"Celebration Wind - Once during your turn, when you put Shaymin from your hand onto your Bench, you may move as many Energy cards attached to your Pokemon as you like to any of your other Pokemon.  (Poke-POWER)",F-20,
89442,Spearow,Spearow,https://tcgplayer-cdn.tcgplayer.com/product/89442_200w.jpg,3,1399,https://cpt.tcgcsv.com/SNK,2025-02-12T04:46:53.48,1,62/95,Common,Colorless,50,Basic,[1] Roost - Remove 4 damage counters from Spearow.  Spearow can't retreat during your next turn.,[1] Flap (10),Lx2,1,0.16,0.29,2.33,0.28,0.2,Normal,,F-20,
89442,Spearow,Spearow,https://tcgplayer-cdn.tcgplayer.com/product/89442_200w.jpg,3,1399,https://cpt.tcgcsv.com/SNK,2025-02-12T04:46:53.48,1,62/95,Common,Colorless,50,Basic,[1] Roost - Remove 4 damage counters from Spearow.  Spearow can't retreat during your next turn.,[1] Flap (10),Lx2,1,0.35,0.55,15.0,0.67,,Reverse Holofoil,,F-20,
89496,Squirtle,Squirtle,https://tcgplayer-cdn.tcgplayer.com/product/89496_200w.jpg,3,1399,https://cpt.tcgcsv.com/XPK,2023-12-11T21:29:09.66,1,63/95,Common,Water,60,Basic,[W] Rain Splash (10),[1WW] Shell Attack (40),Lx2,1,1.0,1.42,2.99,1.72,,Normal,,,
89496,Squirtle,Squirtle,https://tcgplayer-cdn.tcgplayer.com/product/89496_200w.jpg,3,1399,https://cpt.tcgcsv.com/XPK,2023-12-11T21:29:09.66,1,63/95,Common,Water,60,Basic,[W] Rain Splash (10),[1WW] Shell Attack (40),Lx2,1,59.98,59.99,99.99,51.61,,Reverse Holofoil,,,
89506,Stantler,Stantler,https://tcgplayer-cdn.tcgplayer.com/product/89506_200w.jpg,3,1399,https://cpt.tcgcsv.com/8QK,2025-11-11T05:35:56.96,1,64/95,Common,Colorless,70,Basic,[1] Call for Family - Search your deck for up to 2 Basic Pokemon and put them onto your Bench.  Shuffle your deck afterward.,[3] Mystifying Horns (30) The Defending Pokemon is now Confused.,Fx2,1,0.1,0.36,2.33,0.44,0.2,Normal,,,
89506,Stantler,Stantler,https://tcgplayer-cdn.tcgplayer.com/product/89506_200w.jpg,3,1399,https://cpt.tcgcsv.com/8QK,2025-11-11T05:35:56.96,1,64/95,Common,Colorless,70,Basic,[1] Call for Family - Search your deck for up to 2 Basic Pokemon and put them onto your Bench.  Shuffle your deck afterward.,[3] Mystifying Horns (30) The Defending Pokemon is now Confused.,Fx2,1,0.5,1.01,9.99,1.41,,Reverse Holofoil,,,
89563,Steelix,Steelix,https://tcgplayer-cdn.tcgplayer.com/product/89563_200w.jpg,3,1399,https://cpt.tcgcsv.com/hRK,2025-12-11T04:08:56.14,1,24/95,Rare,Metal,120,Stage 1,"[2M] Guard Press (40) During your opponent's next turn, any damage done to Steelix by attacks is reduced by 20 (after applying Weakness and Resistance).",[2MM] Steel Swing (80x) Flip 2 coins.  This attack does 80 damage times the number of heads.,Rx2,4,0.9,1.48,2.2,1.51,,Normal,,P-20,
89563,Steelix,Steelix,https://tcgplayer-cdn.tcgplayer.com/product/89563_200w.jpg,3,1399,https://cpt.tcgcsv.com/hRK,2025-12-11T04:08:56.14,1,24/95,Rare,Metal,120,Stage 1,"[2M] Guard Press (40) During your opponent's next turn, any damage done to Steelix by attacks is reduced by 20 (after applying Weakness and Resistance).",[2MM] Steel Swing (80x) Flip 2 coins.  This attack does 80 damage times the number of heads.,Rx2,4,1.5,3.68,14.99,3.85,,Reverse Holofoil,,P-20,
89564,Steelix (Prime),Steelix Prime,https://tcgplayer-cdn.tcgplayer.com/product/89564_200w.jpg,3,1399,https://cpt.tcgcsv.com/jRK,2023-12-11T21:38:52.23,1,87/95,Ultra Rare,Metal,140,Stage 1,[2] Energy Stream (30) Search your discard pile for an Energy card and attach it to Steelix.,[3MM] Gaia Crush (100) You may discard any Stadium card in play.,Rx2,4,38.53,121.52,185.0,94.41,185.0,Holofoil,Perfect Metal - Steelix can't be affected by any Special Conditions.  (Poke-BODY),P-20,
89596,Sudowoodo,Sudowoodo,https://tcgplayer-cdn.tcgplayer.com/product/89596_200w.jpg,3,1399,https://cpt.tcgcsv.com/XRK,2024-09-21T21:22:13.993,1,9/95,Holo Rare,Fighting,90,Basic,[F] Push Over (20x) Does 20 damage times the amount of F Energy attached to Sudowoodo.,[3] Rumble (40) The Defending Pokemon can't retreat during your opponent's next turn.,Wx2,2,12.47,19.99,59.99,14.13,,Holofoil,,,
89596,Sudowoodo,Sudowoodo,https://tcgplayer-cdn.tcgplayer.com/product/89596_200w.jpg,3,1399,https://cpt.tcgcsv.com/XRK,2024-09-21T21:22:13.993,1,9/95,Holo Rare,Fighting,90,Basic,[F] Push Over (20x) Does 20 damage times the amount of F Energy attached to Sudowoodo.,[3] Rumble (40) The Defending Pokemon can't retreat during your opponent's next turn.,Wx2,2,14.99,18.0,39.99,4.5,,Reverse Holofoil,,,
89609,Suicune & Entei Legend (Bottom),Suicune and Entei Legend Bottom,https://tcgplayer-cdn.tcgplayer.com/product/89609_200w.jpg,3,1399,https://cpt.tcgcsv.com/cSK,2024-04-18T20:10:30.523,1,95/95,Ultra Rare,Fire Water,160,Legend,[1WW] Torrent Blade - Return 2 W Energy attached to Suicune and Entei LEGEND to your hand.  Choose 1 of your opponent's Benched Pokemon.  This attack does 100 damage to that Pokemon.  (Don't apply Weakness and Resistance for Benched Pokemon.),[2R] Bursting Inferno (80) The Defending Pokemon is now Burned.,LWx2,1,48.0,76.6,699.99,130.0,,Holofoil,,,
89610,Suicune & Entei Legend (Top),Suicune and Entei Legend Top,https://tcgplayer-cdn.tcgplayer.com/product/89610_200w.jpg,3,1399,https://cpt.tcgcsv.com/dSK,2026-01-06T16:56:28.183,1,94/95,Ultra Rare,Fire Water,160,Legend,[1WW] Torrent Blade - Return 2 W Energy attached to Suicune and Entei LEGEND to your hand.  Choose 1 of your opponent's Benched Pokemon.  This attack does 100 damage to that Pokemon.  (Don't apply Weakness and Resistance for Benched Pokemon.),[2R] Bursting Inferno (80) The Defending Pokemon is now Burned.,LWx2,1,349.0,529.98,849.98,98.27,699.99,Holofoil,,,
89640,Super Scoop Up,Super Scoop Up,https://tcgplayer-cdn.tcgplayer.com/product/89640_200w.jpg,3,1399,https://cpt.tcgcsv.com/QSK,2023-12-11T21:38:04.003,1,83/95,Uncommon,Trainer,0,Trainer,"Flip a coin.  If heads, return 1 of your Pokemon and all cards attached to it to your hand.",,,,0.25,0.71,2.71,0.78,,Normal,,,
89640,Super Scoop Up,Super Scoop Up,https://tcgplayer-cdn.tcgplayer.com/product/89640_200w.jpg,3,1399,https://cpt.tcgcsv.com/QSK,2023-12-11T21:38:04.003,1,83/95,Uncommon,Trainer,0,Trainer,"Flip a coin.  If heads, return 1 of your Pokemon and all cards attached to it to your hand.",,,,0.8,1.75,7.05,0.9,,Reverse Holofoil,,,
89766,Tauros,Tauros,https://tcgplayer-cdn.tcgplayer.com/product/89766_200w.jpg,3,1399,https://cpt.tcgcsv.com/lWK,2023-12-11T21:10:20.907,1,41/95,Uncommon,Colorless,90,Basic,[2] Smash Kick (20),[2] Crimson Bull (30x) Flip 3 coins.  This attack does 30 damage times the number of heads.  Tauros is now Confused.,Fx2,2,0.69,1.49,9.13,1.2,,Normal,,,
89766,Tauros,Tauros,https://tcgplayer-cdn.tcgplayer.com/product/89766_200w.jpg,3,1399,https://cpt.tcgcsv.com/lWK,2023-12-11T21:10:20.907,1,41/95,Uncommon,Colorless,90,Basic,[2] Smash Kick (20),[2] Crimson Bull (30x) Flip 3 coins.  This attack does 30 damage times the number of heads.  Tauros is now Confused.,Fx2,2,13.68,14.99,25.0,2.01,,Reverse Holofoil,,,
89859,Teddiursa,Teddiursa,https://tcgplayer-cdn.tcgplayer.com/product/89859_200w.jpg,3,1399,https://cpt.tcgcsv.com/cZK,2025-11-11T05:35:16.957,1,65/95,Common,Colorless,60,Basic,[1] Take Down (20) Teddiursa does 10 damage to itself.,,Fx2,1,0.12,0.53,2.53,0.59,0.4,Normal,,,
89859,Teddiursa,Teddiursa,https://tcgplayer-cdn.tcgplayer.com/product/89859_200w.jpg,3,1399,https://cpt.tcgcsv.com/cZK,2025-11-11T05:35:16.957,1,65/95,Common,Colorless,60,Basic,[1] Take Down (20) Teddiursa does 10 damage to itself.,,Fx2,1,5.99,7.0,13.13,10.9,,Reverse Holofoil,,,
89972,Torkoal,Torkoal,https://tcgplayer-cdn.tcgplayer.com/product/89972_200w.jpg,3,1399,https://cpt.tcgcsv.com/s_K,2023-12-11T18:21:48.35,1,25/95,Rare,Fire,80,Basic,[1F] Flare (30),,Wx2,2,0.2,0.54,1.86,0.64,,Normal,"Hot Snort - Once during your turn, when you put Torkoal from your hand onto your Bench, you may flip a coin.  If heads, the Defending Pokemon is now Burned.  (Poke-POWER)",,
89972,Torkoal,Torkoal,https://tcgplayer-cdn.tcgplayer.com/product/89972_200w.jpg,3,1399,https://cpt.tcgcsv.com/s_K,2023-12-11T18:21:48.35,1,25/95,Rare,Fire,80,Basic,[1F] Flare (30),,Wx2,2,2.0,4.0,20.0,5.01,,Reverse Holofoil,"Hot Snort - Once during your turn, when you put Torkoal from your hand onto your Bench, you may flip a coin.  If heads, the Defending Pokemon is now Burned.  (Poke-POWER)",,
89987,Torterra,Torterra,https://tcgplayer-cdn.tcgplayer.com/product/89987_200w.jpg,3,1399,https://cpt.tcgcsv.com/M_K,2023-11-30T16:25:25.443,1,10/95,Holo Rare,Grass,140,Stage 2,[2G] Giga Drain (40) Remove from Torterra the number of damage counters equal to the damage you did to the Defending Pokemon.,[3G] Land Crush (80),Rx2,4,5.23,9.0,29.99,10.34,,Holofoil,,,
89987,Torterra,Torterra,https://tcgplayer-cdn.tcgplayer.com/product/89987_200w.jpg,3,1399,https://cpt.tcgcsv.com/M_K,2023-11-30T16:25:25.443,1,10/95,Holo Rare,Grass,140,Stage 2,[2G] Giga Drain (40) Remove from Torterra the number of damage counters equal to the damage you did to the Defending Pokemon.,[3G] Land Crush (80),Rx2,4,8.56,19.95,19.99,11.52,,Reverse Holofoil,,,
90061,Tropius,Tropius,https://tcgplayer-cdn.tcgplayer.com/product/90061_200w.jpg,3,1399,https://cpt.tcgcsv.com/f2L,2023-12-11T21:29:30.353,1,66/95,Common,Grass,80,Basic,"[G] Green Call - Flip 2 coins.  For each heads, search your deck for a G Pokemon, show it to your opponent, and put it into your hand.  If you do, shuffle your deck afterward.",[1G] Gust (20),Rx2,1,0.14,0.3,2.25,0.38,,Normal,,F-20,
90061,Tropius,Tropius,https://tcgplayer-cdn.tcgplayer.com/product/90061_200w.jpg,3,1399,https://cpt.tcgcsv.com/f2L,2023-12-11T21:29:30.353,1,66/95,Common,Grass,80,Basic,"[G] Green Call - Flip 2 coins.  For each heads, search your deck for a G Pokemon, show it to your opponent, and put it into your hand.  If you do, shuffle your deck afterward.",[1G] Gust (20),Rx2,1,0.39,0.96,12.0,0.92,,Reverse Holofoil,,F-20,
90080,Turtwig,Turtwig,https://tcgplayer-cdn.tcgplayer.com/product/90080_200w.jpg,3,1399,https://cpt.tcgcsv.com/D2L,2023-12-11T21:29:39.833,1,67/95,Common,Grass,50,Basic,"[G] Leech Seed (10) If this attack does any damage to the Defending Pokemon (after applying Weakness and Resistance), remove 1 damage counter from Turtwig.",[2] Ram (20),Rx2,1,0.12,0.43,1.61,0.43,0.35,Normal,,W-20,
90080,Turtwig,Turtwig,https://tcgplayer-cdn.tcgplayer.com/product/90080_200w.jpg,3,1399,https://cpt.tcgcsv.com/D2L,2023-12-11T21:29:39.833,1,67/95,Common,Grass,50,Basic,"[G] Leech Seed (10) If this attack does any damage to the Defending Pokemon (after applying Weakness and Resistance), remove 1 damage counter from Turtwig.",[2] Ram (20),Rx2,1,8.0,16.68,4321.0,7.86,,Reverse Holofoil,,W-20,
90121,Tyranitar,Tyranitar,https://tcgplayer-cdn.tcgplayer.com/product/90121_200w.jpg,3,1399,https://cpt.tcgcsv.com/r3L,2023-12-11T18:21:53.87,1,26/95,Rare,Darkness,140,Stage 2,"[3] Tail Crush (40+) Flip a coin.  If heads, this attack does 40 damage plus 20 more damage.",[2DD] Hyper Beam (80) Discard an Energy card attached to the Defending Pokemon.,Fx2,3,2.25,4.59,9.07,6.11,,Normal,,P-20,
90121,Tyranitar,Tyranitar,https://tcgplayer-cdn.tcgplayer.com/product/90121_200w.jpg,3,1399,https://cpt.tcgcsv.com/r3L,2023-12-11T18:21:53.87,1,26/95,Rare,Darkness,140,Stage 2,"[3] Tail Crush (40+) Flip a coin.  If heads, this attack does 40 damage plus 20 more damage.",[2DD] Hyper Beam (80) Discard an Energy card attached to the Defending Pokemon.,Fx2,3,39.99,40.0,40.0,23.25,39.99,Reverse Holofoil,,P-20,
90122,Tyranitar (Prime),Tyranitar Prime,https://tcgplayer-cdn.tcgplayer.com/product/90122_200w.jpg,3,1399,https://cpt.tcgcsv.com/s3L,2023-12-11T21:38:59.877,1,88/95,Ultra Rare,Darkness,160,Stage 2,[D] Darkness Howl - This attack does 20 damage to each Pokemon in play (both yours and your opponent's) (excluding any D Pokemon).  (Don't apply Weakness and Resistance for Benched Pokemon.),"[2D] Power Claw (60) This attack's damage isn't affected by Poke-Powers, Poke-Bodies, or any other effects on the Defending Pokemon.",Fx2,3,84.99,153.8,350.97,124.83,,Holofoil,,P-20,[2DD] Megaton Tail (120) Discard the top 3 cards of your deck.
90254,Ursaring,Ursaring,https://tcgplayer-cdn.tcgplayer.com/product/90254_200w.jpg,3,1399,https://cpt.tcgcsv.com/67L,2023-12-11T18:21:59.147,1,27/95,Rare,Colorless,100,Stage 1,[1] Confront (20),"[3] Cross Chop (50+) Flip a coin.  If heads, this attack does 50 damage plus 30 more damage.",Fx2,3,0.5,1.17,2.31,0.94,,Normal,,,
90254,Ursaring,Ursaring,https://tcgplayer-cdn.tcgplayer.com/product/90254_200w.jpg,3,1399,https://cpt.tcgcsv.com/67L,2023-12-11T18:21:59.147,1,27/95,Rare,Colorless,100,Stage 1,[1] Confront (20),"[3] Cross Chop (50+) Flip a coin.  If heads, this attack does 50 damage plus 30 more damage.",Fx2,3,2.25,3.04,9.99,3.05,,Reverse Holofoil,,,
90255,Ursaring (Prime),Ursaring Prime,https://tcgplayer-cdn.tcgplayer.com/product/90255_200w.jpg,3,1399,https://cpt.tcgcsv.com/77L,2023-12-11T21:39:06.717,1,89/95,Ultra Rare,Colorless,110,Stage 1,[3] Hammer Arm (30) Discard the top card from your opponent's deck.,[4] Megaton Lariat (60),Fx2,3,27.93,34.37,59.99,34.59,,Holofoil,"Berserk - If Ursaring has any damage counters on it, each of Ursaring's attacks does 60 more damage (before applying Weakness and Resistance).  (Poke-BODY)",,
90445,Vulpix,Vulpix,https://tcgplayer-cdn.tcgplayer.com/product/90445_200w.jpg,3,1399,https://cpt.tcgcsv.com/WbL,2025-11-11T05:34:08.387,1,68/95,Common,Fire,60,Basic,"[R] Fireworks (20) Flip a coin.  If tails, discard a R Energy attached to Vulpix.",,Wx2,1,0.43,2.0,96.95,3.59,96.95,Normal,,,
90445,Vulpix,Vulpix,https://tcgplayer-cdn.tcgplayer.com/product/90445_200w.jpg,3,1399,https://cpt.tcgcsv.com/WbL,2025-11-11T05:34:08.387,1,68/95,Common,Fire,60,Basic,"[R] Fireworks (20) Flip a coin.  If tails, discard a R Energy attached to Vulpix.",,Wx2,1,6.1,14.25,26.99,15.2,,Reverse Holofoil,,,
90491,Wartortle,Wartortle,https://tcgplayer-cdn.tcgplayer.com/product/90491_200w.jpg,3,1399,https://cpt.tcgcsv.com/RcL,2023-12-11T21:14:37.457,1,42/95,Uncommon,Water,80,Stage 1,[W] Water Arrow - Choose 1 of your opponent's Pokemon.  This attack does 20 damage to that Pokemon.  (Don't apply Weakness and Resistance for Benched Pokemon.),[2W] Surf (50),Lx2,1,0.5,1.12,5.37,1.62,,Normal,,,
90491,Wartortle,Wartortle,https://tcgplayer-cdn.tcgplayer.com/product/90491_200w.jpg,3,1399,https://cpt.tcgcsv.com/RcL,2023-12-11T21:14:37.457,1,42/95,Uncommon,Water,80,Stage 1,[W] Water Arrow - Choose 1 of your opponent's Pokemon.  This attack does 20 damage to that Pokemon.  (Don't apply Weakness and Resistance for Benched Pokemon.),[2W] Surf (50),Lx2,1,8.99,19.99,29.99,8.95,,Reverse Holofoil,,,
90546,Weedle,Weedle,https://tcgplayer-cdn.tcgplayer.com/product/90546_200w.jpg,3,1399,https://cpt.tcgcsv.com/XdL,2025-12-02T05:38:06.9,1,69/95,Common,Grass,40,Basic,[1] Speed Evolution - Search your deck for a card that evolves from Weedle and put it onto Weedle.  (This counts as evolving Weedle.)  Shuffle your deck afterward.,[G] Sting (10),Rx2,1,0.19,0.4,1.68,0.4,,Normal,,,
90546,Weedle,Weedle,https://tcgplayer-cdn.tcgplayer.com/product/90546_200w.jpg,3,1399,https://cpt.tcgcsv.com/XdL,2025-12-02T05:38:06.9,1,69/95,Common,Grass,40,Basic,[1] Speed Evolution - Search your deck for a card that evolves from Weedle and put it onto Weedle.  (This counts as evolving Weedle.)  Shuffle your deck afterward.,[G] Sting (10),Rx2,1,1.25,2.56,5.0,1.2,3.11,Reverse Holofoil,,,
90666,Xatu,Xatu,https://tcgplayer-cdn.tcgplayer.com/product/90666_200w.jpg,3,1399,https://cpt.tcgcsv.com/lhL,2023-11-30T16:47:04.347,1,11/95,Holo Rare,Psychic,90,Stage 1,[P] Psywave (20x) Does 20 damage times the amount of Energy attached to the Defending Pokemon.,"[2G] Confuse Ray (50) Flip a coin.  If heads, the Defending Pokemon is now Confused.",Lx2,1,2.36,9.99,29.99,2.6,,Holofoil,,F-20,
90666,Xatu,Xatu,https://tcgplayer-cdn.tcgplayer.com/product/90666_200w.jpg,3,1399,https://cpt.tcgcsv.com/lhL,2023-11-30T16:47:04.347,1,11/95,Holo Rare,Psychic,90,Stage 1,[P] Psywave (20x) Does 20 damage times the amount of Energy attached to the Defending Pokemon.,"[2G] Confuse Ray (50) Flip a coin.  If heads, the Defending Pokemon is now Confused.",Lx2,1,2.99,4.23,20.0,4.87,,Reverse Holofoil,,F-20,
90776,Zubat,Zubat,https://tcgplayer-cdn.tcgplayer.com/product/90776_200w.jpg,3,1399,https://cpt.tcgcsv.com/xkL,2025-11-11T05:33:33.043,1,70/95,Common,Psychic,50,Basic,[1] Glide (10),[P] Double Attack - Choose 2 of your opponent's Benched Pokemon.  This attack does 10 damage to each of them.  (Don't apply Weakness and Resistance for Benched Pokemon.),Lx2,1,0.12,0.32,5.0,0.4,0.75,Normal,,F-20,
90776,Zubat,Zubat,https://tcgplayer-cdn.tcgplayer.com/product/90776_200w.jpg,3,1399,https://cpt.tcgcsv.com/xkL,2025-11-11T05:33:33.043,1,70/95,Common,Psychic,50,Basic,[1] Glide (10),[P] Double Attack - Choose 2 of your opponent's Benched Pokemon.  This attack does 10 damage to each of them.  (Don't apply Weakness and Resistance for Benched Pokemon.),Lx2,1,3.35,5.79,12.59,7.5,,Reverse Holofoil,,F-20,
98582,Unleashed Booster Pack,Unleashed Booster Pack,https://tcgplayer-cdn.tcgplayer.com/product/98582_200w.jpg,3,1399,https://cpt.tcgcsv.com/GrP,2017-07-22T17:02:03.61,1,,,,,,,,,,449.99,449.99,475.0,360.0,,Normal,,,
98583,Unleashed Booster Box,Unleashed Booster Box,https://tcgplayer-cdn.tcgplayer.com/product/98583_200w.jpg,3,1399,https://cpt.tcgcsv.com/HrP,2015-05-06T14:57:48.08,1,,,,,,,,,,,,,,,,,,
