productId,name,cleanName,imageUrl,categoryId,groupId,url,modifiedOn,imageCount,extNumber,extRarity,extCardType,extHP,extStage,extCardText,extAttack1,extWeakness,extRetreatCost,lowPrice,midPrice,highPrice,marketPrice,directLowPrice,subTypeName,extAttack2,extResistance
107596,Pokemon Base Set (Shadowless) [1st Edition] Booster Box,Pokemon Base Set Shadowless 1st Edition Booster Box,https://tcgplayer-cdn.tcgplayer.com/product/107596_200w.jpg,3,1663,https://cpt.tcgcsv.com/X2T,2024-02-12T20:18:51.093,1,,,,,,"Put the power in your hand with the Pokémon trading card game!

<br>The hugely successful Pokémon Game Boy game was just the beginning of the Pokémon phenomenon. Now, with the trading card game, you can train your favorite Pokémon to pit them against a rival's Pokémon in a fight to the finish! Increase their powers with Energy, and your Pokémon will launch the special attacks you've seen in the popular Pokémon animated TV show!

<br>Choose your favorite Pokémon from the random cards in this booster pack to customize a Pokémon theme deck or starter set. Or design your own undefeatable deck by combining prized Pokémon and trainers. The possibilities are endless!

<br>Do you have the skills to become the world's number-one Pokémon Master? Master the Pokémon trading card game and find out!
<br>Each Base Set - Booster Box (1st Edition) contains 36 Booster Packs 
<br>• Each Base Set - Booster Pack (1st Edition) contains 11 randomly inserted game cards.

<br><br>Cards vary by pack. Booster pack packaging varies by product.",,,,,,,,,,,
107597,Pokemon Base Set (Shadowless) [Unlimited Edition] Booster Box,Pokemon Base Set Shadowless Unlimited Edition Booster Box,https://tcgplayer-cdn.tcgplayer.com/product/107597_200w.jpg,3,1663,https://cpt.tcgcsv.com/Z2T,2024-02-12T20:21:13.663,1,,,,,,,,,,60000.0,60000.0,60000.0,,,Normal,,
138131,Pokemon Base Set (Shadowless) [Unlimited Edition] Booster Pack,Pokemon Base Set Shadowless Unlimited Edition Booster Pack,https://tcgplayer-cdn.tcgplayer.com/product/138131_200w.jpg,3,1663,https://cpt.tcgcsv.com/Fg72,2022-11-21T14:59:46.787,1,,,,,,This Base Set Booster pack features the unlimited print run of the original shadowless Base Set.,,,,5000.0,5000.0,5000.0,2283.33,,Normal,,
138132,Pokemon Base Set (Shadowless) [1st Edition] Booster Pack,Pokemon Base Set Shadowless 1st Edition Booster Pack,https://tcgplayer-cdn.tcgplayer.com/product/138132_200w.jpg,3,1663,https://cpt.tcgcsv.com/Gg72,2024-04-22T12:30:45.717,1,,,,,,This Base Set Booster pack features the first print run of the original shadowless Base Set.,,,,15000.0,15000.0,15000.0,,,Normal,,
