productId,name,cleanName,imageUrl,categoryId,groupId,url,modifiedOn,imageCount,extCardText,lowPrice,midPrice,highPrice,marketPrice,directLowPrice,subTypeName,extUPC,extRarity,extNumber,extCardType,extHP,extStage,extAttack1,extAttack2,extWeakness,extResistance,extRetreatCost
453466,Crown Zenith Booster Pack,Crown Zenith Booster Pack,https://tcgplayer-cdn.tcgplayer.com/product/453466_200w.jpg,3,17688,https://cpt.tcgcsv.com/lpF5,2023-01-20T14:25:15.467,1,Each Crown Zenith booster pack contains 10 random cards.,18.49,24.25,5000.0,20.99,,Normal,,,,,,,,,,,
453467,Crown Zenith Collection [Regieleki V],Crown Zenith Collection Regieleki V,https://tcgplayer-cdn.tcgplayer.com/product/453467_200w.jpg,3,17688,https://cpt.tcgcsv.com/mpF5,2023-01-20T14:25:15.467,1,"Two previously unknown Legendary Pokémon have awakened in the frozen tundra! Discover the power of the Lightning-type Regieleki or the Dragon-type Regidrago in these two collections. The star Pokémon appears as a ready-to-play foil promo card and an oversize card for display, accompanied by a foil card featuring its counterpart and a handful of booster packs from the special Pokémon TCG: Crown Zenith expansion.
<br>
Each Pokémon TCG: Crown Zenith Collection—Pokémon V includes:
<br>
• 1 foil promo card featuring Regieleki V or Regidrago V
<br>
• 1 foil card featuring Regidrago or Regieleki
<br>
• 1 foil oversize card featuring Regieleki V or Regidrago V
<br>
• 4 Pokémon TCG: Crown Zenith booster packs
<br>
• A code card for Pokémon TCG Live",85.0,91.93,109.8,65.21,,Normal,820650871832,,,,,,,,,,
453468,Crown Zenith Collection [Regidrago V],Crown Zenith Collection Regidrago V,https://tcgplayer-cdn.tcgplayer.com/product/453468_200w.jpg,3,17688,https://cpt.tcgcsv.com/npF5,2023-01-20T14:25:15.467,1,"Two previously unknown Legendary Pokémon have awakened in the frozen tundra! Discover the power of the Lightning-type Regieleki or the Dragon-type Regidrago in these two collections. The star Pokémon appears as a ready-to-play foil promo card and an oversize card for display, accompanied by a foil card featuring its counterpart and a handful of booster packs from the special Pokémon TCG: Crown Zenith expansion.
<br>
Each Pokémon TCG: Crown Zenith Collection—Pokémon V includes:
<br>
• 1 foil promo card featuring Regieleki V or Regidrago V
<br>
• 1 foil card featuring Regidrago or Regieleki
<br>
• 1 foil oversize card featuring Regieleki V or Regidrago V
<br>
• 4 Pokémon TCG: Crown Zenith booster packs
<br>
• A code card for Pokémon TCG Live",77.62,90.0,109.74,70.8,,Normal,820650871832,,,,,,,,,,
453470,Crown Zenith Elite Trainer Box,Crown Zenith Elite Trainer Box,https://tcgplayer-cdn.tcgplayer.com/product/453470_200w.jpg,3,17688,https://cpt.tcgcsv.com/qpF5,2023-10-27T13:23:31.313,1,"The Legendary heroes Zacian and Zamazenta shine with new VSTAR Powers, and an all-star assembly of Pokémon and Trainers arrive to celebrate the era of Pokémon V! Discover dazzling special illustrations in the Galarian Gallery, and wield the strength of rare and powerful Pokémon, including Charizard as both a Pokémon VSTAR and Radiant Pokémon. Many more Pokémon have their own tales to tell in battle as the Sword & Shield Series reaches its towering peak in the TCG: Crown Zenith expansion!
<br>
The Pokémon TCG: Crown Zenith Elite Trainer Box includes:
<br>
• 10 Pokémon TCG: Crown Zenith booster packs
<br>
• 1 etched foil promo card featuring Lucario VSTAR
<br>
• 65 card sleeves featuring Lucario
<br>
• 45 Pokémon TCG Energy cards
<br>
• A player’s guide to the Crown Zenith expansion
<br>
• 6 damage-counter dice
<br>
• 1 competition-legal coin-flip die
<br>
• 2 acrylic condition markers
<br>
• 1 acrylic VSTAR marker
<br>
• A collector’s box to hold everything, with 4 dividers to keep it organized
<br>
• A code card for Pokémon Trading Card Game Live",300.0,350.0,785.0,308.85,,Normal,820650851476,,,,,,,,,,
453471,Crown Zenith Elite Trainer Box Case,Crown Zenith Elite Trainer Box Case,https://tcgplayer-cdn.tcgplayer.com/product/453471_200w.jpg,3,17688,https://cpt.tcgcsv.com/rpF5,2023-01-20T14:25:15.467,1,Each sealed Elite Trainer Box case contains 10 Elite Trainer Boxes,3499.95,4725.0,5000.0,2673.89,,Normal,820650851474,,,,,,,,,,
453474,Crown Zenith Collection [Set of 2],Crown Zenith Collection Set of 2,https://tcgplayer-cdn.tcgplayer.com/product/453474_200w.jpg,3,17688,https://cpt.tcgcsv.com/vpF5,2023-01-20T14:25:15.467,1,"Two previously unknown Legendary Pokémon have awakened in the frozen tundra! Discover the power of the Lightning-type Regieleki or the Dragon-type Regidrago in these two collections. The star Pokémon appears as a ready-to-play foil promo card and an oversize card for display, accompanied by a foil card featuring its counterpart and a handful of booster packs from the special Pokémon TCG: Crown Zenith expansion.
<br>
Each Pokémon TCG: Crown Zenith Collection—Pokémon V includes:
<br>
• 1 foil promo card featuring Regieleki V or Regidrago V
<br>
• 1 foil card featuring Regidrago or Regieleki
<br>
• 1 foil oversize card featuring Regieleki V or Regidrago V
<br>
• 4 Pokémon TCG: Crown Zenith booster packs
<br>
• A code card for Pokémon TCG Live",220.0,220.0,220.0,154.72,,Normal,820650871832,,,,,,,,,,
453488,Crown Zenith Mini Tin [Marnie & Morpeko],Crown Zenith Mini Tin Marnie and Morpeko,https://tcgplayer-cdn.tcgplayer.com/product/453488_200w.jpg,3,17688,https://cpt.tcgcsv.com/NpF5,2023-02-17T05:03:11.33,1,"In this Pokémon TCG: Crown Zenith Mini Tin, you’ll find:
<br>
• 2 Pokémon TCG: Crown Zenith booster packs
<br>
• 1 sticker sheet
<br>
• A Pokémon art card showing the art from this Mini Tin—you can collect and combine all 5!",40.0,57.49,149.99,38.36,,Normal,820650861925,,,,,,,,,,
453489,Crown Zenith Mini Tin [Leon & Charizard],Crown Zenith Mini Tin Leon and Charizard,https://tcgplayer-cdn.tcgplayer.com/product/453489_200w.jpg,3,17688,https://cpt.tcgcsv.com/PpF5,2023-02-17T05:03:11.33,1,"In this Pokémon TCG: Crown Zenith Mini Tin, you’ll find:
<br>
• 2 Pokémon TCG: Crown Zenith booster packs
<br>
• 1 sticker sheet
<br>
• A Pokémon art card showing the art from this Mini Tin—you can collect and combine all 5!",59.99,73.19,89.99,37.51,,Normal,820650861925,,,,,,,,,,
453490,Crown Zenith Mini Tin [Hop & Wooloo],Crown Zenith Mini Tin Hop and Wooloo,https://tcgplayer-cdn.tcgplayer.com/product/453490_200w.jpg,3,17688,https://cpt.tcgcsv.com/QpF5,2023-02-17T05:03:11.33,1,"In this Pokémon TCG: Crown Zenith Mini Tin, you’ll find:
<br>
• 2 Pokémon TCG: Crown Zenith booster packs
<br>
• 1 sticker sheet
<br>
• A Pokémon art card showing the art from this Mini Tin—you can collect and combine all 5!",49.99,99.0,99.95,32.9,,Normal,820650861925,,,,,,,,,,
453491,Crown Zenith Mini Tin [Bede & Hatenna],Crown Zenith Mini Tin Bede and Hatenna,https://tcgplayer-cdn.tcgplayer.com/product/453491_200w.jpg,3,17688,https://cpt.tcgcsv.com/RpF5,2023-02-17T05:03:11.33,1,"In this Pokémon TCG: Crown Zenith Mini Tin, you’ll find:
<br>
• 2 Pokémon TCG: Crown Zenith booster packs
<br>
• 1 sticker sheet
<br>
• A Pokémon art card showing the art from this Mini Tin—you can collect and combine all 5!",67.93,70.0,99.95,32.48,,Normal,820650861925,,,,,,,,,,
453492,Crown Zenith Mini Tin [Sonia & Yamper],Crown Zenith Mini Tin Sonia and Yamper,https://tcgplayer-cdn.tcgplayer.com/product/453492_200w.jpg,3,17688,https://cpt.tcgcsv.com/SpF5,2023-02-17T05:03:11.33,1,"In this Pokémon TCG: Crown Zenith Mini Tin, you’ll find:
<br>
• 2 Pokémon TCG: Crown Zenith booster packs
<br>
• 1 sticker sheet
<br>
• A Pokémon art card showing the art from this Mini Tin—you can collect and combine all 5!",49.99,54.98,149.99,34.22,,Normal,820650861925,,,,,,,,,,
453493,Crown Zenith Mini Tin Display,Crown Zenith Mini Tin Display,https://tcgplayer-cdn.tcgplayer.com/product/453493_200w.jpg,3,17688,https://cpt.tcgcsv.com/TpF5,2025-01-22T12:46:52.89,1,"Featuring 2 of each Crown Zenith Mini Tins (for a total of 10). Each tin contains with two booster packs, a sticker sheet, and featured Pokemon art card.",529.95,600.0,850.0,315.53,,Normal,820650861925,,,,,,,,,,
453494,Crown Zenith Mini Tin [Set of 5],Crown Zenith Mini Tin Set of 5,https://tcgplayer-cdn.tcgplayer.com/product/453494_200w.jpg,3,17688,https://cpt.tcgcsv.com/VpF5,2023-02-17T05:03:11.33,1,"This product contains 5 Mini Tins designs.
<br>
In each Pokémon TCG: Crown Zenith Mini Tin, you’ll find:
<br>
• 2 Pokémon TCG: Crown Zenith booster packs
<br>
• 1 sticker sheet
<br>
• A Pokémon art card showing the art from this Mini Tin—you can collect and combine all 5!",208.75,215.0,249.69,172.38,,Normal,820650861925,,,,,,,,,,
454246,Crown Zenith Pokemon Center Elite Trainer Box Plus,Crown Zenith Pokemon Center Elite Trainer Box Plus,https://tcgplayer-cdn.tcgplayer.com/product/454246_200w.jpg,3,17688,https://cpt.tcgcsv.com/XJF5,2023-01-20T14:25:15.467,1,"This Pokémon TCG: Crown Zenith Pokémon Center Elite Trainer Box Plus can be found only at Pokémon Center and comes with exclusive accessories—a deck box, metal dice, metal coin, and metal condition markers—plus 12 booster packs (two more than in the standard Crown Zenith Elite Trainer Box).
<br>
• 12 Pokémon TCG: Crown Zenith booster packs — Each booster pack contains 10 cards and 1 basic Energy or 1 VSTAR marker. Cards vary by pack.
<br>
• 1 etched foil promo card featuring Lucario VSTAR
<br>
• 65 card sleeves featuring Lucario
<br>
• 1 deck box featuring Lucario, with a separate space for storing accessories
<br>
• 45 Pokémon TCG Energy cards
<br>
• A player’s guide to the Crown Zenith expansion
<br>
• 6 metal damage-counter dice
<br>
• 1 metal coin featuring Lucario
<br>
• 2 metal condition markers
<br>
• 1 acrylic VSTAR marker
<br>
• A collector’s box to hold everything, with 4 dividers to keep it organized
<br>
• A code card for Pokémon Trading Card Game Live",500.0,699.0,2000.0,445.05,,Normal,,,,,,,,,,,
454247,Crown Zenith Pokemon Center Elite Trainer Box Plus Case,Crown Zenith Pokemon Center Elite Trainer Box Plus Case,https://tcgplayer-cdn.tcgplayer.com/product/454247_200w.jpg,3,17688,https://cpt.tcgcsv.com/ZJF5,2023-01-20T14:25:15.467,1,Each sealed Pokemon Center Elite Trainer Box Plus Case contains 4 Elite Trainer Boxes.,2599.99,3400.0,189899.0,1939.75,,Normal,,,,,,,,,,,
454452,Pikachu VMAX Special Collection,Pikachu VMAX Special Collection,https://tcgplayer-cdn.tcgplayer.com/product/454452_200w.jpg,3,17688,https://cpt.tcgcsv.com/3PF5,2023-02-17T05:03:11.747,1,"Includes five Crown Zenith booster packs, one etched promo card and one oversize promo card featuring Pikachu VMAX and one foil promo card featuring Pikachu V.",199.99,220.0,300.0,97.5,,Normal,820650871887,,,,,,,,,,
475617,Crown Zenith Pin Collection [Cinderace],Crown Zenith Pin Collection Cinderace,https://tcgplayer-cdn.tcgplayer.com/product/475617_200w.jpg,3,17688,https://cpt.tcgcsv.com/mgQ5,2023-04-14T04:03:08.263,1,"Celebrate Your Journey Through Galar!
<br>
Capture a region’s worth of memories and show the world how far you’ve come with a glossy enamel pin featuring one of Galar’s fully evolved first partner Pokémon! You’ll also find a ready-to-play promo card and a set of booster packs from the special Crown Zenith expansion to expand your collection.
<br>
Each Pokémon TCG: Crown Zenith Pin Collection includes:
<br>
• 1 foil promo card featuring Rillaboom, Cinderace, or Inteleon
<br>
• 1 collector’s pin featuring Rillaboom, Cinderace, or Inteleon
<br>
• 3 Pokémon TCG: Crown Zenith booster packs
<br>
• A code card for Pokémon TCG Live",99.98,99.99,99.99,55.15,,Normal,820650871931,,,,,,,,,,
475618,Crown Zenith Pin Collection [Inteleon],Crown Zenith Pin Collection Inteleon,https://tcgplayer-cdn.tcgplayer.com/product/475618_200w.jpg,3,17688,https://cpt.tcgcsv.com/ngQ5,2023-04-14T04:03:08.263,1,"Celebrate Your Journey Through Galar!
<br>
Capture a region’s worth of memories and show the world how far you’ve come with a glossy enamel pin featuring one of Galar’s fully evolved first partner Pokémon! You’ll also find a ready-to-play promo card and a set of booster packs from the special Crown Zenith expansion to expand your collection.
<br>
Each Pokémon TCG: Crown Zenith Pin Collection includes:
<br>
• 1 foil promo card featuring Rillaboom, Cinderace, or Inteleon
<br>
• 1 collector’s pin featuring Rillaboom, Cinderace, or Inteleon
<br>
• 3 Pokémon TCG: Crown Zenith booster packs
<br>
• A code card for Pokémon TCG Live",99.98,99.99,99.99,56.07,,Normal,820650871931,,,,,,,,,,
475619,Crown Zenith Pin Collection [Rillaboom],Crown Zenith Pin Collection Rillaboom,https://tcgplayer-cdn.tcgplayer.com/product/475619_200w.jpg,3,17688,https://cpt.tcgcsv.com/pgQ5,2023-04-14T04:03:08.263,1,"Celebrate Your Journey Through Galar!
<br>
Capture a region’s worth of memories and show the world how far you’ve come with a glossy enamel pin featuring one of Galar’s fully evolved first partner Pokémon! You’ll also find a ready-to-play promo card and a set of booster packs from the special Crown Zenith expansion to expand your collection.
<br>
Each Pokémon TCG: Crown Zenith Pin Collection includes:
<br>
• 1 foil promo card featuring Rillaboom, Cinderace, or Inteleon
<br>
• 1 collector’s pin featuring Rillaboom, Cinderace, or Inteleon
<br>
• 3 Pokémon TCG: Crown Zenith booster packs
<br>
• A code card for Pokémon TCG Live",90.0,99.99,100.0,56.69,,Normal,820650871931,,,,,,,,,,
475620,Crown Zenith Pin Collection [Set of 3],Crown Zenith Pin Collection Set of 3,https://tcgplayer-cdn.tcgplayer.com/product/475620_200w.jpg,3,17688,https://cpt.tcgcsv.com/qgQ5,2023-04-14T04:03:08.263,1,"Celebrate Your Journey Through Galar!
<br>
Capture a region’s worth of memories and show the world how far you’ve come with a glossy enamel pin featuring one of Galar’s fully evolved first partner Pokémon! You’ll also find a ready-to-play promo card and a set of booster packs from the special Crown Zenith expansion to expand your collection.
<br>
Each Pokémon TCG: Crown Zenith Pin Collection includes:
<br>
• 1 foil promo card featuring Rillaboom, Cinderace, or Inteleon
<br>
• 1 collector’s pin featuring Rillaboom, Cinderace, or Inteleon
<br>
• 3 Pokémon TCG: Crown Zenith booster packs
<br>
• A code card for Pokémon TCG Live",191.99,202.4,400.0,156.73,,Normal,820650871931,,,,,,,,,,
475644,Morpeko V-UNION Playmat Premium Collection,Morpeko V UNION Playmat Premium Collection,https://tcgplayer-cdn.tcgplayer.com/product/475644_200w.jpg,3,17688,https://cpt.tcgcsv.com/VgQ5,2023-04-14T04:03:08.593,1,"Marnie & Morpeko Unite — with Morpeko V-Union!
<br>
In sync with its Trainer Marnie and cheered on by Team Yell, Morpeko dashes into battle as a shockingly powerful Pokémon V-UNION! With the promo cards in this premium set, you'll have all the pieces needed to assemble Morpeko V-UNION and put its four attacks into action. You also get a colorful playmat featuring artwork of Morpeko and Marnie, plus a stack of booster packs from the special Pokémon TCG: Crown Zenith expansion to add to your collection.
<br>
The Pokémon TCG: Crown Zenith Collection— Morpeko V-Union Playmat Premium Collection includes:
<br>
• 4 etched promo cards that make up a single Morpeko V-UNION
<br>
• 1 oversize card featuring Morpeko V-UNION
<br>
• 1 helpful Supporter card featuring Professor Burnet
<br>
• 1 playmat featuring Marnie and Morpeko
<br>
• 5 Pokémon TCG Crown Zenith booster packs
<br>
• A code card for Pokémon TCG Live",110.0,137.0,251.0,93.52,,Normal,820650871818,,,,,,,,,,
475646,Crown Zenith Premium Figure Collection [Shiny Zamazenta],Crown Zenith Premium Figure Collection Shiny Zamazenta,https://tcgplayer-cdn.tcgplayer.com/product/475646_200w.jpg,3,17688,https://cpt.tcgcsv.com/XgQ5,2023-05-05T04:03:22.53,1,"Intrepid Sword or Dauntless Shield?
<br>
Choose from Two Shiny Legendary Pokémon!
<br>
Shiny Legendary Pokémon are among the most sought-after Pokémon of all, and now you can add Zacian or Zamazenta to your collection as a Shiny Pokémon V! In addition to an etched foil promo card, the star Pokémon also appears as a detailed figure and glossy enamel pin, and both Zacian and Zamazenta appear together on a full set of illustrated card sleeves. You’ll even find a stack of booster packs from the Crown Zenith expansion to grow your collection even more!
<br>
Each Pokémon TCG: Crown Zenith Collection— Premium Figure Collection--Shiny Zacian/Shiny 
Zamazenta includes:
<br>
• 1 etched foil promo card featuring Shiny Zacian V or Shiny Zamazenta V
<br>
• 1 sculpted figure featuring Shiny Zacian or Shiny Zamazenta
<br>
• 1 collector’s pin featuring Shiny Zacian or Shiny Zamazenta
<br>
• 65 card sleeves featuring both Shiny Zacian and Shiny Zamazenta
<br>
• 11 Pokémon TCG: Crown Zenith booster packs
<br>
• A code card for Pokémon TCG Live",248.5,250.0,400.0,224.05,,Normal,,,,,,,,,,,
475647,Crown Zenith Premium Figure Collection [Shiny Zacian],Crown Zenith Premium Figure Collection Shiny Zacian,https://tcgplayer-cdn.tcgplayer.com/product/475647_200w.jpg,3,17688,https://cpt.tcgcsv.com/ZgQ5,2023-05-05T04:03:22.53,1,"Intrepid Sword or Dauntless Shield?
<br>
Choose from Two Shiny Legendary Pokémon!
<br>
Shiny Legendary Pokémon are among the most sought-after Pokémon of all, and now you can add Zacian or Zamazenta to your collection as a Shiny Pokémon V! In addition to an etched foil promo card, the star Pokémon also appears as a detailed figure and glossy enamel pin, and both Zacian and Zamazenta appear together on a full set of illustrated card sleeves. You’ll even find a stack of booster packs from the Crown Zenith expansion to grow your collection even more!
<br>
Each Pokémon TCG: Crown Zenith Collection— Premium Figure Collection--Shiny Zacian/Shiny 
Zamazenta includes:
<br>
• 1 etched foil promo card featuring Shiny Zacian V or Shiny Zamazenta V
<br>
• 1 sculpted figure featuring Shiny Zacian or Shiny Zamazenta
<br>
• 1 collector’s pin featuring Shiny Zacian or Shiny Zamazenta
<br>
• 65 card sleeves featuring both Shiny Zacian and Shiny Zamazenta
<br>
• 11 Pokémon TCG: Crown Zenith booster packs
<br>
• A code card for Pokémon TCG Live",348.5,370.5,400.0,233.97,,Normal,,,,,,,,,,,
475648,Crown Zenith Premium Figure Collection [Set of 2],Crown Zenith Premium Figure Collection Set of 2,https://tcgplayer-cdn.tcgplayer.com/product/475648_200w.jpg,3,17688,https://cpt.tcgcsv.com/-gQ5,2023-05-05T04:03:22.53,1,"Intrepid Sword or Dauntless Shield?
<br>
Choose from Two Shiny Legendary Pokémon!
<br>
Shiny Legendary Pokémon are among the most sought-after Pokémon of all, and now you can add Zacian or Zamazenta to your collection as a Shiny Pokémon V! In addition to an etched foil promo card, the star Pokémon also appears as a detailed figure and glossy enamel pin, and both Zacian and Zamazenta appear together on a full set of illustrated card sleeves. You’ll even find a stack of booster packs from the Crown Zenith expansion to grow your collection even more!
<br>
Each Pokémon TCG: Crown Zenith Collection— Premium Figure Collection--Shiny Zacian/Shiny 
Zamazenta includes:
<br>
• 1 etched foil promo card featuring Shiny Zacian V or Shiny Zamazenta V
<br>
• 1 sculpted figure featuring Shiny Zacian or Shiny Zamazenta
<br>
• 1 collector’s pin featuring Shiny Zacian or Shiny Zamazenta
<br>
• 65 card sleeves featuring both Shiny Zacian and Shiny Zamazenta
<br>
• 11 Pokémon TCG: Crown Zenith booster packs
<br>
• A code card for Pokémon TCG Live",473.8,473.85,499.99,435.4,,Normal,,,,,,,,,,,
485423,Pikachu VMAX Special Collection Case,Pikachu VMAX Special Collection Case,https://tcgplayer-cdn.tcgplayer.com/product/485423_200w.jpg,3,17688,https://cpt.tcgcsv.com/tbV5,2023-02-28T17:44:54.367,1,"Each case includes 6 Pikachu VMAX Special Collections.
<br><br>
Includes five Crown Zenith booster packs, one etched promo card and one oversize promo card featuring Pikachu VMAX and one foil promo card featuring Pikachu V.",699.99,712.48,724.97,594.87,,Normal,820650871887,,,,,,,,,,
490542,Crown Zenith Collection Case,Crown Zenith Collection Case,https://tcgplayer-cdn.tcgplayer.com/product/490542_200w.jpg,3,17688,https://cpt.tcgcsv.com/SdX5,2025-04-04T17:15:24.18,1,"Each Crown Zenith Collection Case contains 3 Crown Zenith Collection [Regidrago V] and 3 Crown Zenith Collection [Regieleki V]
<br><br>Two previously unknown Legendary Pokémon have awakened in the frozen tundra! Discover the power of the Lightning-type Regieleki or the Dragon-type Regidrago in these two collections. The star Pokémon appears as a ready-to-play foil promo card and an oversize card for display, accompanied by a foil card featuring its counterpart and a handful of booster packs from the special Pokémon TCG: Crown Zenith expansion.
<br>
Each Pokémon TCG: Crown Zenith Collection—Pokémon V includes:
<br>
• 1 foil promo card featuring Regieleki V or Regidrago V
<br>
• 1 foil card featuring Regidrago or Regieleki
<br>
• 1 foil oversize card featuring Regieleki V or Regidrago V
<br>
• 4 Pokémon TCG: Crown Zenith booster packs
<br>
• A code card for Pokémon TCG Live",,,,,,,820650871832,,,,,,,,,,
505916,Crown Zenith Special Collection [Unown V & Lugia V],Crown Zenith Special Collection Unown V and Lugia V,https://tcgplayer-cdn.tcgplayer.com/product/505916_200w.jpg,3,17688,https://cpt.tcgcsv.com/ln36,2023-08-04T04:03:48.277,1,"Dive into the Unknown—with Two Pokémon V!
<br>Take a deep dive into the Crown Zenith expansion to find familiar faces and new surprises ready and waiting—and two Pokémon V at your side! In this collection, you’ll find the mysterious Unown V—can it spell out victory for you and your team? Meanwhile, Lugia V glides through the sky in both playable and display sizes to refresh your hand. You’ll also find a generous supply of Pokémon TCG: Crown Zenith booster packs, a cool Lugia pin, and more!
<br><br>
The Pokémon TCG: Crown Zenith Special Collection—Unown V & Lugia V Includes:

<br>• 1 foil promo card featuring Unown V
<br>• 1 foil promo card featuring Lugia V
<br>• 1 oversize promo card featuring Lugia V
<br>• 1 pin featuring Lugia
<br>• 1 metallic coin featuring Lugia
<br>• 5 Pokémon TCG: Crown Zenith booster packs
<br>• A code card for Pokémon TCG Live",124.98,151.99,297.97,106.99,,Normal,0820650851858,,,,,,,,,,
516939,Morpeko V-UNION Premium Treasures Collection,Morpeko V UNION Premium Treasures Collection,https://tcgplayer-cdn.tcgplayer.com/product/516939_200w.jpg,3,17688,https://cpt.tcgcsv.com/PN86,2025-01-23T20:50:59.043,1,"Marnie & Morpeko Unite — with Morpeko V-Union!
<br>
In sync with its Trainer Marnie and cheered on by Team Yell, Morpeko dashes into battle as a shockingly powerful Pokémon V-UNION! With the promo cards in this premium set, you'll have all the pieces needed to assemble Morpeko V-UNION and put its four attacks into action. You also get a colorful playmat featuring artwork of Morpeko and Marnie, plus a stack of booster packs from the special Pokémon TCG: Crown Zenith expansion to add to your collection.
<br>
The Pokémon TCG: Crown Zenith Collection— Morpeko V-Union Playmat Premium Collection includes:
<br>
• 4 etched promo cards that make up a single Morpeko V-UNION
<br>
• 1 oversize card featuring Morpeko V-UNION
<br>
• 1 helpful Supporter card featuring Professor Burnet
<br>
• 1 playmat featuring Marnie and Morpeko
<br>• 1 cool Morpeko pin
<br>
• 7 Pokémon TCG Crown Zenith booster packs
<br>
• A code card for Pokémon TCG Live",167.98,170.0,285.99,135.43,,Normal,,,,,,,,,,,
527562,Crown Zenith Booster Bundle,Crown Zenith Booster Bundle,https://tcgplayer-cdn.tcgplayer.com/product/527562_200w.jpg,3,17688,https://cpt.tcgcsv.com/g2f6,2024-07-17T12:46:21.457,1,"All-Stars from Galar, Hisui & Beyond! The legendary heroes Zacian and Zamazenta shine with new VSTAR Powers, and all-star assembly of Pokemon and Trainers arrive to celebrate the era of Pokemon V! Discover Dazzling special illustrations in the Galarian Gallery, and wield the strength of rare and powerful Pokemon, including Charizard as both a Pokemon VSTAR and Radiant Pokemon. Many more Pokemon have their own tales to tell in battle as the Sword & Shield Series reaches its towering peak in the Pokemon TCG: Crown Zenith expansion!
<br>• 6 Booster Packs
<br>• Expand your collection with this booster bundle",177.95,200.0,349.99,171.35,,Normal,,,,,,,,,,,
527796,Pikachu VMAX Premium Collection,Pikachu VMAX Premium Collection,https://tcgplayer-cdn.tcgplayer.com/product/527796_200w.jpg,3,17688,https://cpt.tcgcsv.com/X7f6,2024-01-26T20:30:02.203,2,"Get ready for a lightning storm of Gigantamax proportions in this premium collection featuring booster packs and more from the Pokemon TCG: Crown Zenith expansion! Appearing as a promo card in two sizes, Pikachu VMAX generates Energy with Tail Charge, then lets loose with a huge G-Max Thunder attack. You’ll also find Pikachu V so you can quickly get Pikachu VMAX into play. Set the power to maximum voltage—Pikachu VMAX wants to battle!
<br>• 1 etched foil promo card featuring Pikachu VMAX
<br>• 1 foil promo card featuring Pikachu V
<br>• 1 oversize promo card featuring Pikachu VMAX
<br>• 7 Pokemon TCG: Crown Zenith booster packs
<br>• 1 Pin Gigantamax Pikachu
<br>• A code card for Pokemon TCG Live",199.99,219.97,360.44,140.15,,Normal,,,,,,,,,,,
563307,Sea & Sky Premium Collection,Sea and Sky Premium Collection,https://tcgplayer-cdn.tcgplayer.com/product/563307_200w.jpg,3,17688,https://cpt.tcgcsv.com/9lw6,2025-02-12T14:15:52.88,2,"Immerse yourself in the exciting world of Pokemon TCG with the Crown Zenith Premium Collection -Sea & Sky. This collection showcases the legendary powers of the Hoenn region, featuring all-stars from Galar, Hisui, and beyond. With this collection, you'll be able to channel the powers of the sea and sky, expanding your Pokemon TCG collection with dozens of new cards.
<br>The Crown Zenith Premium Collection -Sea & Sky comes with four ready-to-play foil cards featuring Rayquaza V, Kyogre V, Rayquaza, and Kyogre. These cards are not only a great addition to your collection but also a great way to enhance your gameplay. Plus, the collection includes an oversize foil version of Rayquaza V, perfect for display.
<br>
<br>• 1 foil promo card featuring Rayquaza V
<br>• 1 foil promo card featuring Kyogre V
<br>• 14 Pokemon TCG: Crown Zenith booster packs
<br>• A code card for Pokemon TCG Live",278.89,317.0,1000.0,275.99,,Normal,,,,,,,,,,,
609238,Crown Zenith Booster Bundle Case,Crown Zenith Booster Bundle Case,https://tcgplayer-cdn.tcgplayer.com/product/609238_200w.jpg,3,17688,https://cpt.tcgcsv.com/NJT6,2025-06-24T13:46:09.887,1,"All-Stars from Galar, Hisui & Beyond! The legendary heroes Zacian and Zamazenta shine with new VSTAR Powers, and all-star assembly of Pokemon and Trainers arrive to celebrate the era of Pokemon V! Discover Dazzling special illustrations in the Galarian Gallery, and wield the strength of rare and powerful Pokemon, including Charizard as both a Pokemon VSTAR and Radiant Pokemon. Many more Pokemon have their own tales to tell in battle as the Sword & Shield Series reaches its towering peak in the Pokemon TCG: Crown Zenith expansion!
<br>• 20 Crown Zenith Booster Bundles
<br>• 6 Booster Packs
<br>• Expand your collection with this booster bundle",4999.99,4999.99,4999.99,3399.99,,Normal,,,,,,,,,,,
616290,Crown Zenith Tin Case,Crown Zenith Tin Case,https://tcgplayer-cdn.tcgplayer.com/product/616290_200w.jpg,3,17688,https://cpt.tcgcsv.com/QwX6,2025-04-03T15:10:26.383,1,"This case comes with 2 copies of the 3 different Tins. 
<br>Legendary Pokémon from Galar Charge into Battle!
<br>Three fearsome Legendary Pokémon have arrived from the Galar region! With their own unique type and powers, they’re forces to be reckoned with. Add this power to your Pokémon TCG collection and see for yourself! Will you choose the atrocious attitude of Galarian Articuno, the zippy zeal of Galarian Zapdos, or the malevolent malice of Galarian Moltres? Regardless of your choice, you’ll also find 5 booster packs from the special Pokémon TCG: Crown Zenith expansion and a code card for Pokémon TCG Live!
In this tin, you’ll find:
<br><br>• a full art promo card featuring: Galarian Articunos, Galarian Zapdos, or Galarian Moltres
<br>• 5 Pokémon TCG: Crown Zenith booster packs
<br>• A code card for Pokémon TCG Live",899.0,1199.0,1499.0,494.86,,Normal,,,,,,,,,,,
631791,Crown Zenith Mini Tin Display Case,Crown Zenith Mini Tin Display Case,https://tcgplayer-cdn.tcgplayer.com/product/631791_200w.jpg,3,17688,https://cpt.tcgcsv.com/RK37,2025-05-14T15:15:39.81,0,"Each case contains 4 Crown Zenith Mini Tin Displays (for a total of 32 mini tins)!
<br>
 Each tin contains with two booster packs, a sticker sheet, and featured Pokemon art card.<br>
The five Trainers depicted on the Crown Zenith Mini Tins are Marnie, Hop, Leon, Sonia, and Bede, all of whom were introduced in Sword & Shield. The Crown Zenith set includes “signed” cards for Hop, Legon, and Bede.",,,,,,,,,,,,,,,,,
664978,Crown Zenith Premium Figure Collection Case,Crown Zenith Premium Figure Collection Case,https://tcgplayer-cdn.tcgplayer.com/product/664978_200w.jpg,3,17688,https://cpt.tcgcsv.com/B_k7,2025-11-24T21:26:37.673,0,"Intrepid Sword or Dauntless Shield?
<br>
Choose from Two Shiny Legendary Pokémon!
<br>
Shiny Legendary Pokémon are among the most sought-after Pokémon of all, and now you can add Zacian or Zamazenta to your collection as a Shiny Pokémon V! In addition to an etched foil promo card, the star Pokémon also appears as a detailed figure and glossy enamel pin, and both Zacian and Zamazenta appear together on a full set of illustrated card sleeves. You’ll even find a stack of booster packs from the Crown Zenith expansion to grow your collection even more!
<br>
Each Pokémon TCG: Crown Zenith Collection— Premium Figure Collection--Shiny Zacian/Shiny 
Zamazenta includes:
<br>
• 1 etched foil promo card featuring Shiny Zacian V or Shiny Zamazenta V
<br>
• 1 sculpted figure featuring Shiny Zacian or Shiny Zamazenta
<br>
• 1 collector’s pin featuring Shiny Zacian or Shiny Zamazenta
<br>
• 65 card sleeves featuring both Shiny Zacian and Shiny Zamazenta
<br>
• 11 Pokémon TCG: Crown Zenith booster packs
<br>
• A code card for Pokémon TCG Live",2000.0,2000.0,2000.0,,,Normal,,,,,,,,,,,
