productId,name,cleanName,imageUrl,categoryId,groupId,url,modifiedOn,imageCount,extCardText,extUPC,lowPrice,midPrice,highPrice,marketPrice,directLowPrice,subTypeName,extRarity,extNumber,extCardType,extHP,extStage,extAttack1,extAttack2,extWeakness,extResistance,extRetreatCost
270708,Pokemon GO Elite Trainer Box,Pokemon GO Elite Trainer Box,https://tcgplayer-cdn.tcgplayer.com/product/270708_200w.jpg,3,3064,https://cpt.tcgcsv.com/bjb3,2022-07-01T04:03:10.78,1,"Gear up for battle like never before as Pokémon GO meets the Pokémon Trading Card Game! Dragonite VSTAR and Mewtwo VSTAR show off immense powers, while Melmetal VMAX in its Gigantamax form smashes the competition. Appearing as sought-after Shiny Pokémon, Radiant Venusaur, Radiant Charizard, and Radiant Blastoise bring dazzling new strategies to the battlefield. Meanwhile, the leaders of Team Instinct, Team Mystic, and Team Valor are ready to show their support in the Pokémon TCG: Pokémon GO expansion!The Pokémon TCG: Pokémon GO Elite Trainer Box includes:
<br><br>• 10 Pokémon TCG: Pokémon GO booster packs
<br>• 1 foil promo card featuring Mewtwo V
<br>• 65 card sleeves featuring Mewtwo
<br>• 45 Pokémon TCG Energy cards
<br>• A player’s guide to the Pokémon GO expansion
<br>• 6 damage-counter dice
<br>• 1 competition-legal coin-flip die
<br>• 2 acrylic condition markers
<br>• 1 acrylic VSTAR marker
<br>• A collector’s box to hold everything, with 4 dividers to keep it organized
<br>• A code card for Pokémon Trading Card Game Live",820650850509,112.0,149.99,999.99,125.93,,Normal,,,,,,,,,,
270709,Pokemon GO Pokemon Center Elite Trainer Box Plus (Exclusive),Pokemon GO Pokemon Center Elite Trainer Box Plus Exclusive,https://tcgplayer-cdn.tcgplayer.com/product/270709_200w.jpg,3,3064,https://cpt.tcgcsv.com/cjb3,2022-07-29T04:03:24.727,1,"This Pokémon TCG: Pokémon GO Pokémon Center Elite Trainer Box Plus can be found only at Pokémon Center and comes with exclusive accessories—a deck box, metal dice, metal coin, and metal condition markers—plus 12 booster packs (two more than in a standard Pokémon GO Elite Trainer Box).
<br><br>• 12 Pokémon TCG: Pokémon GO booster packs
<br>• 1 full-art foil promo card featuring Mewtwo V
<br>• 65 card sleeves featuring Mewtwo
<br>• 45 Pokémon TCG Energy cards
<br>• A player’s guide to the Pokémon GO expansion
<br>• 6 damage-counter dice
<br>• 1 competition-legal coin-flip die
<br>• 2 acrylic condition markers
<br>• 1 acrylic VSTAR marker
<br>• A collector’s box to hold everything, with 4 dividers to keep it organized
<br>• A code card for Pokémon Trading Card Game Live",,178.0,249.99,1799.99,188.34,,Normal,,,,,,,,,,
270713,Pokemon GO Special Collection - Team Instinct,Pokemon GO Special Collection Team Instinct,https://tcgplayer-cdn.tcgplayer.com/product/270713_200w.jpg,3,3064,https://cpt.tcgcsv.com/hjb3,2022-07-01T04:03:10.78,1,"Nothing beats exploring the world with your teammates by your side! Proudly let other Trainers know which team you’re on with the eye-catching pin in this collection. You’ll also find your favorite team leader as a playable Supporter card that helps you draw cards and get Energy into play, as well as a stack of booster packs from the special Pokémon GO expansion.
<br>Each Pokémon TCG: Pokémon GO Special Team Collection includes:
<br>• A full-art foil promo card featuring Spark, Blanche, or Candela
<br>• A deluxe pin featuring the emblem of Team Instinct, Team Mystic, or Team Valor
<br>• 6 Pokémon GO booster packs
<br>• A code card for Pokémon TCG Live",,81.0,210.0,7200.0,58.16,,Normal,,,,,,,,,,
270714,Pokemon GO Special Collection - Team Mystic,Pokemon GO Special Collection Team Mystic,https://tcgplayer-cdn.tcgplayer.com/product/270714_200w.jpg,3,3064,https://cpt.tcgcsv.com/jjb3,2022-07-01T04:03:10.78,1,"Nothing beats exploring the world with your teammates by your side! Proudly let other Trainers know which team you’re on with the eye-catching pin in this collection. You’ll also find your favorite team leader as a playable Supporter card that helps you draw cards and get Energy into play, as well as a stack of booster packs from the special Pokémon GO expansion.
<br>Each Pokémon TCG: Pokémon GO Special Team Collection includes:
<br>• A full-art foil promo card featuring Spark, Blanche, or Candela
<br>• A deluxe pin featuring the emblem of Team Instinct, Team Mystic, or Team Valor
<br>• 6 Pokémon GO booster packs
<br>• A code card for Pokémon TCG Live",,237.0,237.0,237.0,63.77,,Normal,,,,,,,,,,
270715,Pokemon GO Special Collection - Team Valor,Pokemon GO Special Collection Team Valor,https://tcgplayer-cdn.tcgplayer.com/product/270715_200w.jpg,3,3064,https://cpt.tcgcsv.com/kjb3,2022-07-01T04:03:10.78,1,"Nothing beats exploring the world with your teammates by your side! Proudly let other Trainers know which team you’re on with the eye-catching pin in this collection. You’ll also find your favorite team leader as a playable Supporter card that helps you draw cards and get Energy into play, as well as a stack of booster packs from the special Pokémon GO expansion.
<br>Each Pokémon TCG: Pokémon GO Special Team Collection includes:
<br>• A full-art foil promo card featuring Spark, Blanche, or Candela
<br>• A deluxe pin featuring the emblem of Team Instinct, Team Mystic, or Team Valor
<br>• 6 Pokémon GO booster packs
<br>• A code card for Pokémon TCG Live",,210.0,223.5,237.0,66.3,,Normal,,,,,,,,,,
270716,Pokemon GO Collection [Alolan Exeggutor V],Pokemon GO Collection Alolan Exeggutor V,https://tcgplayer-cdn.tcgplayer.com/product/270716_200w.jpg,3,3064,https://cpt.tcgcsv.com/ljb3,2022-07-01T04:03:10.78,1,"Growing taller and stronger in the tropical sunshine, Alolan Exeggutor V surveys its surroundings and then swings in to strike! This powerful Grass-type Pokémon makes it easy to get Energy into play so you can land a big hit. Here you’ll find a ready-to-play copy of Alolan Exeggutor V, plus an oversize version to show off in your collection, as well as a handful of booster packs from the special Pokémon GO expansion.
<br>The Pokémon TCG: Pokémon GO Collection—Alolan Exeggutor V includes:
<br>• A foil promo card featuring Alolan Exeggutor V
<br>• An oversize foil card featuring Alolan Exeggutor V
<br>• 4 Pokémon GO booster packs
<br>• A code card for Pokémon TCG Live",820650870545,35.99,39.75,164.0,35.98,,Normal,,,,,,,,,,
270717,Pokemon GO Premium Collection [Radiant Eevee],Pokemon GO Premium Collection Radiant Eevee,https://tcgplayer-cdn.tcgplayer.com/product/270717_200w.jpg,3,3064,https://cpt.tcgcsv.com/mjb3,2022-07-01T04:03:10.78,1,"A Shining Smile & Fluffy Fur—Radiant Eevee Is Here!
<br>With their unique coloration, Shiny Pokémon are usually tough to find, but the adorable Radiant Eevee is eager to join your team in this collection filled with tons of treasures! In addition to a playable foil card featuring Radiant Eevee, you also get a glossy enamel pin and a playmat that shows off beautiful artwork of this rare Pokémon. Then, find even more awesome Pokémon and Trainer cards in a stack of Pokémon GO booster packs!
<br>The Pokémon TCG: Pokémon GO Premium Collection—Radiant Eevee includes:
<br>• A foil promo card featuring Radiant Eevee
<br>• A deluxe pin featuring Radiant Eevee
<br>• A playmat with artwork featuring Radiant Eevee
<br>• 8 Pokémon GO booster packs
<br>• A code card for Pokémon TCG Live",,90.0,129.99,999.0,98.57,,Normal,,,,,,,,,,
270728,Pokemon GO Mini Tin [Magikarp],Pokemon GO Mini Tin Magikarp,https://tcgplayer-cdn.tcgplayer.com/product/270728_200w.jpg,3,3064,https://cpt.tcgcsv.com/Bjb3,2022-08-05T04:03:07.72,1,"Each mini tin comes with two booster packs, a metallic Pokemon coin, and “a Pokemon art card showing the art from this Mini Tin — you can collect and combine all five!”",0820650850462,54.99,54.99,54.99,25.63,,Normal,,,,,,,,,,
270729,Pokemon GO Mini Tin [Blissey],Pokemon GO Mini Tin Blissey,https://tcgplayer-cdn.tcgplayer.com/product/270729_200w.jpg,3,3064,https://cpt.tcgcsv.com/Cjb3,2022-08-05T04:03:07.72,1,"Each mini tin comes with two booster packs, a metallic Pokemon coin, and “a Pokemon art card showing the art from this Mini Tin — you can collect and combine all five!”",0820650850462,24.99,27.0,49.99,26.34,,Normal,,,,,,,,,,
270730,Pokemon GO Mini Tin [Pikachu],Pokemon GO Mini Tin Pikachu,https://tcgplayer-cdn.tcgplayer.com/product/270730_200w.jpg,3,3064,https://cpt.tcgcsv.com/Djb3,2022-08-05T04:03:07.72,1,"Each mini tin comes with two booster packs, a metallic Pokemon coin, and “a Pokemon art card showing the art from this Mini Tin — you can collect and combine all five!”",0820650850462,23.84,37.99,64.95,24.26,,Normal,,,,,,,,,,
270731,Pokemon GO Mini Tin [Eevee],Pokemon GO Mini Tin Eevee,https://tcgplayer-cdn.tcgplayer.com/product/270731_200w.jpg,3,3064,https://cpt.tcgcsv.com/Fjb3,2022-08-05T04:03:07.72,1,"Each mini tin comes with two booster packs, a metallic Pokemon coin, and “a Pokemon art card showing the art from this Mini Tin — you can collect and combine all five!”",0820650850462,29.61,34.46,59.97,29.61,,Normal,,,,,,,,,,
270732,Pokemon GO Mini Tin [Snorlax],Pokemon GO Mini Tin Snorlax,https://tcgplayer-cdn.tcgplayer.com/product/270732_200w.jpg,3,3064,https://cpt.tcgcsv.com/Gjb3,2022-08-05T04:03:07.72,1,"Each mini tin comes with two booster packs, a metallic Pokemon coin, and “a Pokemon art card showing the art from this Mini Tin — you can collect and combine all five!”",0820650850462,,,,,,,,,,,,,,,,
271500,Pokemon GO Mini Tin [Set of 5],Pokemon GO Mini Tin Set of 5,https://tcgplayer-cdn.tcgplayer.com/product/271500_200w.jpg,3,3064,https://cpt.tcgcsv.com/0Db3,2022-08-05T04:03:07.72,1,Each product contains 5 Pokemon Go Mini Tins designs.,,145.8,145.8,145.8,116.93,,Normal,,,,,,,,,,
271502,Pokemon GO Special Collection [Set of 3],Pokemon GO Special Collection Set of 3,https://tcgplayer-cdn.tcgplayer.com/product/271502_200w.jpg,3,3064,https://cpt.tcgcsv.com/3Db3,2022-07-01T12:36:16.85,1,This product contains 1 of each Special Collection.,,199.89,199.89,199.89,182.28,,Normal,,,,,,,,,,
271512,Pokemon GO Mini Tin Display,Pokemon GO Mini Tin Display,https://tcgplayer-cdn.tcgplayer.com/product/271512_200w.jpg,3,3064,https://cpt.tcgcsv.com/gDb3,2025-01-22T13:02:44.92,1,"This product contains 2 of each Pokemon GO Mini Tin design (for a total of 10). Each tin contains 2 booster packs, 1 metallic coin and 1 Pokémon art card.",0820650860461,187.49,819.0,819.01,185.48,,Normal,,,,,,,,,,
271513,Pokemon GO Elite Trainer Box Case,Pokemon GO Elite Trainer Box Case,https://tcgplayer-cdn.tcgplayer.com/product/271513_200w.jpg,3,3064,https://cpt.tcgcsv.com/hDb3,2022-07-01T04:03:10.78,1,"This sealed case product contains 10 Pokémon GO Elite Trainer Boxes.
<br><br>Gear up for battle like never before as Pokémon GO meets the Pokémon Trading Card Game! Dragonite VSTAR and Mewtwo VSTAR show off immense powers, while Melmetal VMAX in its Gigantamax form smashes the competition. Appearing as sought-after Shiny Pokémon, Radiant Venusaur, Radiant Charizard, and Radiant Blastoise bring dazzling new strategies to the battlefield. Meanwhile, the leaders of Team Instinct, Team Mystic, and Team Valor are ready to show their support in the Pokémon TCG: Pokémon GO expansion!The Pokémon TCG: Pokémon GO Elite Trainer Box includes:
<br><br>• 10 Pokémon TCG: Pokémon GO booster packs
<br>• 1 foil promo card featuring Mewtwo V
<br>• 65 card sleeves featuring Mewtwo
<br>• 45 Pokémon TCG Energy cards
<br>• A player’s guide to the Pokémon GO expansion
<br>• 6 damage-counter dice
<br>• 1 competition-legal coin-flip die
<br>• 2 acrylic condition markers
<br>• 1 acrylic VSTAR marker
<br>• A collector’s box to hold everything, with 4 dividers to keep it organized
<br>• A code card for Pokémon Trading Card Game Live",820650870507,1165.0,1352.49,2150.0,909.54,,Normal,,,,,,,,,,
274421,Pokemon GO Booster Pack,Pokemon GO Booster Pack,https://tcgplayer-cdn.tcgplayer.com/product/274421_200w.jpg,3,3064,https://cpt.tcgcsv.com/rNc3,2022-07-01T04:03:10.78,1,Each Pokemon GO booster pack contains 10 random cards.,,7.49,10.03,19.99,9.81,,Normal,,,,,,,,,,
275825,Pokemon GO Pin Collection [Bulbasaur],Pokemon GO Pin Collection Bulbasaur,https://tcgplayer-cdn.tcgplayer.com/product/275825_200w.jpg,3,3064,https://cpt.tcgcsv.com/wld3,2022-09-02T04:03:07.71,1,"Celebrate your journey as a Pokémon Trainer, and get ready for brand-new adventures with Bulbasaur! The Kanto region’s first partner Pokémon is here as a playable promo card and gleaming enamel pin, along with booster packs from the Pokémon GO expansion so you can discover even more Pokémon friends!
<br>This product contains:
<br>• 1 foil promo card featuring Bulbasaur
<br>• A collector’s pin featuring Bulbasaur
<br>• 3 Pokémon TCG: Pokémon GO booster packs
<br>• A code card for Pokémon TCG Live",0820650850813,38.99,45.33,99.99,35.44,,Normal,,,,,,,,,,
275826,Pokemon GO Pin Collection [Charmander],Pokemon GO Pin Collection Charmander,https://tcgplayer-cdn.tcgplayer.com/product/275826_200w.jpg,3,3064,https://cpt.tcgcsv.com/xld3,2022-09-02T04:03:07.71,1,"Celebrate your journey as a Pokémon Trainer, and get ready for brand-new adventures with Charmander! The Kanto region’s first partner Pokémon is here as a playable promo card and gleaming enamel pin, along with booster packs from the Pokémon GO expansion so you can discover even more Pokémon friends!
<br>This product contains:
<br>• 1 foil promo card featuring Charmander
<br>• A collector’s pin featuring Charmander
<br>• 3 Pokémon TCG: Pokémon GO booster packs
<br>• A code card for Pokémon TCG Live",0820650850813,39.5,49.65,109.99,37.13,,Normal,,,,,,,,,,
275827,Pokemon GO Pin Collection [Squirtle],Pokemon GO Pin Collection Squirtle,https://tcgplayer-cdn.tcgplayer.com/product/275827_200w.jpg,3,3064,https://cpt.tcgcsv.com/zld3,2022-09-02T04:03:07.71,1,"Celebrate your journey as a Pokémon Trainer, and get ready for brand-new adventures with Squirtle! The Kanto region’s first partner Pokémon is here as a playable promo card and gleaming enamel pin, along with booster packs from the Pokémon GO expansion so you can discover even more Pokémon friends!
<br>This product contains:
<br>• 1 foil promo card featuring Squirtle
<br>• A collector’s pin featuring Squirtle
<br>• 3 Pokémon TCG: Pokémon GO booster packs
<br>• A code card for Pokémon TCG Live",0820650850813,41.99,48.48,99.99,42.97,,Normal,,,,,,,,,,
275842,Pokemon GO Premier Deck Holder Collection [Dragonite VSTAR],Pokemon GO Premier Deck Holder Collection Dragonite VSTAR,https://tcgplayer-cdn.tcgplayer.com/product/275842_200w.jpg,3,3064,https://cpt.tcgcsv.com/Sld3,2022-09-30T04:03:16.653,1,"An epic Raid Battle brings mighty rewards: a powerful Dragonite VSTAR for your collection and
a Premier Ball holder for your favorite deck! With a VSTAR Power that shares loads of Energy
with your Pokémon, Dragonite VSTAR soars to strategic heights, and you’ll receive it along with
Dragonite V in this special collection featuring the Pokémon TCG: Pokémon GO expansion. To top
it off, the sturdy Premier Ball case holds a fully sleeved deck of cards for an ultimate statement
of Pokémon Trainer style!
<br>The Pokémon TCG: Pokémon GO Premier Deck Holder Collection contains:
<br>• 1 etched foil promo card featuring Dragonite VSTAR
<br>• 1 foil promo card featuring Dragonite V
<br>• 1 deck holder shaped like a Premier Ball
<br>• 9 Pokémon GO booster packs
<br>• A code card for Pokémon TCG Live",0820650870798,69.99,80.0,380.0,78.12,,Normal,,,,,,,,,,
275845,Pokemon GO Pin Collection [Set of 3],Pokemon GO Pin Collection Set of 3,https://tcgplayer-cdn.tcgplayer.com/product/275845_200w.jpg,3,3064,https://cpt.tcgcsv.com/Wld3,2022-09-02T04:03:07.71,1,"This contains one of each style from the pin collection.
<br>• Pokémon GO Pin Collection [Bulbasaur]
<br>• Pokémon GO Pin Collection [Charmander]
<br>• Pokémon GO Pin Collection [Squirtle]",0820650850813,119.99,126.9,479.0,101.85,,Normal,,,,,,,,,,
630089,Pokemon Go Pokemon Center Elite Trainer Box Plus Case (Exclusive),Pokemon Go Pokemon Center Elite Trainer Box Plus Case Exclusive,https://tcgplayer-cdn.tcgplayer.com/product/630089_200w.jpg,3,3064,https://cpt.tcgcsv.com/P237,2025-05-06T14:10:14.52,0,"<em>(This product is the Pokemon Center Exclusive)</em>
<br><br>Each sealed Pokemon Center Elite Trainer Box case contains 4 Elite Trainer Boxes",,847.0,1334.98,1485.0,749.98,,Normal,,,,,,,,,,
675282,Pokemon GO V Battle Deck Bundle Case [Mewtwo V/Melmetal V],Pokemon GO V Battle Deck Bundle Case Mewtwo V Melmetal V,https://tcgplayer-cdn.tcgplayer.com/product/675282_200w.jpg,3,3064,https://cpt.tcgcsv.com/G7q7,2026-01-26T19:54:39.443,0,"Get ready for a major Pokémon battle with a ready-to-play double deck bundle—with extra Trainer cards! This set includes a deck for you and one for a friend. You can choose either Mewtwo V or Melmetal V to lead your team in a heads-up battle against another Trainer. Then, switch up the decks and see what things look like from the other side—can you win with both powerful Pokémon V?<br><br>

<strong> Case contains 6 Pokemon GO V Battle Deck Bundle [Mewtwo V/Melmetal V]</strong> <br><br>
The Pokémon TCG: Pokémon GO V Battle Deck—Mewtwo vs. Melmetal includes:
<br>
<br>The Pokemon TCG: V Battle Deck—Mewtwo vs. Melmetal  includes:
<br>• 2 ready-to-play V Battle Decks (60 cards each)
<br>• Each deck includes a foil Pokémon V: Mewtwo V or Melmetal V
<br>• 11 additional Trainer cards, including 5 foil cards
<br>• 2 Pokémon GO booster packs
<br>• Each booster pack contains 10 cards and either 1 basic Energy or 1 VSTAR marker. Cards vary by pack.
<br>• 1 sticker sheet
<br>• 2 large metallic coins
<br>• 2 deck boxes
<br>• 2 Quick Guides to unlock the strategies within
<br>• 2 single-player playmats
<br>• 6 reference cards
<br>• Damage counters
<br>• 1 guide to upgrading your decks
<br>• 1 code card for the Pokemon Trading Card Game Online",,,,,,,,,,,,,,,,,
